{"type":"FeatureCollection","licence":"ODbL-1.0","attribution":"\u00a9 OpenStreetMap contributors","licence_url":"https://www.openstreetmap.org/copyright","retrieved_at":"2026-09-14","note":"Derived CBD footprint subset. Height basis is recorded per feature; this is not an authoritative 3D model.","features":[{"type":"Feature","id":32342169,"properties":{"osm_id":32342169,"name":"National Museum of Singapore","height_m":12,"height_basis":"illustrative-default","source_id":"osm-cbd-buildings"},"geometry":{"type":"Polygon","coordinates":[[[103.8479744,1.2970988],[103.8482436,1.2967733],[103.8482102,1.2967457],[103.8481518,1.2966974],[103.847963,1.2969304],[103.8478261,1.2968195],[103.8478832,1.296749],[103.8478522,1.2967239],[103.8477875,1.2966715],[103.8478748,1.2965637],[103.8479419,1.296618],[103.8479706,1.2966412],[103.8480087,1.2965941],[103.8481669,1.296399],[103.8482011,1.2964266],[103.8484021,1.2961802],[103.8483987,1.2961548],[103.8484059,1.2961128],[103.8484295,1.2960747],[103.8484697,1.2960471],[103.8485159,1.2960387],[103.8485578,1.2960479],[103.8485912,1.2960698],[103.8486177,1.2961079],[103.8486268,1.2961547],[103.8486207,1.2961896],[103.8486049,1.2962199],[103.8486451,1.2962531],[103.848664,1.2962688],[103.8489347,1.2959417],[103.8490358,1.2960253],[103.8489688,1.2961063],[103.8489592,1.2960984],[103.8487592,1.2963401],[103.8487699,1.296349],[103.8487007,1.2964326],[103.8486897,1.2964235],[103.8486002,1.2965315],[103.8485729,1.2965647],[103.8486465,1.2966257],[103.8486829,1.2965816],[103.8487171,1.2966099],[103.8487953,1.2965154],[103.8487863,1.296508],[103.8488572,1.2964223],[103.8489615,1.2965085],[103.8488896,1.2965954],[103.84888,1.2965873],[103.8488043,1.2966788],[103.8488362,1.2967051],[103.8488142,1.2967313],[103.8488602,1.2967695],[103.8488175,1.2968211],[103.8487754,1.2968718],[103.8487294,1.2968336],[103.8487085,1.2968585],[103.8486761,1.296832],[103.8485966,1.2969282],[103.8486065,1.2969364],[103.8485391,1.2970179],[103.8484346,1.2969315],[103.8485023,1.2968496],[103.8485124,1.296858],[103.8485916,1.2967622],[103.8485569,1.2967338],[103.848595,1.2966877],[103.8485202,1.2966259],[103.8483326,1.2968527],[103.848267,1.2969319],[103.8483174,1.2969736],[103.8482506,1.2970544],[103.848201,1.2970133],[103.8481363,1.2970916],[103.8481456,1.2970993],[103.8480763,1.2971831],[103.8479744,1.2970988]]]}},{"type":"Feature","id":39487263,"properties":{"osm_id":39487263,"name":"Raffles City Shopping Centre","height_m":30.0,"height_basis":"osm-height","source_id":"osm-cbd-buildings"},"geometry":{"type":"Polygon","coordinates":[[[103.8541986,1.2941546],[103.8542392,1.2940623],[103.8542128,1.2939081],[103.854145,1.2937895],[103.8540343,1.2937778],[103.8537478,1.2933452],[103.8536328,1.2931714],[103.8536494,1.2931428],[103.8535646,1.2930575],[103.8534739,1.2930198],[103.8533501,1.2930213],[103.8532132,1.2931056],[103.8531615,1.2932116],[103.8531345,1.2932306],[103.8530764,1.2932715],[103.8525471,1.293644],[103.8524779,1.2937302],[103.8524635,1.2938126],[103.8524711,1.2938841],[103.8530804,1.2947328],[103.8531643,1.294778],[103.8532973,1.2947762],[103.8533946,1.294723],[103.8536546,1.2945337],[103.8538983,1.2943444],[103.8540411,1.294236],[103.8540626,1.2942209],[103.8541112,1.2942287],[103.8541986,1.2941546]]]}},{"type":"Feature","id":44414529,"properties":{"osm_id":44414529,"name":"Carlton Hotel Singapore","height_m":12,"height_basis":"illustrative-default","source_id":"osm-cbd-buildings"},"geometry":{"type":"Polygon","coordinates":[[[103.8521976,1.2960143],[103.8527741,1.2966411],[103.8527957,1.2966566],[103.8528223,1.2966628],[103.852847,1.2966608],[103.8528718,1.2966539],[103.8528919,1.2966403],[103.8529038,1.2966264],[103.8529155,1.2966064],[103.8529233,1.2965818],[103.8529216,1.2965604],[103.8529169,1.2965342],[103.8528781,1.2964627],[103.8527329,1.2962447],[103.8527374,1.2962037],[103.8527639,1.2961799],[103.8529782,1.2960187],[103.8529873,1.2960328],[103.8531823,1.2958737],[103.8532978,1.2957832],[103.8532766,1.2957561],[103.8533478,1.2956996],[103.8531884,1.295499],[103.8531672,1.2955177],[103.8531641,1.2954823],[103.8531492,1.29545],[103.8531242,1.2954247],[103.8530922,1.2954094],[103.8530568,1.2954057],[103.8530223,1.2954143],[103.8529928,1.295434],[103.8529716,1.2954625],[103.8529613,1.2954965],[103.8529261,1.2954527],[103.8527244,1.2956064],[103.8527676,1.2956631],[103.8527327,1.2956897],[103.8526607,1.295597],[103.8523966,1.2957717],[103.8523367,1.2958149],[103.8522502,1.2958759],[103.852275,1.2959073],[103.8522551,1.2959008],[103.8522341,1.2959008],[103.8522141,1.2959072],[103.8521971,1.2959196],[103.8521848,1.2959366],[103.8521784,1.2959566],[103.8521785,1.2959775],[103.8521851,1.2959975],[103.8521976,1.2960143]]]}},{"type":"Feature","id":44414530,"properties":{"osm_id":44414530,"name":"Excelsior Hotel","height_m":84.0,"height_basis":"osm-height","source_id":"osm-cbd-buildings"},"geometry":{"type":"Polygon","coordinates":[[[103.8496573,1.2919231],[103.8497994,1.2918424],[103.8499737,1.2921491],[103.8498316,1.2922299],[103.8496573,1.2919231]]]}},{"type":"Feature","id":44414531,"properties":{"osm_id":44414531,"name":"Bras Basah Complex","height_m":20.0,"height_basis":"osm-height","source_id":"osm-cbd-buildings"},"geometry":{"type":"Polygon","coordinates":[[[103.853107,1.2970133],[103.8531753,1.2970924],[103.853437,1.2974166],[103.8542354,1.296767],[103.8538116,1.2962338],[103.8534562,1.2965206],[103.8531532,1.2967651],[103.8531105,1.2967122],[103.8530235,1.2967824],[103.8530538,1.2968199],[103.8530876,1.2968617],[103.8530279,1.2969098],[103.853107,1.2970133]]]}},{"type":"Feature","id":44414539,"properties":{"osm_id":44414539,"name":"National Library","height_m":90.0,"height_basis":"osm-height","source_id":"osm-cbd-buildings"},"geometry":{"type":"Polygon","coordinates":[[[103.8536792,1.2975425],[103.8538231,1.2977218],[103.8539036,1.297822],[103.853988,1.2980605],[103.8541623,1.2981866],[103.8542326,1.2982108],[103.854261,1.2981284],[103.8544556,1.2978774],[103.854605,1.2977714],[103.8546543,1.2977992],[103.8546974,1.2978236],[103.8547255,1.2978212],[103.8547986,1.2977842],[103.8548252,1.2977433],[103.8547914,1.2976124],[103.8546913,1.2974747],[103.8545659,1.2973022],[103.8543616,1.2970212],[103.8543447,1.2970244],[103.8543058,1.2970547],[103.8537087,1.2975196],[103.8536792,1.2975425]]]}},{"type":"Feature","id":44414594,"properties":{"osm_id":44414594,"name":"Havelock II","height_m":12,"height_basis":"illustrative-default","source_id":"osm-cbd-buildings"},"geometry":{"type":"Polygon","coordinates":[[[103.845136,1.2875248],[103.8456071,1.2872544],[103.8454962,1.2871194],[103.8452559,1.286841],[103.8452177,1.2868232],[103.8451836,1.2868164],[103.8451555,1.2868214],[103.8451175,1.2868355],[103.8450547,1.286855],[103.8450393,1.2868606],[103.8450115,1.2868732],[103.8447196,1.287033],[103.8446829,1.2870531],[103.845136,1.2875248]]]}},{"type":"Feature","id":45070947,"properties":{"osm_id":45070947,"name":"Traders Market","height_m":15.0,"height_basis":"osm-height","source_id":"osm-cbd-buildings"},"geometry":{"type":"Polygon","coordinates":[[[103.8463045,1.2909556],[103.8468357,1.2906101],[103.8467247,1.290437],[103.8461866,1.290332],[103.8461193,1.2905792],[103.8461692,1.2907409],[103.8463045,1.2909556]]]}},{"type":"Feature","id":45098517,"properties":{"osm_id":45098517,"name":"Afro Asia Building","height_m":23.0,"height_basis":"osm-height","source_id":"osm-cbd-buildings"},"geometry":{"type":"Polygon","coordinates":[[[103.8491243,1.2791861],[103.8493755,1.2790296],[103.8491566,1.2786784],[103.8491127,1.2787058],[103.8489054,1.2788349],[103.8491243,1.2791861]]]}},{"type":"Feature","id":45098518,"properties":{"osm_id":45098518,"name":"SGX Centre","height_m":9.600000000000001,"height_basis":"levels-estimate","source_id":"osm-cbd-buildings"},"geometry":{"type":"Polygon","coordinates":[[[103.850148,1.2800674],[103.8503769,1.2799246],[103.8495566,1.2785887],[103.849492,1.2784835],[103.84926,1.278622],[103.850148,1.2800674]]]}},{"type":"Feature","id":45098519,"properties":{"osm_id":45098519,"name":"Unnamed building","height_m":12,"height_basis":"illustrative-default","source_id":"osm-cbd-buildings"},"geometry":{"type":"Polygon","coordinates":[[[103.8480844,1.2774876],[103.8483413,1.2773352],[103.848013,1.276782],[103.8479822,1.2767301],[103.847909,1.2766066],[103.8478905,1.2765755],[103.8476336,1.2767279],[103.8477254,1.2768825],[103.8480844,1.2774876]]]}},{"type":"Feature","id":45098520,"properties":{"osm_id":45098520,"name":"Lau Pa Sat","height_m":12,"height_basis":"illustrative-default","source_id":"osm-cbd-buildings"},"geometry":{"type":"Polygon","coordinates":[[[103.85015,1.2806688],[103.8502188,1.2804212],[103.8504659,1.2802841],[103.8506867,1.2803714],[103.8508034,1.2805645],[103.850785,1.2806926],[103.8507689,1.2808049],[103.8506558,1.2808733],[103.8505444,1.2809406],[103.8503889,1.280907],[103.8502762,1.2808826],[103.8502091,1.2807689],[103.85015,1.2806688]]]}},{"type":"Feature","id":45098752,"properties":{"osm_id":45098752,"name":"The Foundry","height_m":15.0,"height_basis":"osm-height","source_id":"osm-cbd-buildings"},"geometry":{"type":"Polygon","coordinates":[[[103.8449322,1.2906764],[103.8454641,1.2914189],[103.8455772,1.2914437],[103.8455898,1.291435],[103.8457059,1.2913551],[103.8457114,1.2913513],[103.8457452,1.2911106],[103.8454814,1.2905681],[103.8452708,1.2904847],[103.8449154,1.2906431],[103.8449322,1.2906764]]]}},{"type":"Feature","id":46503590,"properties":{"osm_id":46503590,"name":"The Cathay","height_m":25.6,"height_basis":"levels-estimate","source_id":"osm-cbd-buildings"},"geometry":{"type":"Polygon","coordinates":[[[103.8479136,1.2999299],[103.8480669,1.2996828],[103.8480831,1.2995681],[103.8480771,1.2994303],[103.8480783,1.2993834],[103.8480459,1.2993833],[103.8480509,1.2993336],[103.8480098,1.299314],[103.8480185,1.2992075],[103.8480146,1.2991829],[103.8480009,1.2991646],[103.8479846,1.2991561],[103.8478579,1.2991324],[103.8477792,1.2991193],[103.8477741,1.2991344],[103.8477408,1.2991315],[103.8476902,1.2991582],[103.8475643,1.2992264],[103.8475589,1.2992599],[103.8474562,1.2992925],[103.8473668,1.2993328],[103.8472464,1.2994077],[103.8472575,1.2994338],[103.8473403,1.2996579],[103.8473475,1.2996775],[103.8473785,1.2996846],[103.8473536,1.2998402],[103.8478617,1.2999216],[103.8479136,1.2999299]]]}},{"type":"Feature","id":46521250,"properties":{"osm_id":46521250,"name":"MacDonald House","height_m":40.0,"height_basis":"osm-height","source_id":"osm-cbd-buildings"},"geometry":{"type":"Polygon","coordinates":[[[103.8459152,1.299151],[103.8462906,1.2990274],[103.8463762,1.2992871],[103.8460007,1.2994107],[103.8459152,1.299151]]]}},{"type":"Feature","id":46522839,"properties":{"osm_id":46522839,"name":"School of Economics & School of Computing and Information Systems (2)","height_m":26.0,"height_basis":"osm-height","source_id":"osm-cbd-buildings"},"geometry":{"type":"Polygon","coordinates":[[[103.8484824,1.2979834],[103.8484695,1.2979437],[103.8484725,1.2978867],[103.8485023,1.29784],[103.8485469,1.2978039],[103.8485703,1.2978306],[103.848581,1.2978246],[103.8485404,1.2977749],[103.8489981,1.2974031],[103.8490805,1.2975059],[103.8491128,1.2975612],[103.8491216,1.2975571],[103.84918,1.2976762],[103.8491603,1.2976967],[103.8491825,1.2977201],[103.849213,1.2976972],[103.8492677,1.2977308],[103.8493457,1.2978366],[103.8487199,1.2983546],[103.8486308,1.2982556],[103.8486067,1.2981939],[103.848656,1.2981501],[103.8486284,1.2981199],[103.8486048,1.2980629],[103.8485649,1.2980546],[103.8485306,1.2980408],[103.8485043,1.2980173],[103.8484824,1.2979834]]]}},{"type":"Feature","id":46522840,"properties":{"osm_id":46522840,"name":"School of Computing and Information Systems 1","height_m":26.0,"height_basis":"osm-height","source_id":"osm-cbd-buildings"},"geometry":{"type":"Polygon","coordinates":[[[103.8495218,1.2976949],[103.8499476,1.2973456],[103.8498674,1.2972454],[103.8498899,1.2972272],[103.8497958,1.2972069],[103.8497582,1.2972347],[103.8497382,1.2972105],[103.8495901,1.2973319],[103.8495784,1.2973195],[103.8495895,1.2973074],[103.8495601,1.2972732],[103.8495452,1.2972813],[103.8495357,1.2972633],[103.8495606,1.2972438],[103.8495677,1.2972149],[103.8495601,1.2971997],[103.8495389,1.297187],[103.8495271,1.2971781],[103.8495081,1.2971796],[103.849492,1.2971683],[103.8494733,1.2971721],[103.8494555,1.2971625],[103.8494366,1.2971657],[103.8494188,1.2971576],[103.8494013,1.2971642],[103.8493823,1.297158],[103.8493656,1.2971654],[103.8493467,1.2971604],[103.8493276,1.2971679],[103.8493104,1.2971635],[103.8492646,1.2972125],[103.8492655,1.2972861],[103.8492855,1.297331],[103.8492457,1.2973619],[103.8493062,1.2974021],[103.8493346,1.2973786],[103.8493526,1.2974027],[103.8493346,1.2974234],[103.8493942,1.2975415],[103.8494064,1.2975347],[103.8494345,1.2975992],[103.8494406,1.2975964],[103.8495218,1.2976949]]]}},{"type":"Feature","id":46522841,"properties":{"osm_id":46522841,"name":"Li Ka Shing Library","height_m":30.0,"height_basis":"osm-height","source_id":"osm-cbd-buildings"},"geometry":{"type":"Polygon","coordinates":[[[103.8500449,1.2966068],[103.8501179,1.2966241],[103.850164,1.2966224],[103.8501988,1.2965909],[103.8502035,1.2964892],[103.8501865,1.2964201],[103.8501636,1.2963748],[103.8501216,1.2963285],[103.8501849,1.29627],[103.850285,1.296394],[103.8503073,1.2963716],[103.8503515,1.2964206],[103.8505327,1.2962964],[103.8502274,1.2958998],[103.8500673,1.2960221],[103.8499785,1.296143],[103.8499888,1.2961573],[103.8499692,1.2961746],[103.8499477,1.2961484],[103.8498491,1.2961865],[103.8498746,1.2962168],[103.8498223,1.2962309],[103.8497703,1.2962652],[103.8497623,1.2963248],[103.8497889,1.2963716],[103.8498289,1.2964243],[103.8499034,1.2965057],[103.8499688,1.2965547],[103.8500449,1.2966068]]]}},{"type":"Feature","id":46522842,"properties":{"osm_id":46522842,"name":"Hotel Rendezvous","height_m":48.0,"height_basis":"osm-height","source_id":"osm-cbd-buildings"},"geometry":{"type":"Polygon","coordinates":[[[103.8492244,1.2990417],[103.8493193,1.2989634],[103.8493003,1.2989453],[103.8492458,1.2988662],[103.8493342,1.2988017],[103.8493654,1.2988514],[103.8494172,1.298799],[103.8494619,1.2987315],[103.8494843,1.2986604],[103.8494229,1.2986468],[103.8494112,1.2985562],[103.8493927,1.2985055],[103.8493645,1.2984617],[103.8494941,1.2983506],[103.849536,1.2983506],[103.8496217,1.2984607],[103.8497172,1.2983847],[103.8497246,1.2983573],[103.8495187,1.2981221],[103.8492519,1.2983372],[103.8492027,1.2983769],[103.8491696,1.2983438],[103.8491172,1.2983875],[103.8489503,1.2985373],[103.8489363,1.2986633],[103.8489346,1.2986782],[103.8492058,1.2990199],[103.8492244,1.2990417]]]}},{"type":"Feature","id":46522843,"properties":{"osm_id":46522843,"name":"GR.ID","height_m":22.400000000000002,"height_basis":"levels-estimate","source_id":"osm-cbd-buildings"},"geometry":{"type":"Polygon","coordinates":[[[103.8491474,1.3004698],[103.8496005,1.3003403],[103.8494697,1.2999313],[103.8494206,1.299823],[103.8493432,1.2997086],[103.8491519,1.2997689],[103.8490195,1.2999171],[103.8489935,1.2999683],[103.8489812,1.3000163],[103.8489745,1.3001109],[103.8489884,1.3001628],[103.8490914,1.3004305],[103.8491106,1.3004804],[103.8491474,1.3004698]]]}},{"type":"Feature","id":46522845,"properties":{"osm_id":46522845,"name":"9 Penang Road","height_m":32.0,"height_basis":"levels-estimate","source_id":"osm-cbd-buildings"},"geometry":{"type":"Polygon","coordinates":[[[103.8446591,1.2981899],[103.8460892,1.2977497],[103.8460339,1.2976086],[103.8457036,1.2975278],[103.8456813,1.2975224],[103.8455299,1.297571],[103.8454262,1.297602],[103.8453636,1.297661],[103.8445611,1.2978719],[103.8445761,1.2979206],[103.8446591,1.2981899]]]}},{"type":"Feature","id":46522846,"properties":{"osm_id":46522846,"name":"YWCA Fort Canning Lodge","height_m":45.0,"height_basis":"osm-height","source_id":"osm-cbd-buildings"},"geometry":{"type":"Polygon","coordinates":[[[103.8447958,1.2977224],[103.8452869,1.297568],[103.8453371,1.2974673],[103.8453155,1.2973615],[103.8450138,1.2972187],[103.8448753,1.2972619],[103.8448635,1.297282],[103.8447864,1.2973065],[103.8447462,1.2973467],[103.8447599,1.2973608],[103.8447223,1.2976041],[103.8447266,1.2976197],[103.8447017,1.2976643],[103.8447234,1.2977449],[103.8447958,1.2977224]]]}},{"type":"Feature","id":46522848,"properties":{"osm_id":46522848,"name":"Young Mens Christian Association","height_m":22.400000000000002,"height_basis":"levels-estimate","source_id":"osm-cbd-buildings"},"geometry":{"type":"Polygon","coordinates":[[[103.8483786,1.2974806],[103.8483912,1.2974705],[103.8483745,1.2974496],[103.848321,1.2974921],[103.8482806,1.2974412],[103.8480014,1.297663],[103.8479161,1.2975558],[103.8478527,1.2976063],[103.8478261,1.2975729],[103.8478037,1.2975906],[103.8479557,1.2977818],[103.8479953,1.2978316],[103.8483557,1.2975451],[103.8483869,1.2975843],[103.8484081,1.2975675],[103.8484094,1.2975466],[103.8483885,1.2975204],[103.8484019,1.2975098],[103.8483786,1.2974806]]]}},{"type":"Feature","id":46529012,"properties":{"osm_id":46529012,"name":"Unnamed building","height_m":25.6,"height_basis":"levels-estimate","source_id":"osm-cbd-buildings"},"geometry":{"type":"Polygon","coordinates":[[[103.853754,1.299237],[103.8535854,1.2990355],[103.8536993,1.2989424],[103.8538656,1.2991434],[103.853754,1.299237]]]}},{"type":"Feature","id":46529040,"properties":{"osm_id":46529040,"name":"Sunshine Plaza","height_m":12.8,"height_basis":"levels-estimate","source_id":"osm-cbd-buildings"},"geometry":{"type":"Polygon","coordinates":[[[103.8507779,1.3008001],[103.8504746,1.3003973],[103.8504719,1.3003245],[103.8509941,1.2998966],[103.851064,1.299912],[103.851389,1.3002818],[103.8514089,1.3003314],[103.8514111,1.3003821],[103.8513825,1.3004366],[103.8508435,1.3008106],[103.8507779,1.3008001]]]}},{"type":"Feature","id":46594815,"properties":{"osm_id":46594815,"name":"Unnamed building","height_m":16.0,"height_basis":"osm-height","source_id":"osm-cbd-buildings"},"geometry":{"type":"Polygon","coordinates":[[[103.8596994,1.2908566],[103.8597892,1.2908038],[103.8597841,1.2907952],[103.8599668,1.2906875],[103.8600471,1.2906401],[103.8600889,1.2907111],[103.8600537,1.2907318],[103.8601561,1.2909054],[103.8603355,1.2907996],[103.8602312,1.2906227],[103.8601964,1.2906433],[103.8601565,1.2905756],[103.8602392,1.2905269],[103.8604466,1.2904046],[103.86045,1.2904102],[103.8605315,1.2903622],[103.8604554,1.2902288],[103.8603718,1.2902779],[103.860163,1.2903986],[103.8600816,1.2904466],[103.8600615,1.2904122],[103.860148,1.2903595],[103.8601772,1.2902492],[103.8601702,1.2901579],[103.8601385,1.290161],[103.8600837,1.2901646],[103.8600931,1.2902865],[103.8600224,1.290331],[103.8599763,1.2902578],[103.8598579,1.2903301],[103.8599026,1.2904014],[103.8598287,1.2904478],[103.8597113,1.2903934],[103.8596934,1.2904352],[103.8596741,1.2904738],[103.8597652,1.2905161],[103.8598656,1.2905229],[103.8599494,1.2904759],[103.8599702,1.2905099],[103.8598896,1.2905568],[103.8597056,1.2906621],[103.8596171,1.2907153],[103.8596994,1.2908566]]]}},{"type":"Feature","id":46594816,"properties":{"osm_id":46594816,"name":"Mandarin Oriental Hotel","height_m":12,"height_basis":"illustrative-default","source_id":"osm-cbd-buildings"},"geometry":{"type":"Polygon","coordinates":[[[103.8584163,1.2902082],[103.8578697,1.2905308],[103.8579174,1.2906117],[103.8579351,1.2906417],[103.8582095,1.2911115],[103.8585858,1.2908841],[103.858627,1.2908596],[103.8586843,1.290826],[103.8587561,1.2907836],[103.8584163,1.2902082]]]}},{"type":"Feature","id":46594818,"properties":{"osm_id":46594818,"name":"Unnamed building","height_m":33.0,"height_basis":"osm-height","source_id":"osm-cbd-buildings"},"geometry":{"type":"Polygon","coordinates":[[[103.8572313,1.2944358],[103.8573038,1.2945639],[103.8573044,1.2946102],[103.8572856,1.2946557],[103.8572884,1.2947334],[103.8573112,1.2947899],[103.8573562,1.2948453],[103.8574083,1.2948825],[103.8574557,1.2948954],[103.8575113,1.2948987],[103.8575547,1.2948895],[103.857585,1.2948826],[103.8576435,1.2948464],[103.8576703,1.2948093],[103.8576894,1.294781],[103.8576982,1.2947455],[103.8576986,1.2947115],[103.8576911,1.2946669],[103.8576695,1.2946288],[103.8576387,1.2945829],[103.8576059,1.2945581],[103.8575776,1.2945401],[103.8575297,1.2945263],[103.8574899,1.2945208],[103.8574312,1.2945153],[103.857399,1.2944947],[103.8573342,1.2943768],[103.8573063,1.2943928],[103.8572771,1.2944095],[103.8572313,1.2944358]]]}},{"type":"Feature","id":46594819,"properties":{"osm_id":46594819,"name":"Singapore Recreation Club","height_m":9.600000000000001,"height_basis":"levels-estimate","source_id":"osm-cbd-buildings"},"geometry":{"type":"Polygon","coordinates":[[[103.8533667,1.2922374],[103.8534335,1.2922038],[103.8534855,1.292307],[103.8536098,1.2922445],[103.8536213,1.2922674],[103.8536817,1.2922371],[103.8537043,1.2922819],[103.8537963,1.2922356],[103.8538263,1.2922987],[103.8538932,1.2922655],[103.8538644,1.2922014],[103.853955,1.2921558],[103.8539296,1.2921052],[103.8539843,1.2920777],[103.8539741,1.2920574],[103.8541023,1.2919929],[103.85404,1.291869],[103.8540979,1.2918399],[103.8540702,1.2917849],[103.8533271,1.2921585],[103.8533667,1.2922374]]]}},{"type":"Feature","id":46594820,"properties":{"osm_id":46594820,"name":"Singapore Cricket Club","height_m":15.0,"height_basis":"osm-height","source_id":"osm-cbd-buildings"},"geometry":{"type":"Polygon","coordinates":[[[103.8518616,1.2892456],[103.8520651,1.2891409],[103.8520842,1.2890469],[103.8521912,1.2889824],[103.8522649,1.2890124],[103.8524635,1.2888987],[103.8524401,1.2888613],[103.85246,1.2888503],[103.8524195,1.2887806],[103.8524046,1.2887968],[103.8523846,1.2887623],[103.8522408,1.2888414],[103.8522638,1.2888766],[103.8522081,1.2888594],[103.8521605,1.2887708],[103.8521104,1.288807],[103.8520954,1.2887918],[103.852054,1.288814],[103.8520282,1.2887615],[103.8519784,1.2887882],[103.8520037,1.2888408],[103.8519687,1.2888596],[103.8519832,1.2888819],[103.8519192,1.2889142],[103.8519724,1.2889973],[103.8519561,1.2890626],[103.851935,1.289024],[103.8517951,1.2891004],[103.8518091,1.2891379],[103.8517852,1.2891531],[103.8518344,1.2892298],[103.8518487,1.2892211],[103.8518616,1.2892456]]]}},{"type":"Feature","id":46594821,"properties":{"osm_id":46594821,"name":"One Raffles Link","height_m":40.0,"height_basis":"osm-height","source_id":"osm-cbd-buildings"},"geometry":{"type":"Polygon","coordinates":[[[103.8560357,1.2927702],[103.856159,1.292698],[103.8561872,1.2927473],[103.8562407,1.2927313],[103.8562196,1.2926625],[103.8563042,1.2926129],[103.8561968,1.2924663],[103.8561179,1.2923346],[103.8560576,1.2921417],[103.85605,1.2921173],[103.8560397,1.292084],[103.8558051,1.2913244],[103.8555117,1.2915653],[103.8555424,1.291619],[103.8554556,1.291673],[103.8554595,1.2916802],[103.8554452,1.2916876],[103.8554608,1.2917153],[103.8554526,1.2917199],[103.8554396,1.2917271],[103.8559407,1.2926181],[103.8560357,1.2927702]]]}},{"type":"Feature","id":46594825,"properties":{"osm_id":46594825,"name":"Supreme Court of Singapore","height_m":16.0,"height_basis":"levels-estimate","source_id":"osm-cbd-buildings"},"geometry":{"type":"Polygon","coordinates":[[[103.8506388,1.2910206],[103.8507083,1.2909796],[103.8511556,1.2907299],[103.8512363,1.2906825],[103.8510946,1.2904284],[103.8507311,1.2897684],[103.8501762,1.2901977],[103.8506388,1.2910206]]]}},{"type":"Feature","id":46594826,"properties":{"osm_id":46594826,"name":"Unnamed building","height_m":12,"height_basis":"illustrative-default","source_id":"osm-cbd-buildings"},"geometry":{"type":"Polygon","coordinates":[[[103.8492342,1.2912982],[103.849507,1.2911302],[103.8495163,1.2911451],[103.8495384,1.2911323],[103.8495419,1.2911394],[103.8495658,1.2911266],[103.8501526,1.2907592],[103.8501836,1.2907414],[103.8500784,1.2905549],[103.8500156,1.2904437],[103.8499564,1.2904224],[103.8497745,1.290558],[103.8497287,1.2905921],[103.8496074,1.2906825],[103.8494235,1.2908155],[103.8493312,1.2908857],[103.8492738,1.2909293],[103.8491623,1.2910141],[103.849158,1.2911259],[103.8492342,1.2912982]]]}},{"type":"Feature","id":46594829,"properties":{"osm_id":46594829,"name":"SMRT Headquarters","height_m":24.0,"height_basis":"osm-height","source_id":"osm-cbd-buildings"},"geometry":{"type":"Polygon","coordinates":[[[103.8520165,1.293938],[103.8520374,1.2939675],[103.8520718,1.2939878],[103.8521073,1.2939883],[103.8521451,1.2939753],[103.8522283,1.2941067],[103.8521298,1.2941698],[103.8521478,1.2941979],[103.8521156,1.2942166],[103.8520835,1.2941657],[103.8520164,1.2941925],[103.85207,1.2942703],[103.8520109,1.2943089],[103.8519574,1.2942354],[103.8517723,1.2943373],[103.8518286,1.2944204],[103.8517643,1.2944633],[103.8516556,1.2942794],[103.8515148,1.2943561],[103.8511822,1.2945411],[103.8511795,1.2945787],[103.8512198,1.2945867],[103.8512144,1.294643],[103.8511742,1.2946403],[103.8511742,1.2946859],[103.8512439,1.2947476],[103.8515953,1.2945545],[103.8516516,1.2946591],[103.8513682,1.294814],[103.8514181,1.2948983],[103.8512982,1.2949716],[103.8509576,1.2946265],[103.8509741,1.2945246],[103.8520165,1.293938]]]}},{"type":"Feature","id":46594830,"properties":{"osm_id":46594830,"name":"Capitol Building","height_m":34.0,"height_basis":"osm-height","source_id":"osm-cbd-buildings"},"geometry":{"type":"Polygon","coordinates":[[[103.851224,1.2940368],[103.8518101,1.293632],[103.8518081,1.2936],[103.8518034,1.2935223],[103.8518328,1.2934637],[103.8518417,1.293446],[103.8516619,1.293127],[103.8515497,1.2932],[103.8516743,1.293419],[103.8516471,1.293557],[103.8511505,1.2938953],[103.851224,1.2940368]]]}},{"type":"Feature","id":46594831,"properties":{"osm_id":46594831,"name":"Capitol Singapore","height_m":55.0,"height_basis":"osm-height","source_id":"osm-cbd-buildings"},"geometry":{"type":"Polygon","coordinates":[[[103.8509325,1.2934205],[103.8513562,1.2931634],[103.8513145,1.293113],[103.8512867,1.2930423],[103.851295,1.2929842],[103.8513589,1.2929101],[103.8514263,1.2928708],[103.8512731,1.2926042],[103.8506577,1.2929973],[103.8509325,1.2934205]]]}},{"type":"Feature","id":46594832,"properties":{"osm_id":46594832,"name":"Peninsula Plaza","height_m":12,"height_basis":"illustrative-default","source_id":"osm-cbd-buildings"},"geometry":{"type":"Polygon","coordinates":[[[103.8507679,1.2927438],[103.8510394,1.2925852],[103.8510578,1.2926152],[103.8511203,1.2925769],[103.8511117,1.2925629],[103.8511019,1.2925468],[103.8512217,1.2924753],[103.8508993,1.2919096],[103.8506441,1.2920555],[103.8506011,1.2920801],[103.850436,1.2921745],[103.8507679,1.2927438]]]}},{"type":"Feature","id":46595137,"properties":{"osm_id":46595137,"name":"Suntec City","height_m":20.0,"height_basis":"osm-height","source_id":"osm-cbd-buildings"},"geometry":{"type":"Polygon","coordinates":[[[103.8583577,1.2956717],[103.8581136,1.295804],[103.8576842,1.2950672],[103.8576745,1.2950505],[103.857639,1.2949839],[103.8576598,1.29492],[103.8576435,1.2948464],[103.8576703,1.2948093],[103.8576894,1.294781],[103.8576982,1.2947455],[103.8576986,1.2947115],[103.8576911,1.2946669],[103.8576695,1.2946288],[103.8576387,1.2945829],[103.8576059,1.2945581],[103.8575776,1.2945401],[103.8575297,1.2945263],[103.8574899,1.2945208],[103.8573941,1.2943425],[103.8574281,1.294323],[103.8575387,1.2942597],[103.8576986,1.2941682],[103.8577781,1.2943302],[103.8576107,1.2944258],[103.8578746,1.2948878],[103.8579425,1.294849],[103.8579738,1.2949032],[103.858223,1.2953347],[103.8581839,1.2953562],[103.8582757,1.2955228],[103.8583577,1.2956717]]]}},{"type":"Feature","id":46595138,"properties":{"osm_id":46595138,"name":"Conrad Centennial","height_m":24.0,"height_basis":"osm-height","source_id":"osm-cbd-buildings"},"geometry":{"type":"Polygon","coordinates":[[[103.8583186,1.2932146],[103.858328,1.2933151],[103.8583824,1.2933114],[103.8584751,1.2935498],[103.85863,1.2937079],[103.8586896,1.2937022],[103.8588964,1.2936803],[103.859018,1.2936673],[103.8590491,1.2936422],[103.8590867,1.2935187],[103.859144,1.2933556],[103.8591822,1.2933268],[103.8591738,1.2932614],[103.8591966,1.2932044],[103.8591953,1.2931723],[103.8587778,1.2931946],[103.8583186,1.2932146]]]}},{"type":"Feature","id":46595145,"properties":{"osm_id":46595145,"name":"Suntec Tower 5","height_m":12,"height_basis":"illustrative-default","source_id":"osm-cbd-buildings"},"geometry":{"type":"Polygon","coordinates":[[[103.8578746,1.2948878],[103.8576107,1.2944258],[103.8577781,1.2943302],[103.8580698,1.2941636],[103.8583337,1.2946257],[103.8581381,1.2947374],[103.8579425,1.294849],[103.8578746,1.2948878]]]}},{"type":"Feature","id":46595146,"properties":{"osm_id":46595146,"name":"Suntec Tower 1","height_m":12,"height_basis":"illustrative-default","source_id":"osm-cbd-buildings"},"geometry":{"type":"Polygon","coordinates":[[[103.8581839,1.2953562],[103.8582757,1.2955228],[103.8583577,1.2956717],[103.8585352,1.295574],[103.8585789,1.2955499],[103.8587075,1.2954791],[103.8586158,1.2953127],[103.8585337,1.2951636],[103.8583643,1.2952569],[103.858223,1.2953347],[103.8581839,1.2953562]]]}},{"type":"Feature","id":46595147,"properties":{"osm_id":46595147,"name":"Suntec Tower 2","height_m":12,"height_basis":"illustrative-default","source_id":"osm-cbd-buildings"},"geometry":{"type":"Polygon","coordinates":[[[103.8592554,1.2956863],[103.8591649,1.2955213],[103.8590802,1.2953669],[103.8589136,1.2954583],[103.8587279,1.2955602],[103.8587572,1.2956136],[103.8588155,1.2957198],[103.8589031,1.2958795],[103.8590694,1.2957883],[103.8592014,1.2957159],[103.8592554,1.2956863]]]}},{"type":"Feature","id":46595148,"properties":{"osm_id":46595148,"name":"Suntec Tower 3","height_m":12,"height_basis":"illustrative-default","source_id":"osm-cbd-buildings"},"geometry":{"type":"Polygon","coordinates":[[[103.8595232,1.2955071],[103.8595704,1.29548],[103.8597325,1.295387],[103.8598768,1.2953042],[103.8597855,1.2951453],[103.859717,1.2950259],[103.859675,1.2949528],[103.8594784,1.2950656],[103.8593214,1.2951557],[103.8594118,1.2953131],[103.8595232,1.2955071]]]}},{"type":"Feature","id":46595384,"properties":{"osm_id":46595384,"name":"HSBC","height_m":95.0,"height_basis":"osm-height","source_id":"osm-cbd-buildings"},"geometry":{"type":"Polygon","coordinates":[[[103.8526426,1.2852859],[103.8529551,1.2851907],[103.852994,1.2851719],[103.8530195,1.2851344],[103.8530289,1.2850807],[103.8530329,1.2850231],[103.8529806,1.2848836],[103.8526279,1.2849788],[103.852589,1.2850995],[103.8526426,1.2852859]]]}},{"type":"Feature","id":46595385,"properties":{"osm_id":46595385,"name":"Tung Centre","height_m":55.0,"height_basis":"osm-height","source_id":"osm-cbd-buildings"},"geometry":{"type":"Polygon","coordinates":[[[103.8525986,1.284584],[103.8525729,1.2846075],[103.8525567,1.2846478],[103.8525557,1.2846975],[103.8525663,1.2847467],[103.8525887,1.2847817],[103.8526215,1.2848068],[103.8526593,1.2848313],[103.8526934,1.2848376],[103.8527721,1.2848335],[103.8528081,1.2848197],[103.8528457,1.2847937],[103.8528686,1.2847561],[103.8528822,1.2847161],[103.8528864,1.2846623],[103.8528767,1.2846088],[103.8527861,1.284409],[103.8525482,1.2844568],[103.8525986,1.284584]]]}},{"type":"Feature","id":46595390,"properties":{"osm_id":46595390,"name":"Asian Civilisations Museum","height_m":15.0,"height_basis":"osm-height","source_id":"osm-cbd-buildings"},"geometry":{"type":"Polygon","coordinates":[[[103.8511479,1.2880074],[103.8512721,1.2879201],[103.8511328,1.2877223],[103.8513,1.2876058],[103.8513007,1.2876067],[103.8514002,1.287748],[103.8515074,1.2876725],[103.851546,1.2877274],[103.8515909,1.2876958],[103.8514816,1.2875405],[103.8516679,1.2874094],[103.8517079,1.2874662],[103.8518392,1.2873739],[103.8517972,1.2873142],[103.8519192,1.2872283],[103.8518938,1.2871922],[103.8519486,1.2871537],[103.8518541,1.2870195],[103.8517993,1.287058],[103.8517724,1.2870199],[103.8516539,1.2871033],[103.8515084,1.2868966],[103.8515004,1.2868852],[103.8513656,1.28698],[103.8514221,1.2870596],[103.851241,1.2871863],[103.8513737,1.2873758],[103.8515548,1.2872491],[103.8515823,1.2872878],[103.8513522,1.2874497],[103.8512545,1.287311],[103.8511462,1.2873873],[103.8512098,1.2874776],[103.8510974,1.2875567],[103.8509819,1.2873927],[103.8509104,1.287443],[103.8509943,1.2875622],[103.8508935,1.2876331],[103.8509582,1.2877249],[103.8508908,1.2877723],[103.8509455,1.28785],[103.8510067,1.2878069],[103.8511479,1.2880074]]]}},{"type":"Feature","id":46595394,"properties":{"osm_id":46595394,"name":"One Fullerton","height_m":12.0,"height_basis":"osm-height","source_id":"osm-cbd-buildings"},"geometry":{"type":"Polygon","coordinates":[[[103.8540754,1.2864584],[103.8541376,1.2865277],[103.8542278,1.2865276],[103.8543117,1.2864598],[103.8543212,1.286365],[103.8541779,1.2859705],[103.8541156,1.2857988],[103.8540457,1.2856064],[103.8540444,1.2856029],[103.8539494,1.2853413],[103.8538517,1.2850723],[103.8537938,1.2850498],[103.853735,1.2850468],[103.8536758,1.2850712],[103.853632,1.2851157],[103.8536276,1.2851887],[103.8536992,1.2853916],[103.8537729,1.2856008],[103.8538867,1.2859234],[103.853924,1.286029],[103.8539411,1.2860775],[103.8540754,1.2864584]]]}},{"type":"Feature","id":46595395,"properties":{"osm_id":46595395,"name":"The Fullerton Hotel","height_m":25.0,"height_basis":"osm-height","source_id":"osm-cbd-buildings"},"geometry":{"type":"Polygon","coordinates":[[[103.8527136,1.2862226],[103.8527127,1.2862881],[103.8527118,1.2863536],[103.8527497,1.2864132],[103.8528883,1.2866487],[103.8529382,1.2867335],[103.852989,1.2867908],[103.853154,1.2867855],[103.8532303,1.2867407],[103.8532314,1.2866979],[103.853254,1.286693],[103.8532611,1.2864877],[103.8533104,1.286488],[103.8533096,1.2864372],[103.8533837,1.2864362],[103.8534137,1.2863679],[103.8534236,1.2862849],[103.8534191,1.2861811],[103.853384,1.2860833],[103.8533059,1.2860838],[103.8533044,1.2860351],[103.8532499,1.2860352],[103.8532311,1.2857608],[103.853208,1.2857594],[103.8532041,1.2857133],[103.8531708,1.2857124],[103.8531787,1.2856683],[103.8530893,1.2856502],[103.8530004,1.2856321],[103.8529923,1.2856769],[103.8529561,1.2856689],[103.8529021,1.2857877],[103.8528783,1.2857767],[103.8527173,1.2861348],[103.8527517,1.2861548],[103.8527136,1.2862226]]]}},{"type":"Feature","id":46595418,"properties":{"osm_id":46595418,"name":"Singapore Land Tower","height_m":190.0,"height_basis":"osm-height","source_id":"osm-cbd-buildings"},"geometry":{"type":"Polygon","coordinates":[[[103.851766,1.2847431],[103.8518968,1.2848462],[103.8520499,1.2849667],[103.8522713,1.2846856],[103.8519874,1.2844621],[103.851766,1.2847431]]]}},{"type":"Feature","id":46595597,"properties":{"osm_id":46595597,"name":"Old City Hall","height_m":25.0,"height_basis":"osm-height","source_id":"osm-cbd-buildings"},"geometry":{"type":"Polygon","coordinates":[[[103.8517344,1.2912654],[103.8521069,1.2910546],[103.8522286,1.2909857],[103.8521522,1.2908507],[103.8521369,1.2908593],[103.8517723,1.2902153],[103.8517868,1.2902071],[103.8516918,1.2900394],[103.8516503,1.2899661],[103.8514803,1.2900623],[103.8512518,1.2901916],[103.8511567,1.2902454],[103.8517344,1.2912654]]]}},{"type":"Feature","id":47126588,"properties":{"osm_id":47126588,"name":"Unnamed building","height_m":150.0,"height_basis":"osm-height","source_id":"osm-cbd-buildings"},"geometry":{"type":"Polygon","coordinates":[[[103.8591816,1.299184],[103.8591788,1.298832],[103.8595364,1.2984756],[103.8595364,1.2986109],[103.8594918,1.298654],[103.8595364,1.2986953],[103.8595364,1.2988296],[103.8591816,1.299184]]]}},{"type":"Feature","id":47126589,"properties":{"osm_id":47126589,"name":"Unnamed building","height_m":150.0,"height_basis":"osm-height","source_id":"osm-cbd-buildings"},"geometry":{"type":"Polygon","coordinates":[[[103.8588679,1.2985199],[103.8592217,1.2981633],[103.8590814,1.2981643],[103.8590373,1.2982084],[103.8589938,1.2981649],[103.8588626,1.2981659],[103.8585103,1.2985235],[103.8588679,1.2985199]]]}},{"type":"Feature","id":47134210,"properties":{"osm_id":47134210,"name":"The Plaza","height_m":12.8,"height_basis":"levels-estimate","source_id":"osm-cbd-buildings"},"geometry":{"type":"Polygon","coordinates":[[[103.8597508,1.2997687],[103.8598707,1.299855],[103.8600498,1.2996063],[103.8601985,1.2997134],[103.8603053,1.299565],[103.8603732,1.2994708],[103.8605013,1.2992929],[103.8605575,1.2992148],[103.8606011,1.2991543],[103.8603325,1.298961],[103.8597508,1.2997687]]]}},{"type":"Feature","id":47134224,"properties":{"osm_id":47134224,"name":"PARKROYAL on Beach Road","height_m":19.200000000000003,"height_basis":"levels-estimate","source_id":"osm-cbd-buildings"},"geometry":{"type":"Polygon","coordinates":[[[103.8600283,1.2999294],[103.8602041,1.2999527],[103.860389,1.3000052],[103.8603359,1.3000738],[103.8603108,1.3001062],[103.8605314,1.3002748],[103.8605721,1.3002299],[103.8606198,1.3001773],[103.8607591,1.3003134],[103.8608566,1.3004425],[103.8610253,1.3006762],[103.8611687,1.300601],[103.8609857,1.3003338],[103.8608261,1.3001458],[103.8606432,1.29997],[103.8604684,1.2998684],[103.8602793,1.2997973],[103.8600385,1.2997566],[103.8600283,1.2999294]]]}},{"type":"Feature","id":47298639,"properties":{"osm_id":47298639,"name":"Maxwell Food Center","height_m":20.0,"height_basis":"osm-height","source_id":"osm-cbd-buildings"},"geometry":{"type":"Polygon","coordinates":[[[103.8443594,1.2805048],[103.8444733,1.2806043],[103.8444407,1.2806417],[103.8444741,1.2806708],[103.8445125,1.2807043],[103.8445466,1.2806653],[103.8446415,1.2807481],[103.8446894,1.2806932],[103.8448545,1.2805041],[103.8451193,1.2802008],[103.8449734,1.2800734],[103.8448387,1.2799559],[103.8445717,1.2802617],[103.8443594,1.2805048]]]}},{"type":"Feature","id":47299042,"properties":{"osm_id":47299042,"name":"Fook Hai Building","height_m":32.0,"height_basis":"osm-height","source_id":"osm-cbd-buildings"},"geometry":{"type":"Polygon","coordinates":[[[103.8462736,1.2852522],[103.8463198,1.2852635],[103.8467241,1.285041],[103.8467511,1.2849645],[103.8466138,1.2847097],[103.8465356,1.2846857],[103.8461187,1.2849472],[103.8461158,1.2849792],[103.8462736,1.2852522]]]}},{"type":"Feature","id":47300926,"properties":{"osm_id":47300926,"name":"Great Eastern Centre","height_m":12,"height_basis":"illustrative-default","source_id":"osm-cbd-buildings"},"geometry":{"type":"Polygon","coordinates":[[[103.8472244,1.2852908],[103.8474347,1.2851678],[103.8480018,1.284836],[103.8482352,1.2846995],[103.848315,1.2846528],[103.8481433,1.2843594],[103.8470527,1.2849975],[103.8472244,1.2852908]]]}},{"type":"Feature","id":47300929,"properties":{"osm_id":47300929,"name":"18 Cross","height_m":80.0,"height_basis":"osm-height","source_id":"osm-cbd-buildings"},"geometry":{"type":"Polygon","coordinates":[[[103.8468447,1.2837965],[103.847151,1.2836141],[103.8475208,1.2833939],[103.8473752,1.2831499],[103.8473764,1.2831389],[103.847374,1.2831282],[103.8473682,1.2831189],[103.8473597,1.2831119],[103.8473494,1.283108],[103.8473405,1.2830936],[103.8472652,1.2830747],[103.846634,1.2834489],[103.8462937,1.2836402],[103.8462761,1.2836992],[103.8464614,1.284021],[103.8468447,1.2837965]]]}},{"type":"Feature","id":47300930,"properties":{"osm_id":47300930,"name":"One George Street","height_m":12,"height_basis":"illustrative-default","source_id":"osm-cbd-buildings"},"geometry":{"type":"Polygon","coordinates":[[[103.8477476,1.2861805],[103.8478498,1.2861204],[103.8479953,1.2860348],[103.8481964,1.2859165],[103.8478321,1.2852975],[103.847631,1.2854158],[103.8474854,1.2855014],[103.8473833,1.2855615],[103.8477476,1.2861805]]]}},{"type":"Feature","id":47345002,"properties":{"osm_id":47345002,"name":"Bharat Building","height_m":43.0,"height_basis":"osm-height","source_id":"osm-cbd-buildings"},"geometry":{"type":"Polygon","coordinates":[[[103.8510271,1.2832628],[103.8510494,1.2835853],[103.8510506,1.2836093],[103.8511642,1.2836096],[103.8512161,1.283556],[103.851212,1.2834829],[103.8511747,1.2834566],[103.8511132,1.283452],[103.8511014,1.2833149],[103.8512111,1.2833078],[103.8512113,1.28325],[103.8510271,1.2832628]]]}},{"type":"Feature","id":47345003,"properties":{"osm_id":47345003,"name":"AIA Tower","height_m":83.0,"height_basis":"osm-height","source_id":"osm-cbd-buildings"},"geometry":{"type":"Polygon","coordinates":[[[103.8510664,1.2821606],[103.8510957,1.2821691],[103.8511159,1.2822057],[103.85124,1.2821261],[103.8512693,1.2820313],[103.851133,1.2818115],[103.8510497,1.2817852],[103.8509478,1.2818472],[103.8509294,1.2819397],[103.8510664,1.2821606]]]}},{"type":"Feature","id":47345004,"properties":{"osm_id":47345004,"name":"6 Raffles Quay","height_m":112.0,"height_basis":"osm-height","source_id":"osm-cbd-buildings"},"geometry":{"type":"Polygon","coordinates":[[[103.8514182,1.2820153],[103.8516294,1.2818874],[103.8514482,1.2815949],[103.8514444,1.2815972],[103.8514373,1.2815887],[103.8514283,1.2815814],[103.8514179,1.2815787],[103.851405,1.2815802],[103.8513953,1.2815847],[103.8513927,1.2815803],[103.8512143,1.2816894],[103.8512758,1.2817886],[103.8512465,1.2818069],[103.8513506,1.281975],[103.8513794,1.2819559],[103.8514182,1.2820153]]]}},{"type":"Feature","id":47345005,"properties":{"osm_id":47345005,"name":"Ascott Raffles Place","height_m":80.0,"height_basis":"levels-estimate","source_id":"osm-cbd-buildings"},"geometry":{"type":"Polygon","coordinates":[[[103.8515646,1.2822918],[103.8517483,1.2821826],[103.851817,1.2821418],[103.8518256,1.2821207],[103.851832,1.2821017],[103.8518292,1.2820847],[103.8518262,1.2820628],[103.8517914,1.2820043],[103.8517351,1.2819098],[103.8514413,1.2820846],[103.851521,1.2822186],[103.8515503,1.2822678],[103.8515646,1.2822918]]]}},{"type":"Feature","id":47345006,"properties":{"osm_id":47345006,"name":"One Raffles Quay","height_m":44.0,"height_basis":"osm-height","source_id":"osm-cbd-buildings"},"geometry":{"type":"Polygon","coordinates":[[[103.852065,1.2819179],[103.8517506,1.281539],[103.8512891,1.2808165],[103.8515563,1.2805783],[103.8516737,1.2804615],[103.8517312,1.2803956],[103.8520706,1.2809025],[103.8521561,1.2810303],[103.8523546,1.2813372],[103.8525347,1.281611],[103.852126,1.281878],[103.852065,1.2819179]]]}},{"type":"Feature","id":47345007,"properties":{"osm_id":47345007,"name":"Unnamed building","height_m":25.0,"height_basis":"osm-height","source_id":"osm-cbd-buildings"},"geometry":{"type":"Polygon","coordinates":[[[103.852411,1.281155],[103.8524996,1.281158],[103.8525972,1.281143],[103.852691,1.2810845],[103.8527282,1.2811904],[103.8527417,1.2812267],[103.8527672,1.2812101],[103.8527538,1.2811762],[103.852714,1.2810636],[103.8527878,1.2809726],[103.8528268,1.2808623],[103.8528382,1.2808074],[103.852809,1.2807594],[103.8527898,1.2807159],[103.8528139,1.2806975],[103.8527904,1.2806581],[103.852842,1.2805624],[103.8528796,1.2805962],[103.852909,1.2805614],[103.8528146,1.2805089],[103.8527305,1.2804654],[103.8526765,1.2804534],[103.85266,1.2804939],[103.852645,1.2804744],[103.8522967,1.280707],[103.8522576,1.280779],[103.8522486,1.2808436],[103.8522626,1.2809176],[103.852411,1.281155]]]}},{"type":"Feature","id":47345009,"properties":{"osm_id":47345009,"name":"Capital Tower","height_m":166.4,"height_basis":"levels-estimate","source_id":"osm-cbd-buildings"},"geometry":{"type":"Polygon","coordinates":[[[103.8475519,1.278028],[103.8477242,1.2779207],[103.8477449,1.277954],[103.8478807,1.2778694],[103.8478574,1.2778321],[103.8480083,1.2777381],[103.847937,1.2776235],[103.8477346,1.2772987],[103.8477206,1.2772764],[103.8476515,1.2773194],[103.8473271,1.2775214],[103.8472617,1.2775622],[103.8472756,1.2775845],[103.847478,1.2779093],[103.8475519,1.278028]]]}},{"type":"Feature","id":47345011,"properties":{"osm_id":47345011,"name":"Tong Eng Building","height_m":12,"height_basis":"illustrative-default","source_id":"osm-cbd-buildings"},"geometry":{"type":"Polygon","coordinates":[[[103.849413,1.28122],[103.8494497,1.2812306],[103.8496784,1.2810922],[103.8494802,1.2807449],[103.8494194,1.2807235],[103.8492443,1.2808256],[103.8492237,1.2808935],[103.849413,1.28122]]]}},{"type":"Feature","id":47345012,"properties":{"osm_id":47345012,"name":"City House","height_m":78.0,"height_basis":"osm-height","source_id":"osm-cbd-buildings"},"geometry":{"type":"Polygon","coordinates":[[[103.8495634,1.2814056],[103.8496446,1.2814175],[103.8500546,1.2811751],[103.8500701,1.2810988],[103.8500009,1.2809846],[103.8494942,1.2812914],[103.8495634,1.2814056]]]}},{"type":"Feature","id":47345013,"properties":{"osm_id":47345013,"name":"Hong Leong Building","height_m":33.0,"height_basis":"osm-height","source_id":"osm-cbd-buildings"},"geometry":{"type":"Polygon","coordinates":[[[103.850851,1.281769],[103.8510808,1.2816243],[103.8513334,1.2814653],[103.8509823,1.2809078],[103.8504999,1.2812115],[103.850851,1.281769]]]}},{"type":"Feature","id":47345018,"properties":{"osm_id":47345018,"name":"Robinson Point","height_m":67.2,"height_basis":"levels-estimate","source_id":"osm-cbd-buildings"},"geometry":{"type":"Polygon","coordinates":[[[103.8493465,1.2795427],[103.8495977,1.2793863],[103.8497725,1.2796668],[103.8495213,1.2798233],[103.8493465,1.2795427]]]}},{"type":"Feature","id":47345019,"properties":{"osm_id":47345019,"name":"The Ogilvy Centre","height_m":13.0,"height_basis":"osm-height","source_id":"osm-cbd-buildings"},"geometry":{"type":"Polygon","coordinates":[[[103.8495213,1.2798233],[103.849734,1.28015],[103.8497866,1.2801882],[103.8498484,1.2802053],[103.8499111,1.2802024],[103.8500517,1.2801197],[103.8497725,1.2796668],[103.8495213,1.2798233]]]}},{"type":"Feature","id":47345021,"properties":{"osm_id":47345021,"name":"One Shenton","height_m":28.8,"height_basis":"levels-estimate","source_id":"osm-cbd-buildings"},"geometry":{"type":"Polygon","coordinates":[[[103.8502056,1.2789845],[103.8502337,1.2790306],[103.8506677,1.2797418],[103.8509009,1.2795996],[103.8506327,1.2791598],[103.8505833,1.2790804],[103.850469,1.2788921],[103.8504387,1.2788423],[103.8502056,1.2789845]]]}},{"type":"Feature","id":47345022,"properties":{"osm_id":47345022,"name":"Singapore Conference Hall","height_m":16.0,"height_basis":"levels-estimate","source_id":"osm-cbd-buildings"},"geometry":{"type":"Polygon","coordinates":[[[103.8490675,1.2765188],[103.84909,1.2765555],[103.8493219,1.2764132],[103.8493003,1.276378],[103.8494025,1.2763153],[103.849047,1.2757361],[103.8486174,1.2759997],[103.8486667,1.2760799],[103.8485533,1.2761495],[103.8486323,1.2762783],[103.8487422,1.2762108],[103.8489686,1.2765795],[103.8490675,1.2765188]]]}},{"type":"Feature","id":47345024,"properties":{"osm_id":47345024,"name":"Unity Tower Two","height_m":187.0,"height_basis":"osm-height","source_id":"osm-cbd-buildings"},"geometry":{"type":"Polygon","coordinates":[[[103.8493407,1.2786736],[103.8494962,1.2785783],[103.8495944,1.2786751],[103.8496789,1.2787856],[103.8497409,1.278887],[103.8495729,1.2789879],[103.8495871,1.2790148],[103.849525,1.2790505],[103.849335,1.2787416],[103.8493683,1.2787197],[103.8493407,1.2786736]]]}},{"type":"Feature","id":47345025,"properties":{"osm_id":47345025,"name":"Unity Tower One","height_m":187.0,"height_basis":"osm-height","source_id":"osm-cbd-buildings"},"geometry":{"type":"Polygon","coordinates":[[[103.8500989,1.2799223],[103.8500699,1.2798756],[103.8500429,1.279897],[103.8498466,1.2795736],[103.8499256,1.279525],[103.849947,1.2795577],[103.8500952,1.27947],[103.8501624,1.2795802],[103.8502176,1.2796975],[103.8502516,1.2798308],[103.8500989,1.2799223]]]}},{"type":"Feature","id":47345026,"properties":{"osm_id":47345026,"name":"Robinson Centre","height_m":64.0,"height_basis":"levels-estimate","source_id":"osm-cbd-buildings"},"geometry":{"type":"Polygon","coordinates":[[[103.8491243,1.2791861],[103.8493465,1.2795427],[103.8495977,1.2793863],[103.8493755,1.2790296],[103.8491243,1.2791861]]]}},{"type":"Feature","id":47345027,"properties":{"osm_id":47345027,"name":"OUE Downtown","height_m":12,"height_basis":"illustrative-default","source_id":"osm-cbd-buildings"},"geometry":{"type":"Polygon","coordinates":[[[103.849176,1.2784821],[103.8494014,1.2783445],[103.8493565,1.2782728],[103.8487924,1.2773468],[103.8481662,1.2763228],[103.8479408,1.2764605],[103.8481231,1.2767586],[103.8485671,1.2774845],[103.8491442,1.27843],[103.849176,1.2784821]]]}},{"type":"Feature","id":47345028,"properties":{"osm_id":47345028,"name":"Robinson 77","height_m":12,"height_basis":"illustrative-default","source_id":"osm-cbd-buildings"},"geometry":{"type":"Polygon","coordinates":[[[103.848399,1.2773914],[103.8484734,1.2775177],[103.8485454,1.2776401],[103.8487781,1.2780083],[103.8485172,1.278168],[103.8483044,1.2778207],[103.8483221,1.2777715],[103.8481757,1.2775228],[103.848399,1.2773914]]]}},{"type":"Feature","id":47345029,"properties":{"osm_id":47345029,"name":"Unnamed building","height_m":51.0,"height_basis":"osm-height","source_id":"osm-cbd-buildings"},"geometry":{"type":"Polygon","coordinates":[[[103.8484989,1.2781936],[103.8488183,1.2787215],[103.8490401,1.2785868],[103.849093,1.2785555],[103.8490506,1.2784854],[103.8487736,1.2780275],[103.8484989,1.2781936]]]}},{"type":"Feature","id":47345221,"properties":{"osm_id":47345221,"name":"Unnamed building","height_m":12,"height_basis":"illustrative-default","source_id":"osm-cbd-buildings"},"geometry":{"type":"Polygon","coordinates":[[[103.8449223,1.2798046],[103.8450572,1.2798669],[103.8451377,1.2797641],[103.8451766,1.2797943],[103.8451063,1.2798824],[103.8452768,1.2800182],[103.8457674,1.279403],[103.8455969,1.2792672],[103.8455212,1.2793621],[103.8454807,1.279331],[103.8455263,1.2792786],[103.8453794,1.2791515],[103.8452438,1.2793251],[103.8451114,1.2794987],[103.8450147,1.2796495],[103.8449223,1.2798046]]]}},{"type":"Feature","id":47345222,"properties":{"osm_id":47345222,"name":"Unnamed building","height_m":6.4,"height_basis":"levels-estimate","source_id":"osm-cbd-buildings"},"geometry":{"type":"Polygon","coordinates":[[[103.8456575,1.2792304],[103.8454972,1.2791032],[103.845759,1.2787735],[103.8460259,1.2784373],[103.8461858,1.2785642],[103.8462632,1.2786257],[103.8461836,1.278726],[103.8461062,1.2786645],[103.8459617,1.2788465],[103.8460341,1.2789039],[103.8459909,1.2789584],[103.8459346,1.2790293],[103.8458626,1.2789721],[103.8456575,1.2792304]]]}},{"type":"Feature","id":48031573,"properties":{"osm_id":48031573,"name":"Bugis+","height_m":22.400000000000002,"height_basis":"levels-estimate","source_id":"osm-cbd-buildings"},"geometry":{"type":"Polygon","coordinates":[[[103.854305,1.2992027],[103.8542824,1.2991719],[103.8541459,1.2991211],[103.8536169,1.2995652],[103.8539183,1.2999198],[103.8539437,1.2999497],[103.8541784,1.3002257],[103.8546787,1.2998135],[103.854714,1.299773],[103.854711,1.2997113],[103.8546432,1.2996233],[103.8545147,1.2994565],[103.8544763,1.2994462],[103.8544622,1.2994267],[103.8544439,1.2993986],[103.8544243,1.299371],[103.8543352,1.2992453],[103.854305,1.2992027]]]}},{"type":"Feature","id":48035153,"properties":{"osm_id":48035153,"name":"Millenia Tower","height_m":223.0,"height_basis":"osm-height","source_id":"osm-cbd-buildings"},"geometry":{"type":"Polygon","coordinates":[[[103.8605535,1.292707],[103.8602205,1.2928826],[103.8601377,1.2927257],[103.8600477,1.2925554],[103.8603807,1.2923797],[103.86047,1.2925489],[103.8605535,1.292707]]]}},{"type":"Feature","id":48126586,"properties":{"osm_id":48126586,"name":"NTUC Trade Union House","height_m":44.0,"height_basis":"osm-height","source_id":"osm-cbd-buildings"},"geometry":{"type":"Polygon","coordinates":[[[103.8513421,1.2966232],[103.8513333,1.2967435],[103.8514607,1.2969016],[103.8514899,1.2969345],[103.8515282,1.2969387],[103.8517059,1.2967855],[103.8514815,1.2965047],[103.8513421,1.2966232]]]}},{"type":"Feature","id":48126587,"properties":{"osm_id":48126587,"name":"Unnamed building","height_m":44.0,"height_basis":"osm-height","source_id":"osm-cbd-buildings"},"geometry":{"type":"Polygon","coordinates":[[[103.8514815,1.2965047],[103.8517059,1.2967855],[103.851898,1.2966104],[103.8516667,1.2963325],[103.8514815,1.2965047]]]}},{"type":"Feature","id":48126895,"properties":{"osm_id":48126895,"name":"Bayview Hotel","height_m":40.0,"height_basis":"osm-height","source_id":"osm-cbd-buildings"},"geometry":{"type":"Polygon","coordinates":[[[103.8502441,1.2984665],[103.8504617,1.298292],[103.8505686,1.2984229],[103.8504717,1.298502],[103.8504407,1.298464],[103.8503896,1.2985057],[103.8504372,1.298564],[103.8503482,1.2986366],[103.850237,1.2985004],[103.8502441,1.2984665]]]}},{"type":"Feature","id":48126896,"properties":{"osm_id":48126896,"name":"Lazada One","height_m":56.0,"height_basis":"osm-height","source_id":"osm-cbd-buildings"},"geometry":{"type":"Polygon","coordinates":[[[103.8501563,1.2983963],[103.8503264,1.2982607],[103.8502124,1.2981177],[103.8506043,1.2978525],[103.8506071,1.2978098],[103.8505669,1.2977595],[103.8505826,1.2977477],[103.8505292,1.2976804],[103.8505158,1.2976921],[103.8504712,1.2976362],[103.8503733,1.2975136],[103.850283,1.2975052],[103.8501393,1.2976228],[103.8501384,1.2976235],[103.850059,1.2976847],[103.8497904,1.2979058],[103.8497747,1.2979229],[103.8498039,1.2979833],[103.8498582,1.2980452],[103.8499925,1.2981985],[103.8500403,1.2982531],[103.8501563,1.2983963]]]}},{"type":"Feature","id":48178719,"properties":{"osm_id":48178719,"name":"High Street Centre","height_m":24.0,"height_basis":"osm-height","source_id":"osm-cbd-buildings"},"geometry":{"type":"Polygon","coordinates":[[[103.8489705,1.2904126],[103.8497145,1.289943],[103.8495192,1.2896335],[103.849492,1.2895904],[103.8494777,1.2895677],[103.8490729,1.2898229],[103.8487866,1.2900034],[103.8487201,1.2900454],[103.8489705,1.2904126]]]}},{"type":"Feature","id":48948265,"properties":{"osm_id":48948265,"name":"SBF Center","height_m":30.0,"height_basis":"osm-height","source_id":"osm-cbd-buildings"},"geometry":{"type":"Polygon","coordinates":[[[103.8478173,1.2785525],[103.8476296,1.2782653],[103.8475233,1.2781027],[103.8480476,1.2777702],[103.8482064,1.2780205],[103.8479086,1.2782093],[103.8478483,1.2782475],[103.8479726,1.2784556],[103.8478173,1.2785525]]]}},{"type":"Feature","id":49890775,"properties":{"osm_id":49890775,"name":"F1 Pit Building","height_m":15.0,"height_basis":"osm-height","source_id":"osm-cbd-buildings"},"geometry":{"type":"Polygon","coordinates":[[[103.8636155,1.2927839],[103.8638815,1.2910252],[103.8638984,1.290456],[103.863972,1.2904649],[103.8640473,1.2898451],[103.8642599,1.2898709],[103.8642273,1.2901392],[103.8641909,1.2901348],[103.8641377,1.2905728],[103.8638653,1.2928142],[103.8636155,1.2927839]]]}},{"type":"Feature","id":51761904,"properties":{"osm_id":51761904,"name":"Singapore Flyer","height_m":12,"height_basis":"illustrative-default","source_id":"osm-cbd-buildings"},"geometry":{"type":"Polygon","coordinates":[[[103.8629144,1.2896642],[103.8629567,1.289733],[103.8630303,1.2898087],[103.8631066,1.2898525],[103.8631953,1.2898818],[103.8632542,1.2898878],[103.8633215,1.2898765],[103.8633876,1.2898466],[103.8634448,1.2898003],[103.8634838,1.2897401],[103.8635219,1.2896965],[103.8636635,1.2895891],[103.8636965,1.2895444],[103.8637305,1.2894772],[103.8637426,1.2894077],[103.8637432,1.289332],[103.8637343,1.289264],[103.8637071,1.2891804],[103.86366,1.2891069],[103.8636027,1.2890588],[103.8635483,1.2890227],[103.8634507,1.2889927],[103.8633202,1.2889711],[103.8631576,1.2889554],[103.8629862,1.288956],[103.8628504,1.2889653],[103.8627599,1.2889851],[103.8626955,1.2890293],[103.862654,1.2890816],[103.8626406,1.2891339],[103.8626499,1.2891942],[103.8626734,1.2892864],[103.8627274,1.2893737],[103.8628081,1.2894681],[103.8628515,1.289537],[103.8628919,1.2896278],[103.8629144,1.2896642]]]}},{"type":"Feature","id":95762799,"properties":{"osm_id":95762799,"name":"Singapore Chinese Chamber of Commerce","height_m":42.0,"height_basis":"osm-height","source_id":"osm-cbd-buildings"},"geometry":{"type":"Polygon","coordinates":[[[103.8502491,1.2933974],[103.8501743,1.293252],[103.8501087,1.2931246],[103.8504836,1.2929318],[103.850624,1.2932047],[103.8502491,1.2933974]]]}},{"type":"Feature","id":97582570,"properties":{"osm_id":97582570,"name":"Esplanade Theatres on the Bay","height_m":13.0,"height_basis":"osm-height","source_id":"osm-cbd-buildings"},"geometry":{"type":"Polygon","coordinates":[[[103.8563507,1.2892255],[103.8563712,1.2892234],[103.8563807,1.2894071],[103.856396,1.2897006],[103.8563981,1.2897383],[103.8564013,1.2897951],[103.8564262,1.2897979],[103.8564188,1.2898683],[103.8563899,1.289964],[103.8563511,1.2900244],[103.8563087,1.2900692],[103.8562842,1.2900885],[103.8562259,1.2901344],[103.8561394,1.2901713],[103.8561231,1.29014],[103.8560876,1.2901534],[103.8560365,1.2901727],[103.8559812,1.2901722],[103.855937,1.2903079],[103.8558132,1.2902671],[103.8558897,1.2899639],[103.8558885,1.2899067],[103.8558706,1.2898647],[103.8558452,1.2898379],[103.8557637,1.2897819],[103.8556784,1.289745],[103.8555778,1.2897246],[103.8554989,1.2897348],[103.8554428,1.2897705],[103.8554174,1.2898163],[103.8552459,1.2902159],[103.8551766,1.2901515],[103.8551064,1.2900765],[103.8550396,1.2899725],[103.8549994,1.2898938],[103.8549855,1.2898587],[103.8549508,1.2897439],[103.8549423,1.2895978],[103.8553728,1.2897017],[103.8554416,1.289703],[103.8554899,1.2896775],[103.8555409,1.2896101],[103.8555778,1.2895375],[103.8556135,1.2894217],[103.8556147,1.289358],[103.8555905,1.2892868],[103.8555511,1.2892422],[103.8553086,1.2891493],[103.855323,1.2891293],[103.8552845,1.2891011],[103.8553352,1.2890498],[103.8553654,1.2890802],[103.855401,1.2890545],[103.8554232,1.2890431],[103.8554516,1.2890317],[103.8554825,1.2890218],[103.8555134,1.289018],[103.8555515,1.2890191],[103.8555808,1.2890228],[103.8556079,1.2890284],[103.8556361,1.2890395],[103.8556602,1.2890505],[103.855677,1.2890606],[103.8556937,1.2890726],[103.8557276,1.2891073],[103.8557447,1.2891274],[103.8557599,1.2891485],[103.855772,1.2891759],[103.8557827,1.2892077],[103.855791,1.2892384],[103.8557952,1.2892752],[103.8558947,1.289269],[103.8559682,1.2893539],[103.8559501,1.2893648],[103.8559396,1.289375],[103.8559331,1.2893852],[103.8559268,1.2894001],[103.8559211,1.2894144],[103.855918,1.2894303],[103.8559193,1.2894503],[103.8559222,1.2894688],[103.8559298,1.2894878],[103.8559369,1.2895022],[103.855946,1.2895134],[103.8559551,1.2895227],[103.8559663,1.2895299],[103.8559789,1.2895374],[103.8559941,1.2895435],[103.8560124,1.289548],[103.8560285,1.2895488],[103.8560451,1.289546],[103.856061,1.2895424],[103.8560738,1.2895374],[103.8560877,1.2895289],[103.8561004,1.2895168],[103.8561101,1.2895052],[103.8561166,1.2894965],[103.856122,1.2894868],[103.8561271,1.2894717],[103.8561302,1.2894499],[103.8561307,1.2894367],[103.8561291,1.2894236],[103.8561239,1.2894029],[103.8561146,1.2893874],[103.8561007,1.289367],[103.8560845,1.2893537],[103.8560714,1.2893466],[103.8561369,1.2892427],[103.8563507,1.2892255]]]}},{"type":"Feature","id":97660754,"properties":{"osm_id":97660754,"name":"The Riverwalk","height_m":30.0,"height_basis":"osm-height","source_id":"osm-cbd-buildings"},"geometry":{"type":"Polygon","coordinates":[[[103.8478879,1.289211],[103.8478837,1.2891579],[103.8487152,1.2884725],[103.8489133,1.2887209],[103.8489122,1.288742],[103.8489224,1.2887428],[103.8489314,1.2887439],[103.8489363,1.2887514],[103.8489329,1.2887627],[103.8489171,1.2887763],[103.8489288,1.2887861],[103.8489303,1.2887989],[103.8489274,1.2888318],[103.8489164,1.2889549],[103.8489141,1.2889632],[103.8489054,1.2889715],[103.8487784,1.2890762],[103.8487581,1.2890773],[103.8487445,1.2890732],[103.8487113,1.2890404],[103.8486876,1.289063],[103.8487174,1.289098],[103.8487189,1.2891112],[103.8487144,1.2891214],[103.8486624,1.289164],[103.8486529,1.2891685],[103.8486413,1.2891655],[103.8485874,1.2891052],[103.8485693,1.2891199],[103.8485968,1.2891519],[103.848596,1.2891636],[103.8485493,1.2892005],[103.8485342,1.2892009],[103.8485229,1.2891907],[103.8484732,1.2892333],[103.8484588,1.2892314],[103.8484517,1.2892246],[103.8484038,1.289265],[103.8483876,1.2892653],[103.8483774,1.2892574],[103.84833,1.2892981],[103.848313,1.2892943],[103.8483036,1.2892876],[103.8482565,1.2893267],[103.8482414,1.2893294],[103.8482293,1.2893222],[103.8481837,1.2893595],[103.8481687,1.2893607],[103.8481555,1.2893524],[103.848114,1.2893863],[103.8481031,1.2893836],[103.8480922,1.2893855],[103.8480914,1.2893972],[103.8480601,1.2894198],[103.8480477,1.2894093],[103.8480526,1.2893972],[103.8480454,1.2893908],[103.8480364,1.2893934],[103.8478879,1.289211]]]}},{"type":"Feature","id":97666815,"properties":{"osm_id":97666815,"name":"Unnamed building","height_m":24.0,"height_basis":"osm-height","source_id":"osm-cbd-buildings"},"geometry":{"type":"Polygon","coordinates":[[[103.8514514,1.2952872],[103.8515309,1.295241],[103.8514494,1.2951398],[103.8516049,1.29505],[103.8519774,1.2948349],[103.8519279,1.2947556],[103.851319,1.2951257],[103.8514514,1.2952872]]]}},{"type":"Feature","id":97666816,"properties":{"osm_id":97666816,"name":"SMRT Headquarters","height_m":24.0,"height_basis":"osm-height","source_id":"osm-cbd-buildings"},"geometry":{"type":"Polygon","coordinates":[[[103.8518299,1.2945094],[103.8519038,1.2944641],[103.8519826,1.2945928],[103.8520317,1.2945627],[103.8519785,1.2944757],[103.8520478,1.2944333],[103.8520977,1.2945148],[103.852141,1.2944883],[103.8520654,1.2943648],[103.8521421,1.2943179],[103.8521702,1.2943638],[103.8523209,1.2946099],[103.8520085,1.2948011],[103.8518299,1.2945094]]]}},{"type":"Feature","id":97666817,"properties":{"osm_id":97666817,"name":"Caldwell House","height_m":24.0,"height_basis":"osm-height","source_id":"osm-cbd-buildings"},"geometry":{"type":"Polygon","coordinates":[[[103.851843,1.2954415],[103.8518684,1.2954222],[103.8520102,1.2953144],[103.8521983,1.2955618],[103.8521294,1.2956141],[103.8520717,1.2955382],[103.8519734,1.2956129],[103.851843,1.2954415]]]}},{"type":"Feature","id":97666818,"properties":{"osm_id":97666818,"name":"CHIJMES Hall","height_m":36.0,"height_basis":"osm-height","source_id":"osm-cbd-buildings"},"geometry":{"type":"Polygon","coordinates":[[[103.8516927,1.2952054],[103.8517076,1.2951952],[103.8519149,1.2950537],[103.8519226,1.2950529],[103.8519308,1.2950581],[103.8519358,1.295065],[103.8519365,1.2950733],[103.8519609,1.2950545],[103.8519722,1.2950563],[103.8520048,1.2950341],[103.8520216,1.295034],[103.8520394,1.2950378],[103.8520546,1.2950491],[103.8520619,1.2950585],[103.8520655,1.2950698],[103.8520665,1.2950809],[103.8520643,1.2950935],[103.8520598,1.2951066],[103.852011,1.2951418],[103.8520047,1.2951393],[103.8519873,1.2951491],[103.8519956,1.295153],[103.8520041,1.2951622],[103.8520063,1.2951786],[103.851797,1.2953234],[103.8517804,1.2953348],[103.8517601,1.2953062],[103.8517254,1.2953296],[103.851675,1.2952561],[103.8517111,1.2952313],[103.8516927,1.2952054]]]}},{"type":"Feature","id":97666910,"properties":{"osm_id":97666910,"name":"Unnamed building","height_m":24.0,"height_basis":"osm-height","source_id":"osm-cbd-buildings"},"geometry":{"type":"Polygon","coordinates":[[[103.8522757,1.2942983],[103.8523832,1.2942276],[103.8525347,1.2944579],[103.8524272,1.2945287],[103.8522757,1.2942983]]]}},{"type":"Feature","id":99347079,"properties":{"osm_id":99347079,"name":"The Octagon","height_m":80.0,"height_basis":"osm-height","source_id":"osm-cbd-buildings"},"geometry":{"type":"Polygon","coordinates":[[[103.8490808,1.2804701],[103.8491992,1.2804022],[103.8492666,1.2804295],[103.8493399,1.280552],[103.8493161,1.2806295],[103.8492213,1.2806869],[103.8491337,1.2806809],[103.849056,1.2805575],[103.8490808,1.2804701]]]}},{"type":"Feature","id":99348745,"properties":{"osm_id":99348745,"name":"Unnamed building","height_m":12,"height_basis":"illustrative-default","source_id":"osm-cbd-buildings"},"geometry":{"type":"Polygon","coordinates":[[[103.85315,1.2840487],[103.8531404,1.2838613],[103.8531883,1.2838589],[103.8531971,1.2838584],[103.8532064,1.2838579],[103.8532045,1.2838212],[103.8533112,1.2838157],[103.853425,1.2838099],[103.8534528,1.2837762],[103.8539225,1.2837843],[103.8539352,1.2840316],[103.8538916,1.2839976],[103.8538759,1.2840347],[103.8538768,1.2840534],[103.8534267,1.2840765],[103.8533916,1.2840783],[103.8533963,1.2841695],[103.8533154,1.2841737],[103.8533102,1.2840741],[103.8532157,1.284079],[103.853214,1.2840454],[103.8532027,1.284046],[103.8531961,1.2840463],[103.85315,1.2840487]]]}},{"type":"Feature","id":102938119,"properties":{"osm_id":102938119,"name":"Suntec Tower 4","height_m":12,"height_basis":"illustrative-default","source_id":"osm-cbd-buildings"},"geometry":{"type":"Polygon","coordinates":[[[103.8597009,1.2949086],[103.8597348,1.2948888],[103.8598983,1.2947932],[103.8599643,1.2947546],[103.8600521,1.2947033],[103.8599429,1.2945165],[103.8598463,1.2943514],[103.8596861,1.294445],[103.8594951,1.2945567],[103.8595868,1.2947134],[103.8597009,1.2949086]]]}},{"type":"Feature","id":103110145,"properties":{"osm_id":103110145,"name":"The Capitol Kempinski Hotel","height_m":34.0,"height_basis":"osm-height","source_id":"osm-cbd-buildings"},"geometry":{"type":"Polygon","coordinates":[[[103.8507056,1.2943162],[103.8505517,1.2940612],[103.8507812,1.2939228],[103.8507702,1.2939046],[103.8509933,1.29377],[103.8510024,1.2937851],[103.8511672,1.2940589],[103.8507476,1.2943233],[103.8507056,1.2943162]]]}},{"type":"Feature","id":103110146,"properties":{"osm_id":103110146,"name":"Pullman Singapore HIll Street","height_m":72.0,"height_basis":"osm-height","source_id":"osm-cbd-buildings"},"geometry":{"type":"Polygon","coordinates":[[[103.8504597,1.2940424],[103.8502241,1.2935898],[103.8507506,1.2933202],[103.8508374,1.2934754],[103.8508803,1.2935505],[103.8510014,1.2937626],[103.8504597,1.2940424]]]}},{"type":"Feature","id":103110147,"properties":{"osm_id":103110147,"name":"Capitol Theatre","height_m":34.0,"height_basis":"osm-height","source_id":"osm-cbd-buildings"},"geometry":{"type":"Polygon","coordinates":[[[103.8514325,1.2934064],[103.8514209,1.2934887],[103.8510269,1.293715],[103.8509187,1.2935268],[103.851357,1.293275],[103.8514325,1.2934064]]]}},{"type":"Feature","id":106193385,"properties":{"osm_id":106193385,"name":"UOB Plaza","height_m":33.0,"height_basis":"osm-height","source_id":"osm-cbd-buildings"},"geometry":{"type":"Polygon","coordinates":[[[103.8504005,1.285394],[103.8504066,1.2854595],[103.8504085,1.2854801],[103.8504145,1.2855477],[103.8504388,1.2855454],[103.8504499,1.2856385],[103.8510333,1.2855903],[103.8510319,1.2855474],[103.8510739,1.2855382],[103.8510298,1.2855079],[103.8510233,1.285452],[103.8510066,1.2854416],[103.85102,1.2854257],[103.8510139,1.2853742],[103.8510985,1.2852686],[103.851116,1.2852667],[103.8511111,1.2852256],[103.8510762,1.2852323],[103.8510722,1.2851934],[103.8510373,1.2851974],[103.8510306,1.2851599],[103.8509904,1.2851639],[103.8509863,1.2851264],[103.8504011,1.2851864],[103.850423,1.2853917],[103.8504005,1.285394]]]}},{"type":"Feature","id":106193386,"properties":{"osm_id":106193386,"name":"Maybank","height_m":12,"height_basis":"illustrative-default","source_id":"osm-cbd-buildings"},"geometry":{"type":"Polygon","coordinates":[[[103.8523556,1.2860313],[103.8524478,1.2860757],[103.8525297,1.286118],[103.8525881,1.2860036],[103.8526236,1.285928],[103.8526881,1.2858008],[103.8526921,1.2857806],[103.8526889,1.2857618],[103.8526085,1.2856613],[103.8525857,1.2856485],[103.8525669,1.2856479],[103.8525441,1.2856551],[103.8525311,1.2856704],[103.8525021,1.2857273],[103.8523556,1.2860313]]]}},{"type":"Feature","id":106193387,"properties":{"osm_id":106193387,"name":"Unnamed building","height_m":7.0,"height_basis":"osm-height","source_id":"osm-cbd-buildings"},"geometry":{"type":"Polygon","coordinates":[[[103.8515689,1.2846725],[103.8514676,1.2846822],[103.8514485,1.2844826],[103.8514898,1.2844786],[103.8515498,1.2844729],[103.8515689,1.2846725]]]}},{"type":"Feature","id":106193388,"properties":{"osm_id":106193388,"name":"Chevron House","height_m":152.0,"height_basis":"osm-height","source_id":"osm-cbd-buildings"},"geometry":{"type":"Polygon","coordinates":[[[103.8518324,1.2843096],[103.8522078,1.284276],[103.8522253,1.2842654],[103.8522361,1.2842455],[103.8522209,1.2840604],[103.8521175,1.2840652],[103.8521138,1.2840226],[103.8518128,1.2840482],[103.851781,1.2840535],[103.8517572,1.2840662],[103.8517338,1.2840891],[103.8517138,1.2841128],[103.8517016,1.2841443],[103.851698,1.2841847],[103.8517047,1.2842194],[103.8517208,1.2842492],[103.8517546,1.2842777],[103.851795,1.2842959],[103.8518285,1.2842935],[103.8518324,1.2843096]]]}},{"type":"Feature","id":106193390,"properties":{"osm_id":106193390,"name":"BOC","height_m":12,"height_basis":"illustrative-default","source_id":"osm-cbd-buildings"},"geometry":{"type":"Polygon","coordinates":[[[103.8524712,1.2856274],[103.8524545,1.285543],[103.852324,1.2854786],[103.852315,1.2854969],[103.852219,1.2854496],[103.8521209,1.2856526],[103.8520971,1.2857019],[103.8520418,1.2858165],[103.8521399,1.2858639],[103.8521877,1.285887],[103.8523156,1.2859487],[103.852371,1.2858341],[103.8523938,1.2857843],[103.8524712,1.2856274]]]}},{"type":"Feature","id":106193391,"properties":{"osm_id":106193391,"name":"Unnamed building","height_m":7.0,"height_basis":"osm-height","source_id":"osm-cbd-buildings"},"geometry":{"type":"Polygon","coordinates":[[[103.8514088,1.2840604],[103.8515107,1.2840524],[103.8514976,1.2838476],[103.8514459,1.2838535],[103.8513954,1.2838593],[103.8514088,1.2840604]]]}},{"type":"Feature","id":107937797,"properties":{"osm_id":107937797,"name":"School of the Arts Singapore","height_m":50.0,"height_basis":"osm-height","source_id":"osm-cbd-buildings"},"geometry":{"type":"Polygon","coordinates":[[[103.8486874,1.2988008],[103.8486966,1.29881],[103.8487048,1.2988036],[103.8487098,1.298809],[103.8487213,1.2987999],[103.8487502,1.298838],[103.8489514,1.299098],[103.8489622,1.2990877],[103.8489662,1.2990942],[103.849005,1.2991429],[103.8490128,1.2991528],[103.8490008,1.2991625],[103.8492326,1.2994634],[103.8492213,1.2994715],[103.849214,1.2994767],[103.8492357,1.2995083],[103.8491196,1.2996079],[103.8488974,1.2997859],[103.8487481,1.2999139],[103.8487369,1.2999012],[103.8487237,1.2999116],[103.848718,1.2999035],[103.8487113,1.2999083],[103.8486826,1.2998707],[103.8481986,1.2996773],[103.8482184,1.2996355],[103.84825,1.2995689],[103.8483747,1.2994679],[103.8482299,1.2992843],[103.848249,1.2992683],[103.8482322,1.2992454],[103.848307,1.2991862],[103.8483246,1.2992077],[103.8483442,1.2991944],[103.8483517,1.2992055],[103.8483707,1.2991404],[103.8483957,1.2990547],[103.8483483,1.2989923],[103.8483676,1.2989768],[103.848357,1.2989624],[103.8484284,1.2989009],[103.8484377,1.2989104],[103.8484555,1.2988953],[103.8485041,1.2989574],[103.8486284,1.2989108],[103.8486063,1.2988861],[103.8486289,1.2988667],[103.8486184,1.2988531],[103.8486874,1.2988008]]]}},{"type":"Feature","id":116800998,"properties":{"osm_id":116800998,"name":"SkyPark","height_m":207.0,"height_basis":"osm-height","source_id":"osm-cbd-buildings"},"geometry":{"type":"Polygon","coordinates":[[[103.8609826,1.2848989],[103.8610173,1.285036],[103.8610442,1.2850909],[103.8610808,1.2851351],[103.8611099,1.2851541],[103.8611359,1.2851574],[103.8611632,1.2851505],[103.8611939,1.2851262],[103.8612164,1.2850935],[103.8612318,1.2850442],[103.8612425,1.2849657],[103.8612569,1.2848545],[103.8612302,1.2846658],[103.8611969,1.2844555],[103.8611461,1.284261],[103.8610867,1.2840541],[103.8609999,1.2838001],[103.8608748,1.2835139],[103.8607372,1.2832315],[103.8605401,1.2829092],[103.8604051,1.2826851],[103.8600916,1.2822886],[103.859959,1.2823283],[103.8598747,1.2824039],[103.8598239,1.2825055],[103.8599698,1.282688],[103.8601815,1.2829848],[103.8602257,1.2830433],[103.8603308,1.2832159],[103.860497,1.2835257],[103.8606228,1.2838056],[103.8606844,1.2839598],[103.860746,1.2841248],[103.860846,1.2844417],[103.8609147,1.2847022],[103.8609826,1.2848989]]]}},{"type":"Feature","id":116801004,"properties":{"osm_id":116801004,"name":"Marina Bay Sands Tower 1","height_m":193.0,"height_basis":"osm-height","source_id":"osm-cbd-buildings"},"geometry":{"type":"Polygon","coordinates":[[[103.8605263,1.2827539],[103.8604802,1.2827859],[103.8601414,1.2830212],[103.8599199,1.2827024],[103.8598409,1.2825888],[103.8602258,1.2823215],[103.8605263,1.2827539]]]}},{"type":"Feature","id":116801907,"properties":{"osm_id":116801907,"name":"Red Dot Design Museum","height_m":9.0,"height_basis":"osm-height","source_id":"osm-cbd-buildings"},"geometry":{"type":"Polygon","coordinates":[[[103.8563394,1.2803682],[103.8561482,1.2800753],[103.8561862,1.2798707],[103.8561714,1.2798476],[103.8561817,1.279777],[103.8563742,1.2800927],[103.8563571,1.2801589],[103.8563831,1.2802001],[103.8563394,1.2803682]]]}},{"type":"Feature","id":116905040,"properties":{"osm_id":116905040,"name":"Marina Bay Financial Centre Tower 1","height_m":245.0,"height_basis":"osm-height","source_id":"osm-cbd-buildings"},"geometry":{"type":"Polygon","coordinates":[[[103.8540687,1.2804434],[103.853914,1.2800141],[103.8542314,1.2799047],[103.8543788,1.279959],[103.8545117,1.2803282],[103.8541497,1.2804587],[103.8541369,1.2804216],[103.8540687,1.2804434]]]}},{"type":"Feature","id":116905041,"properties":{"osm_id":116905041,"name":"Marina Bay Financial Centre Tower 3","height_m":245.0,"height_basis":"osm-height","source_id":"osm-cbd-buildings"},"geometry":{"type":"Polygon","coordinates":[[[103.8541991,1.2792508],[103.8541522,1.2788987],[103.8542207,1.2788895],[103.8542055,1.2787754],[103.8543581,1.278755],[103.8543511,1.2787027],[103.8546974,1.2786565],[103.8547235,1.2788518],[103.8547454,1.2790159],[103.8547666,1.2791752],[103.854562,1.2792025],[103.8541991,1.2792508]]]}},{"type":"Feature","id":116905042,"properties":{"osm_id":116905042,"name":"Marina Bay Financial Centre Tower 2","height_m":245.0,"height_basis":"osm-height","source_id":"osm-cbd-buildings"},"geometry":{"type":"Polygon","coordinates":[[[103.8541069,1.2795908],[103.8539425,1.279329],[103.8538853,1.2793649],[103.8535523,1.2795739],[103.8537167,1.2798357],[103.8541069,1.2795908]]]}},{"type":"Feature","id":116905045,"properties":{"osm_id":116905045,"name":"Marina Bay Residences","height_m":245.0,"height_basis":"osm-height","source_id":"osm-cbd-buildings"},"geometry":{"type":"Polygon","coordinates":[[[103.8554375,1.2797619],[103.8552926,1.2795796],[103.8551349,1.2794932],[103.8550457,1.2794444],[103.8549305,1.2796453],[103.8551304,1.2797445],[103.8552672,1.2798745],[103.8554375,1.2797619]]]}},{"type":"Feature","id":116905047,"properties":{"osm_id":116905047,"name":"Unnamed building","height_m":245.0,"height_basis":"osm-height","source_id":"osm-cbd-buildings"},"geometry":{"type":"Polygon","coordinates":[[[103.8545589,1.2795086],[103.8546394,1.279455],[103.8550766,1.2798894],[103.8550015,1.2799431],[103.8545589,1.2795086]]]}},{"type":"Feature","id":117041257,"properties":{"osm_id":117041257,"name":"Unnamed building","height_m":12,"height_basis":"illustrative-default","source_id":"osm-cbd-buildings"},"geometry":{"type":"Polygon","coordinates":[[[103.8454906,1.2761235],[103.8455576,1.2761318],[103.8455963,1.2761369],[103.8460093,1.2761912],[103.8462531,1.2762232],[103.84637,1.2762318],[103.8464331,1.2762318],[103.8464698,1.2762091],[103.8464897,1.2761851],[103.8465031,1.2761546],[103.8465102,1.2761072],[103.8465031,1.2760597],[103.8464847,1.2760101],[103.8464578,1.2759733],[103.8460767,1.2755317],[103.846005,1.2754439],[103.8459154,1.2755367],[103.8455596,1.2754989],[103.8454906,1.2761235]]]}},{"type":"Feature","id":117052184,"properties":{"osm_id":117052184,"name":"Unnamed building","height_m":12,"height_basis":"illustrative-default","source_id":"osm-cbd-buildings"},"geometry":{"type":"Polygon","coordinates":[[[103.845799,1.2765029],[103.8458233,1.2763117],[103.8458034,1.2763092],[103.845785,1.2764533],[103.8456211,1.2764325],[103.8456125,1.2764999],[103.8456314,1.2765023],[103.8456261,1.2765443],[103.8457009,1.2765538],[103.8457038,1.2765311],[103.8457654,1.2765389],[103.8457704,1.2764993],[103.845799,1.2765029]]]}},{"type":"Feature","id":117052185,"properties":{"osm_id":117052185,"name":"Unnamed building","height_m":12,"height_basis":"illustrative-default","source_id":"osm-cbd-buildings"},"geometry":{"type":"Polygon","coordinates":[[[103.8448669,1.2765029],[103.8449544,1.2765123],[103.8449801,1.276515],[103.8449757,1.2765564],[103.8451199,1.2765719],[103.8451329,1.2764508],[103.8449877,1.2764352],[103.8449845,1.2764649],[103.8449552,1.2764618],[103.8448722,1.2764529],[103.8448669,1.2765029]]]}},{"type":"Feature","id":117052186,"properties":{"osm_id":117052186,"name":"Unnamed building","height_m":12,"height_basis":"illustrative-default","source_id":"osm-cbd-buildings"},"geometry":{"type":"Polygon","coordinates":[[[103.8464393,1.2766171],[103.8466255,1.2766362],[103.8466142,1.2767388],[103.8464287,1.2767206],[103.8464393,1.2766171]]]}},{"type":"Feature","id":117055140,"properties":{"osm_id":117055140,"name":"Maxwell Chambers Suites","height_m":12.8,"height_basis":"levels-estimate","source_id":"osm-cbd-buildings"},"geometry":{"type":"Polygon","coordinates":[[[103.845933,1.2776006],[103.8459879,1.2776301],[103.8460805,1.2777058],[103.8460912,1.2777595],[103.8457506,1.2781912],[103.8457265,1.2781724],[103.8456728,1.2782475],[103.8456889,1.2782636],[103.8454476,1.2785857],[103.8452168,1.2788938],[103.8451525,1.2788455],[103.8451203,1.2786658],[103.8451244,1.2786497],[103.8451083,1.2786337],[103.8454409,1.2782355],[103.845414,1.27821],[103.8455066,1.2780853],[103.8455294,1.2781054],[103.845933,1.2776006]]]}},{"type":"Feature","id":117058629,"properties":{"osm_id":117058629,"name":"MND Building (Annexe B)","height_m":16.0,"height_basis":"levels-estimate","source_id":"osm-cbd-buildings"},"geometry":{"type":"Polygon","coordinates":[[[103.8462897,1.2788702],[103.8464418,1.2789964],[103.846558,1.2790928],[103.8466894,1.2789212],[103.8466706,1.2788477],[103.8466545,1.2787844],[103.8465767,1.2787174],[103.8464212,1.2787066],[103.8462897,1.2788702]]]}},{"type":"Feature","id":117058639,"properties":{"osm_id":117058639,"name":"Amoy Street Food Centre","height_m":12,"height_basis":"illustrative-default","source_id":"osm-cbd-buildings"},"geometry":{"type":"Polygon","coordinates":[[[103.8468986,1.2796908],[103.8466894,1.2789212],[103.846558,1.2790928],[103.8464418,1.2789964],[103.846574,1.2795111],[103.8465472,1.2795433],[103.8466062,1.2797739],[103.8467967,1.2797256],[103.8468315,1.2797551],[103.8468852,1.2797364],[103.8468986,1.2796908]]]}},{"type":"Feature","id":121565109,"properties":{"osm_id":121565109,"name":"Unnamed building","height_m":4.0,"height_basis":"osm-height","source_id":"osm-cbd-buildings"},"geometry":{"type":"Polygon","coordinates":[[[103.8598871,1.2939394],[103.8598857,1.293857],[103.8599091,1.2938582],[103.8600701,1.2938538],[103.8600723,1.2939362],[103.8598871,1.2939394]]]}},{"type":"Feature","id":125836748,"properties":{"osm_id":125836748,"name":"Unnamed building","height_m":12,"height_basis":"illustrative-default","source_id":"osm-cbd-buildings"},"geometry":{"type":"Polygon","coordinates":[[[103.847249,1.2844991],[103.8471636,1.284357],[103.8471322,1.2843759],[103.8472175,1.284518],[103.847249,1.2844991]]]}},{"type":"Feature","id":125836749,"properties":{"osm_id":125836749,"name":"Unnamed building","height_m":12,"height_basis":"illustrative-default","source_id":"osm-cbd-buildings"},"geometry":{"type":"Polygon","coordinates":[[[103.8472603,1.284519],[103.8472124,1.2845459],[103.8472271,1.284572],[103.8473243,1.2847453],[103.8473722,1.2847184],[103.8472721,1.2845402],[103.8472603,1.284519]]]}},{"type":"Feature","id":125836750,"properties":{"osm_id":125836750,"name":"Unnamed building","height_m":12,"height_basis":"illustrative-default","source_id":"osm-cbd-buildings"},"geometry":{"type":"Polygon","coordinates":[[[103.8475935,1.2840988],[103.8475558,1.2841215],[103.8476412,1.2842636],[103.8476789,1.2842409],[103.8475935,1.2840988]]]}},{"type":"Feature","id":125836751,"properties":{"osm_id":125836751,"name":"Unnamed building","height_m":12,"height_basis":"illustrative-default","source_id":"osm-cbd-buildings"},"geometry":{"type":"Polygon","coordinates":[[[103.8474421,1.2843832],[103.8473567,1.2842411],[103.8473154,1.2842659],[103.8474008,1.284408],[103.8474421,1.2843832]]]}},{"type":"Feature","id":125836752,"properties":{"osm_id":125836752,"name":"Unnamed building","height_m":12,"height_basis":"illustrative-default","source_id":"osm-cbd-buildings"},"geometry":{"type":"Polygon","coordinates":[[[103.8473222,1.2844552],[103.8472368,1.284313],[103.8471957,1.2843378],[103.847281,1.2844799],[103.8473222,1.2844552]]]}},{"type":"Feature","id":125836753,"properties":{"osm_id":125836753,"name":"Unnamed building","height_m":12,"height_basis":"illustrative-default","source_id":"osm-cbd-buildings"},"geometry":{"type":"Polygon","coordinates":[[[103.8475213,1.2843356],[103.8474359,1.2841935],[103.8473964,1.2842172],[103.8474818,1.2843593],[103.8475213,1.2843356]]]}},{"type":"Feature","id":125836754,"properties":{"osm_id":125836754,"name":"Unnamed building","height_m":12,"height_basis":"illustrative-default","source_id":"osm-cbd-buildings"},"geometry":{"type":"Polygon","coordinates":[[[103.8473637,1.2844303],[103.8472783,1.2842881],[103.8472368,1.284313],[103.8473222,1.2844552],[103.8473637,1.2844303]]]}},{"type":"Feature","id":125836755,"properties":{"osm_id":125836755,"name":"Unnamed building","height_m":12,"height_basis":"illustrative-default","source_id":"osm-cbd-buildings"},"geometry":{"type":"Polygon","coordinates":[[[103.8472796,1.2847703],[103.8471824,1.2845971],[103.84714,1.2846209],[103.8472372,1.2847941],[103.8472796,1.2847703]]]}},{"type":"Feature","id":125836756,"properties":{"osm_id":125836756,"name":"Unnamed building","height_m":12,"height_basis":"illustrative-default","source_id":"osm-cbd-buildings"},"geometry":{"type":"Polygon","coordinates":[[[103.8476736,1.2840507],[103.8476364,1.2840731],[103.8477218,1.2842152],[103.847759,1.2841928],[103.8476736,1.2840507]]]}},{"type":"Feature","id":125836757,"properties":{"osm_id":125836757,"name":"Unnamed building","height_m":12,"height_basis":"illustrative-default","source_id":"osm-cbd-buildings"},"geometry":{"type":"Polygon","coordinates":[[[103.8468344,1.2847558],[103.8468082,1.2847072],[103.8469854,1.2846007],[103.8470104,1.2846424],[103.8470153,1.2846508],[103.8469605,1.2846847],[103.8468344,1.2847558]]]}},{"type":"Feature","id":125836758,"properties":{"osm_id":125836758,"name":"Unnamed building","height_m":12,"height_basis":"illustrative-default","source_id":"osm-cbd-buildings"},"geometry":{"type":"Polygon","coordinates":[[[103.8470885,1.2848774],[103.8470517,1.2848121],[103.8470122,1.2848344],[103.847049,1.2848997],[103.8470885,1.2848774]]]}},{"type":"Feature","id":125836759,"properties":{"osm_id":125836759,"name":"Unnamed building","height_m":12,"height_basis":"illustrative-default","source_id":"osm-cbd-buildings"},"geometry":{"type":"Polygon","coordinates":[[[103.8477156,1.2840255],[103.8476736,1.2840507],[103.847759,1.2841928],[103.847801,1.2841676],[103.847798,1.2841626],[103.8477772,1.2841281],[103.8477589,1.2840976],[103.8477382,1.2840632],[103.8477156,1.2840255]]]}},{"type":"Feature","id":125836760,"properties":{"osm_id":125836760,"name":"Unnamed building","height_m":12,"height_basis":"illustrative-default","source_id":"osm-cbd-buildings"},"geometry":{"type":"Polygon","coordinates":[[[103.8474759,1.2841695],[103.8474359,1.2841935],[103.8475213,1.2843356],[103.8475613,1.2843116],[103.8474759,1.2841695]]]}},{"type":"Feature","id":125836761,"properties":{"osm_id":125836761,"name":"Unnamed building","height_m":12,"height_basis":"illustrative-default","source_id":"osm-cbd-buildings"},"geometry":{"type":"Polygon","coordinates":[[[103.8475558,1.2841215],[103.8475137,1.2841468],[103.8475991,1.2842889],[103.8476412,1.2842636],[103.8475558,1.2841215]]]}},{"type":"Feature","id":125836763,"properties":{"osm_id":125836763,"name":"Unnamed building","height_m":12,"height_basis":"illustrative-default","source_id":"osm-cbd-buildings"},"geometry":{"type":"Polygon","coordinates":[[[103.847281,1.2844799],[103.8471957,1.2843378],[103.8471636,1.284357],[103.847249,1.2844991],[103.847281,1.2844799]]]}},{"type":"Feature","id":125836764,"properties":{"osm_id":125836764,"name":"Unnamed building","height_m":12,"height_basis":"illustrative-default","source_id":"osm-cbd-buildings"},"geometry":{"type":"Polygon","coordinates":[[[103.8468868,1.2848488],[103.8468616,1.2848041],[103.8469776,1.2847387],[103.8470028,1.2847834],[103.8468868,1.2848488]]]}},{"type":"Feature","id":125836765,"properties":{"osm_id":125836765,"name":"Unnamed building","height_m":12,"height_basis":"illustrative-default","source_id":"osm-cbd-buildings"},"geometry":{"type":"Polygon","coordinates":[[[103.8470025,1.2844538],[103.8469638,1.284477],[103.8470492,1.2846191],[103.8470878,1.2845959],[103.8470025,1.2844538]]]}},{"type":"Feature","id":125836766,"properties":{"osm_id":125836766,"name":"Ying Fo Fui Kun","height_m":10.0,"height_basis":"osm-height","source_id":"osm-cbd-buildings"},"geometry":{"type":"Polygon","coordinates":[[[103.848326,1.282537],[103.8484924,1.2824125],[103.8485558,1.2824974],[103.8483894,1.2826218],[103.848326,1.282537]]]}},{"type":"Feature","id":125836767,"properties":{"osm_id":125836767,"name":"Unnamed building","height_m":12,"height_basis":"illustrative-default","source_id":"osm-cbd-buildings"},"geometry":{"type":"Polygon","coordinates":[[[103.8469109,1.2848915],[103.8468868,1.2848488],[103.8470028,1.2847834],[103.8470436,1.2847604],[103.8470677,1.2848031],[103.8470517,1.2848121],[103.8470122,1.2848344],[103.8469822,1.2848512],[103.8469109,1.2848915]]]}},{"type":"Feature","id":125836768,"properties":{"osm_id":125836768,"name":"Unnamed building","height_m":12,"height_basis":"illustrative-default","source_id":"osm-cbd-buildings"},"geometry":{"type":"Polygon","coordinates":[[[103.8471545,1.2845559],[103.847122,1.2845754],[103.8470366,1.2844333],[103.8470691,1.2844138],[103.8471545,1.2845559]]]}},{"type":"Feature","id":125836770,"properties":{"osm_id":125836770,"name":"Unnamed building","height_m":12,"height_basis":"illustrative-default","source_id":"osm-cbd-buildings"},"geometry":{"type":"Polygon","coordinates":[[[103.8475137,1.2841468],[103.8474759,1.2841695],[103.8475613,1.2843116],[103.8475991,1.2842889],[103.8475137,1.2841468]]]}},{"type":"Feature","id":125836771,"properties":{"osm_id":125836771,"name":"Far East Square","height_m":20.0,"height_basis":"osm-height","source_id":"osm-cbd-buildings"},"geometry":{"type":"Polygon","coordinates":[[[103.8477027,1.2832714],[103.8476658,1.2832057],[103.8476249,1.2832291],[103.8474827,1.2829764],[103.8475149,1.2829563],[103.8474894,1.2829134],[103.8476269,1.2828329],[103.8480614,1.2825916],[103.8481486,1.2827364],[103.8480587,1.2827827],[103.8481057,1.2828665],[103.8479944,1.2829878],[103.8478918,1.2830689],[103.8477959,1.2831306],[103.8478321,1.2831929],[103.8477027,1.2832714]]]}},{"type":"Feature","id":125836772,"properties":{"osm_id":125836772,"name":"Unnamed building","height_m":12,"height_basis":"illustrative-default","source_id":"osm-cbd-buildings"},"geometry":{"type":"Polygon","coordinates":[[[103.847186,1.284537],[103.8471006,1.2843948],[103.8470691,1.2844138],[103.8471545,1.2845559],[103.847186,1.284537]]]}},{"type":"Feature","id":125836773,"properties":{"osm_id":125836773,"name":"Unnamed building","height_m":12,"height_basis":"illustrative-default","source_id":"osm-cbd-buildings"},"geometry":{"type":"Polygon","coordinates":[[[103.8468616,1.2848041],[103.8468344,1.2847558],[103.8469605,1.2846847],[103.8469877,1.284733],[103.8469776,1.2847387],[103.8468616,1.2848041]]]}},{"type":"Feature","id":125836774,"properties":{"osm_id":125836774,"name":"Unnamed building","height_m":12,"height_basis":"illustrative-default","source_id":"osm-cbd-buildings"},"geometry":{"type":"Polygon","coordinates":[[[103.8467964,1.2847143],[103.8467661,1.2846637],[103.8469088,1.2845779],[103.846955,1.2845501],[103.8469854,1.2846007],[103.8468082,1.2847072],[103.8467964,1.2847143]]]}},{"type":"Feature","id":125836775,"properties":{"osm_id":125836775,"name":"Unnamed building","height_m":12,"height_basis":"illustrative-default","source_id":"osm-cbd-buildings"},"geometry":{"type":"Polygon","coordinates":[[[103.8470189,1.2846567],[103.8470931,1.2847888],[103.8471298,1.2848542],[103.8471832,1.2848244],[103.8470724,1.2846268],[103.8470189,1.2846567]]]}},{"type":"Feature","id":125836776,"properties":{"osm_id":125836776,"name":"Unnamed building","height_m":12,"height_basis":"illustrative-default","source_id":"osm-cbd-buildings"},"geometry":{"type":"Polygon","coordinates":[[[103.8470366,1.2844333],[103.8470025,1.2844538],[103.8470878,1.2845959],[103.847122,1.2845754],[103.8470366,1.2844333]]]}},{"type":"Feature","id":125836778,"properties":{"osm_id":125836778,"name":"Unnamed building","height_m":12,"height_basis":"illustrative-default","source_id":"osm-cbd-buildings"},"geometry":{"type":"Polygon","coordinates":[[[103.8470104,1.2846424],[103.8469854,1.2846007],[103.846955,1.2845501],[103.846925,1.2845003],[103.8469638,1.284477],[103.8470492,1.2846191],[103.8470104,1.2846424]]]}},{"type":"Feature","id":125836779,"properties":{"osm_id":125836779,"name":"Unnamed building","height_m":12,"height_basis":"illustrative-default","source_id":"osm-cbd-buildings"},"geometry":{"type":"Polygon","coordinates":[[[103.8471298,1.2848542],[103.8470931,1.2847888],[103.8470677,1.2848031],[103.8470517,1.2848121],[103.8470885,1.2848774],[103.8471298,1.2848542]]]}},{"type":"Feature","id":125836780,"properties":{"osm_id":125836780,"name":"Unnamed building","height_m":12,"height_basis":"illustrative-default","source_id":"osm-cbd-buildings"},"geometry":{"type":"Polygon","coordinates":[[[103.8471263,1.2845965],[103.8470724,1.2846268],[103.8471832,1.2848244],[103.8472372,1.2847941],[103.84714,1.2846209],[103.8471263,1.2845965]]]}},{"type":"Feature","id":125836781,"properties":{"osm_id":125836781,"name":"Unnamed building","height_m":12,"height_basis":"illustrative-default","source_id":"osm-cbd-buildings"},"geometry":{"type":"Polygon","coordinates":[[[103.8474818,1.2843593],[103.8473964,1.2842172],[103.8473567,1.2842411],[103.8474421,1.2843832],[103.8474818,1.2843593]]]}},{"type":"Feature","id":125836782,"properties":{"osm_id":125836782,"name":"Unnamed building","height_m":12,"height_basis":"illustrative-default","source_id":"osm-cbd-buildings"},"geometry":{"type":"Polygon","coordinates":[[[103.8474008,1.284408],[103.8473154,1.2842659],[103.8472783,1.2842881],[103.8473637,1.2844303],[103.8474008,1.284408]]]}},{"type":"Feature","id":125836783,"properties":{"osm_id":125836783,"name":"Unnamed building","height_m":12,"height_basis":"illustrative-default","source_id":"osm-cbd-buildings"},"geometry":{"type":"Polygon","coordinates":[[[103.8476364,1.2840731],[103.8475935,1.2840988],[103.8476789,1.2842409],[103.8477218,1.2842152],[103.8476364,1.2840731]]]}},{"type":"Feature","id":125836784,"properties":{"osm_id":125836784,"name":"Unnamed building","height_m":12,"height_basis":"illustrative-default","source_id":"osm-cbd-buildings"},"geometry":{"type":"Polygon","coordinates":[[[103.8469323,1.2849347],[103.8469109,1.2848915],[103.8469822,1.2848512],[103.8470191,1.2849166],[103.8469698,1.2849454],[103.8469323,1.2849347]]]}},{"type":"Feature","id":125836786,"properties":{"osm_id":125836786,"name":"Unnamed building","height_m":12,"height_basis":"illustrative-default","source_id":"osm-cbd-buildings"},"geometry":{"type":"Polygon","coordinates":[[[103.847049,1.2848997],[103.8470122,1.2848344],[103.8469822,1.2848512],[103.8470191,1.2849166],[103.847049,1.2848997]]]}},{"type":"Feature","id":125836788,"properties":{"osm_id":125836788,"name":"Unnamed building","height_m":12,"height_basis":"illustrative-default","source_id":"osm-cbd-buildings"},"geometry":{"type":"Polygon","coordinates":[[[103.8472271,1.284572],[103.8471824,1.2845971],[103.8472796,1.2847703],[103.8473243,1.2847453],[103.8472271,1.284572]]]}},{"type":"Feature","id":125836966,"properties":{"osm_id":125836966,"name":"Chinatown Point","height_m":28.0,"height_basis":"osm-height","source_id":"osm-cbd-buildings"},"geometry":{"type":"Polygon","coordinates":[[[103.8448254,1.2845472],[103.8450453,1.2849119],[103.8450664,1.284899],[103.8452702,1.2852317],[103.8452787,1.2852457],[103.8452572,1.2852605],[103.8454208,1.285534],[103.8454262,1.2855595],[103.8454302,1.2855876],[103.8454315,1.2856184],[103.8454289,1.2856465],[103.8454222,1.285676],[103.8454101,1.2857042],[103.845398,1.2857283],[103.8453859,1.2857511],[103.8453658,1.2857739],[103.8453484,1.28579],[103.8453243,1.2858101],[103.8452961,1.2858235],[103.8452679,1.2858356],[103.8452331,1.2858463],[103.8451968,1.285849],[103.84517,1.285849],[103.8451378,1.2858436],[103.8451057,1.2858316],[103.8450788,1.2858195],[103.8450587,1.2858047],[103.8450238,1.2857752],[103.8450064,1.2857538],[103.8449378,1.2856417],[103.8448847,1.2855547],[103.8447757,1.2853758],[103.8447798,1.2853728],[103.8448089,1.2853468],[103.8447932,1.2853195],[103.8447999,1.2852631],[103.8447757,1.2852578],[103.8447623,1.2852779],[103.8447449,1.2852926],[103.8447275,1.2853047],[103.844706,1.2853101],[103.8446859,1.2853101],[103.8446644,1.2853087],[103.844647,1.285302],[103.8446269,1.2852886],[103.8446135,1.2852685],[103.8446041,1.2852497],[103.844601,1.2852275],[103.8445732,1.2852082],[103.8445491,1.2851867],[103.8445263,1.2851612],[103.8445102,1.2851411],[103.8444955,1.2851183],[103.8444847,1.2850982],[103.8444753,1.2850728],[103.8444642,1.2850465],[103.8444592,1.2850218],[103.8444508,1.2849942],[103.844446,1.2849669],[103.8444431,1.2849353],[103.844415,1.2849279],[103.8444083,1.2849481],[103.8443452,1.2849333],[103.8443667,1.2848193],[103.8444267,1.2848293],[103.8444257,1.2848435],[103.8444552,1.2848515],[103.8444606,1.2848314],[103.8444659,1.2848113],[103.844474,1.2847925],[103.8444816,1.284777],[103.844491,1.2847569],[103.8448254,1.2845472]]]}},{"type":"Feature","id":125836967,"properties":{"osm_id":125836967,"name":"Hong Lim Market and Food Centre","height_m":16.0,"height_basis":"osm-height","source_id":"osm-cbd-buildings"},"geometry":{"type":"Polygon","coordinates":[[[103.8454503,1.2852725],[103.8455302,1.2852233],[103.8458781,1.2850087],[103.8459613,1.2849574],[103.8460672,1.2851304],[103.8460891,1.285135],[103.8460965,1.2851476],[103.8460923,1.2851672],[103.8461933,1.2853342],[103.8456649,1.2856251],[103.8454503,1.2852725]]]}},{"type":"Feature","id":126012528,"properties":{"osm_id":126012528,"name":"Unnamed building","height_m":15.0,"height_basis":"osm-height","source_id":"osm-cbd-buildings"},"geometry":{"type":"Polygon","coordinates":[[[103.8496439,1.2857082],[103.8497109,1.285723],[103.8496948,1.2857444],[103.8497356,1.2857736],[103.849698,1.285828],[103.8496179,1.2857641],[103.8496439,1.2857082]]]}},{"type":"Feature","id":126012530,"properties":{"osm_id":126012530,"name":"Unnamed building","height_m":15.0,"height_basis":"osm-height","source_id":"osm-cbd-buildings"},"geometry":{"type":"Polygon","coordinates":[[[103.8490559,1.2882887],[103.8490438,1.2883343],[103.8490546,1.2883383],[103.8492839,1.2883946],[103.8492933,1.288349],[103.8490559,1.2882887]]]}},{"type":"Feature","id":126012534,"properties":{"osm_id":126012534,"name":"Unnamed building","height_m":15.0,"height_basis":"osm-height","source_id":"osm-cbd-buildings"},"geometry":{"type":"Polygon","coordinates":[[[103.8490935,1.2881492],[103.8490827,1.2881948],[103.8493174,1.2882578],[103.8493294,1.2882096],[103.8490935,1.2881492]]]}},{"type":"Feature","id":126012535,"properties":{"osm_id":126012535,"name":"Unnamed building","height_m":15.0,"height_basis":"osm-height","source_id":"osm-cbd-buildings"},"geometry":{"type":"Polygon","coordinates":[[[103.8490546,1.2883383],[103.8490452,1.2883825],[103.8492718,1.2884429],[103.8492839,1.2883946],[103.8490546,1.2883383]]]}},{"type":"Feature","id":126012537,"properties":{"osm_id":126012537,"name":"Unnamed building","height_m":15.0,"height_basis":"osm-height","source_id":"osm-cbd-buildings"},"geometry":{"type":"Polygon","coordinates":[[[103.8491592,1.2878777],[103.8491462,1.2879217],[103.8493519,1.2879751],[103.8493375,1.2879247],[103.8491592,1.2878777]]]}},{"type":"Feature","id":126012545,"properties":{"osm_id":126012545,"name":"Unnamed building","height_m":15.0,"height_basis":"osm-height","source_id":"osm-cbd-buildings"},"geometry":{"type":"Polygon","coordinates":[[[103.8491462,1.2879217],[103.8491406,1.2879593],[103.8493563,1.28802],[103.8493519,1.2879751],[103.8491462,1.2879217]]]}},{"type":"Feature","id":126012549,"properties":{"osm_id":126012549,"name":"Unnamed building","height_m":15.0,"height_basis":"osm-height","source_id":"osm-cbd-buildings"},"geometry":{"type":"Polygon","coordinates":[[[103.8491474,1.2875927],[103.8493139,1.2876276],[103.8493137,1.2876732],[103.8491501,1.287637],[103.8491474,1.2875927]]]}},{"type":"Feature","id":126012557,"properties":{"osm_id":126012557,"name":"Unnamed building","height_m":15.0,"height_basis":"osm-height","source_id":"osm-cbd-buildings"},"geometry":{"type":"Polygon","coordinates":[[[103.8491511,1.2876917],[103.8491511,1.2877396],[103.8493187,1.2877785],[103.8493161,1.2877316],[103.8491511,1.2876917]]]}},{"type":"Feature","id":126012558,"properties":{"osm_id":126012558,"name":"Unnamed building","height_m":15.0,"height_basis":"osm-height","source_id":"osm-cbd-buildings"},"geometry":{"type":"Polygon","coordinates":[[[103.8491055,1.2881023],[103.8490935,1.2881492],[103.8493294,1.2882096],[103.8493416,1.288164],[103.8491055,1.2881023]]]}},{"type":"Feature","id":126012559,"properties":{"osm_id":126012559,"name":"Unnamed building","height_m":15.0,"height_basis":"osm-height","source_id":"osm-cbd-buildings"},"geometry":{"type":"Polygon","coordinates":[[[103.849698,1.285828],[103.8497356,1.2857736],[103.8497466,1.2857587],[103.8500242,1.2859772],[103.8499665,1.2860402],[103.8497532,1.2858716],[103.849698,1.285828]]]}},{"type":"Feature","id":126012562,"properties":{"osm_id":126012562,"name":"Unnamed building","height_m":15.0,"height_basis":"osm-height","source_id":"osm-cbd-buildings"},"geometry":{"type":"Polygon","coordinates":[[[103.8499545,1.2857962],[103.849811,1.2857493],[103.850051,1.2859343],[103.8500872,1.2858968],[103.8499545,1.2857962]]]}},{"type":"Feature","id":126012563,"properties":{"osm_id":126012563,"name":"Unnamed building","height_m":15.0,"height_basis":"osm-height","source_id":"osm-cbd-buildings"},"geometry":{"type":"Polygon","coordinates":[[[103.8492504,1.2885354],[103.8490559,1.2884858],[103.8490908,1.2885421],[103.8492383,1.2885783],[103.8492504,1.2885354]]]}},{"type":"Feature","id":126012564,"properties":{"osm_id":126012564,"name":"Unnamed building","height_m":15.0,"height_basis":"osm-height","source_id":"osm-cbd-buildings"},"geometry":{"type":"Polygon","coordinates":[[[103.8490827,1.2881948],[103.8493174,1.2882578],[103.8493067,1.2883021],[103.8490693,1.2882404],[103.8490827,1.2881948]]]}},{"type":"Feature","id":126012565,"properties":{"osm_id":126012565,"name":"Unnamed building","height_m":15.0,"height_basis":"osm-height","source_id":"osm-cbd-buildings"},"geometry":{"type":"Polygon","coordinates":[[[103.8491271,1.2880091],[103.849116,1.2880629],[103.8493527,1.2881219],[103.8493613,1.2880731],[103.8491271,1.2880091]]]}},{"type":"Feature","id":126012569,"properties":{"osm_id":126012569,"name":"Unnamed building","height_m":15.0,"height_basis":"osm-height","source_id":"osm-cbd-buildings"},"geometry":{"type":"Polygon","coordinates":[[[103.8490452,1.2883825],[103.8490313,1.2884327],[103.8492598,1.2884911],[103.8492718,1.2884429],[103.8490452,1.2883825]]]}},{"type":"Feature","id":126012571,"properties":{"osm_id":126012571,"name":"Unnamed building","height_m":15.0,"height_basis":"osm-height","source_id":"osm-cbd-buildings"},"geometry":{"type":"Polygon","coordinates":[[[103.8491514,1.2875123],[103.8493156,1.2875498],[103.8493153,1.2875874],[103.8491501,1.2875565],[103.8491514,1.2875123]]]}},{"type":"Feature","id":126012575,"properties":{"osm_id":126012575,"name":"Unnamed building","height_m":15.0,"height_basis":"osm-height","source_id":"osm-cbd-buildings"},"geometry":{"type":"Polygon","coordinates":[[[103.8491501,1.287637],[103.8493137,1.2876732],[103.8493161,1.2877316],[103.8491511,1.2876917],[103.8491501,1.287637]]]}},{"type":"Feature","id":126012577,"properties":{"osm_id":126012577,"name":"Unnamed building","height_m":15.0,"height_basis":"osm-height","source_id":"osm-cbd-buildings"},"geometry":{"type":"Polygon","coordinates":[[[103.8491551,1.2877852],[103.8491565,1.2878335],[103.8493335,1.2878724],[103.8493268,1.2878241],[103.8491551,1.2877852]]]}},{"type":"Feature","id":126012578,"properties":{"osm_id":126012578,"name":"Unnamed building","height_m":15.0,"height_basis":"osm-height","source_id":"osm-cbd-buildings"},"geometry":{"type":"Polygon","coordinates":[[[103.8491511,1.2877396],[103.8491551,1.2877852],[103.8493268,1.2878241],[103.8493187,1.2877785],[103.8491511,1.2877396]]]}},{"type":"Feature","id":126012585,"properties":{"osm_id":126012585,"name":"Unnamed building","height_m":15.0,"height_basis":"osm-height","source_id":"osm-cbd-buildings"},"geometry":{"type":"Polygon","coordinates":[[[103.8496948,1.2857444],[103.8497109,1.285723],[103.849811,1.2857493],[103.850051,1.2859343],[103.8500242,1.2859772],[103.8497466,1.2857587],[103.8497356,1.2857736],[103.8496948,1.2857444]]]}},{"type":"Feature","id":126012589,"properties":{"osm_id":126012589,"name":"Unnamed building","height_m":15.0,"height_basis":"osm-height","source_id":"osm-cbd-buildings"},"geometry":{"type":"Polygon","coordinates":[[[103.8491406,1.2879593],[103.8493563,1.28802],[103.8493613,1.2880731],[103.8491271,1.2880091],[103.8491406,1.2879593]]]}},{"type":"Feature","id":126012591,"properties":{"osm_id":126012591,"name":"Unnamed building","height_m":15.0,"height_basis":"osm-height","source_id":"osm-cbd-buildings"},"geometry":{"type":"Polygon","coordinates":[[[103.8491565,1.2878335],[103.8491592,1.2878777],[103.8493375,1.2879247],[103.8493335,1.2878724],[103.8491565,1.2878335]]]}},{"type":"Feature","id":126012592,"properties":{"osm_id":126012592,"name":"Unnamed building","height_m":15.0,"height_basis":"osm-height","source_id":"osm-cbd-buildings"},"geometry":{"type":"Polygon","coordinates":[[[103.8491286,1.2885995],[103.8491523,1.2886427],[103.8491726,1.2886802],[103.8492128,1.2886909],[103.8492286,1.2886236],[103.8491286,1.2885995]]]}},{"type":"Feature","id":126012594,"properties":{"osm_id":126012594,"name":"Unnamed building","height_m":15.0,"height_basis":"osm-height","source_id":"osm-cbd-buildings"},"geometry":{"type":"Polygon","coordinates":[[[103.8492598,1.2884911],[103.8490313,1.2884327],[103.8490237,1.2884308],[103.8490559,1.2884858],[103.8492504,1.2885354],[103.8492598,1.2884911]]]}},{"type":"Feature","id":126012595,"properties":{"osm_id":126012595,"name":"Unnamed building","height_m":15.0,"height_basis":"osm-height","source_id":"osm-cbd-buildings"},"geometry":{"type":"Polygon","coordinates":[[[103.8490693,1.2882404],[103.8490559,1.2882887],[103.8492933,1.288349],[103.8493067,1.2883021],[103.8490693,1.2882404]]]}},{"type":"Feature","id":126012597,"properties":{"osm_id":126012597,"name":"Unnamed building","height_m":15.0,"height_basis":"osm-height","source_id":"osm-cbd-buildings"},"geometry":{"type":"Polygon","coordinates":[[[103.8490908,1.2885421],[103.8492383,1.2885783],[103.8492286,1.2886236],[103.8491286,1.2885995],[103.8490908,1.2885421]]]}},{"type":"Feature","id":126012600,"properties":{"osm_id":126012600,"name":"Unnamed building","height_m":15.0,"height_basis":"osm-height","source_id":"osm-cbd-buildings"},"geometry":{"type":"Polygon","coordinates":[[[103.8491501,1.2875565],[103.8493153,1.2875874],[103.8493139,1.2876276],[103.8491474,1.2875927],[103.8491501,1.2875565]]]}},{"type":"Feature","id":126012601,"properties":{"osm_id":126012601,"name":"Unnamed building","height_m":15.0,"height_basis":"osm-height","source_id":"osm-cbd-buildings"},"geometry":{"type":"Polygon","coordinates":[[[103.8491511,1.2874672],[103.8493201,1.287508],[103.8493156,1.2875498],[103.8491514,1.2875123],[103.8491511,1.2874672]]]}},{"type":"Feature","id":126012604,"properties":{"osm_id":126012604,"name":"Unnamed building","height_m":15.0,"height_basis":"osm-height","source_id":"osm-cbd-buildings"},"geometry":{"type":"Polygon","coordinates":[[[103.849116,1.2880629],[103.8491055,1.2881023],[103.8493416,1.288164],[103.8493527,1.2881219],[103.849116,1.2880629]]]}},{"type":"Feature","id":126015021,"properties":{"osm_id":126015021,"name":"Unnamed building","height_m":15.0,"height_basis":"osm-height","source_id":"osm-cbd-buildings"},"geometry":{"type":"Polygon","coordinates":[[[103.8489091,1.2882445],[103.848846,1.2881457],[103.8489915,1.2881841],[103.8490009,1.2881921],[103.8489091,1.2882445]]]}},{"type":"Feature","id":126015024,"properties":{"osm_id":126015024,"name":"Unnamed building","height_m":15.0,"height_basis":"osm-height","source_id":"osm-cbd-buildings"},"geometry":{"type":"Polygon","coordinates":[[[103.8492689,1.286317],[103.8492962,1.2862695],[103.8493288,1.286263],[103.8493855,1.2863026],[103.8493454,1.2863656],[103.8492689,1.286317]]]}},{"type":"Feature","id":126015030,"properties":{"osm_id":126015030,"name":"Unnamed building","height_m":15.0,"height_basis":"osm-height","source_id":"osm-cbd-buildings"},"geometry":{"type":"Polygon","coordinates":[[[103.8489345,1.2882811],[103.8489091,1.2882445],[103.8490009,1.2881921],[103.8489915,1.2881841],[103.8490029,1.2881631],[103.849019,1.2881712],[103.849019,1.2881886],[103.8490216,1.2882087],[103.8490109,1.2882181],[103.8490143,1.2882297],[103.8489345,1.2882811]]]}},{"type":"Feature","id":126015034,"properties":{"osm_id":126015034,"name":"Unnamed building","height_m":15.0,"height_basis":"osm-height","source_id":"osm-cbd-buildings"},"geometry":{"type":"Polygon","coordinates":[[[103.8489533,1.288316],[103.8489345,1.2882811],[103.8490143,1.2882297],[103.8490069,1.2882798],[103.8489533,1.288316]]]}},{"type":"Feature","id":126015038,"properties":{"osm_id":126015038,"name":"Unnamed building","height_m":15.0,"height_basis":"osm-height","source_id":"osm-cbd-buildings"},"geometry":{"type":"Polygon","coordinates":[[[103.8493453,1.2864343],[103.8494166,1.2863223],[103.849447,1.2863417],[103.8493757,1.2864536],[103.8493453,1.2864343]]]}},{"type":"Feature","id":126015040,"properties":{"osm_id":126015040,"name":"Unnamed building","height_m":15.0,"height_basis":"osm-height","source_id":"osm-cbd-buildings"},"geometry":{"type":"Polygon","coordinates":[[[103.8493855,1.2863026],[103.8494166,1.2863223],[103.8493453,1.2864343],[103.8493143,1.2864145],[103.8493454,1.2863656],[103.8493855,1.2863026]]]}},{"type":"Feature","id":126015045,"properties":{"osm_id":126015045,"name":"Unnamed building","height_m":15.0,"height_basis":"osm-height","source_id":"osm-cbd-buildings"},"geometry":{"type":"Polygon","coordinates":[[[103.8492378,1.2863659],[103.8492689,1.286317],[103.8493454,1.2863656],[103.8493143,1.2864145],[103.8492378,1.2863659]]]}},{"type":"Feature","id":126015048,"properties":{"osm_id":126015048,"name":"Unnamed building","height_m":15.0,"height_basis":"osm-height","source_id":"osm-cbd-buildings"},"geometry":{"type":"Polygon","coordinates":[[[103.8489372,1.2873319],[103.8489399,1.2872438],[103.8490726,1.2872856],[103.8490692,1.2873042],[103.8490922,1.2873113],[103.8490941,1.2873748],[103.8489372,1.2873319]]]}},{"type":"Feature","id":126015053,"properties":{"osm_id":126015053,"name":"Unnamed building","height_m":15.0,"height_basis":"osm-height","source_id":"osm-cbd-buildings"},"geometry":{"type":"Polygon","coordinates":[[[103.8493341,1.2861818],[103.8493719,1.28613],[103.8495129,1.2862328],[103.8494751,1.2862846],[103.8493341,1.2861818]]]}},{"type":"Feature","id":126015056,"properties":{"osm_id":126015056,"name":"Unnamed building","height_m":15.0,"height_basis":"osm-height","source_id":"osm-cbd-buildings"},"geometry":{"type":"Polygon","coordinates":[[[103.8488594,1.2881081],[103.8488954,1.287952],[103.8490672,1.2879955],[103.8490364,1.288147],[103.8488594,1.2881081]]]}},{"type":"Feature","id":126015062,"properties":{"osm_id":126015062,"name":"Unnamed building","height_m":15.0,"height_basis":"osm-height","source_id":"osm-cbd-buildings"},"geometry":{"type":"Polygon","coordinates":[[[103.848846,1.2881457],[103.8488594,1.2881081],[103.8490364,1.288147],[103.849031,1.2881886],[103.849019,1.2881886],[103.849019,1.2881712],[103.8490029,1.2881631],[103.8489915,1.2881841],[103.848846,1.2881457]]]}},{"type":"Feature","id":126514909,"properties":{"osm_id":126514909,"name":"Unnamed building","height_m":15.0,"height_basis":"osm-height","source_id":"osm-cbd-buildings"},"geometry":{"type":"Polygon","coordinates":[[[103.849255,1.2861507],[103.8491757,1.2860986],[103.8491496,1.2860977],[103.8491303,1.2861185],[103.8492362,1.2861896],[103.849255,1.2861507]]]}},{"type":"Feature","id":126514910,"properties":{"osm_id":126514910,"name":"Unnamed building","height_m":15.0,"height_basis":"osm-height","source_id":"osm-cbd-buildings"},"geometry":{"type":"Polygon","coordinates":[[[103.8491236,1.2859684],[103.8491692,1.2860649],[103.8491732,1.2860542],[103.8491839,1.2860689],[103.8491933,1.2860555],[103.8492764,1.2861159],[103.8492952,1.2860783],[103.8491866,1.2860086],[103.8491675,1.2859509],[103.8491236,1.2859684]]]}},{"type":"Feature","id":126514911,"properties":{"osm_id":126514911,"name":"Unnamed building","height_m":15.0,"height_basis":"osm-height","source_id":"osm-cbd-buildings"},"geometry":{"type":"Polygon","coordinates":[[[103.849322,1.2858732],[103.8492791,1.2858987],[103.8493676,1.2859737],[103.8493926,1.2859418],[103.849322,1.2858732]]]}},{"type":"Feature","id":126514915,"properties":{"osm_id":126514915,"name":"Unnamed building","height_m":15.0,"height_basis":"osm-height","source_id":"osm-cbd-buildings"},"geometry":{"type":"Polygon","coordinates":[[[103.8485455,1.2862473],[103.8486136,1.2863764],[103.8487078,1.2863185],[103.8486314,1.2862097],[103.8485455,1.2862473]]]}},{"type":"Feature","id":126514917,"properties":{"osm_id":126514917,"name":"Unnamed building","height_m":15.0,"height_basis":"osm-height","source_id":"osm-cbd-buildings"},"geometry":{"type":"Polygon","coordinates":[[[103.8487589,1.2867096],[103.8487507,1.2867272],[103.8487877,1.2868025],[103.8487676,1.2868146],[103.8488594,1.2870115],[103.8489057,1.2868545],[103.8487589,1.2867096]]]}},{"type":"Feature","id":126514922,"properties":{"osm_id":126514922,"name":"Unnamed building","height_m":15.0,"height_basis":"osm-height","source_id":"osm-cbd-buildings"},"geometry":{"type":"Polygon","coordinates":[[[103.8492791,1.2858987],[103.8492308,1.2859188],[103.8493422,1.2860103],[103.8493676,1.2859737],[103.8492791,1.2858987]]]}},{"type":"Feature","id":126514923,"properties":{"osm_id":126514923,"name":"Unnamed building","height_m":15.0,"height_basis":"osm-height","source_id":"osm-cbd-buildings"},"geometry":{"type":"Polygon","coordinates":[[[103.8493784,1.285845],[103.849322,1.2858732],[103.8493926,1.2859418],[103.8494186,1.2859],[103.8493784,1.285845]]]}},{"type":"Feature","id":126514927,"properties":{"osm_id":126514927,"name":"Unnamed building","height_m":15.0,"height_basis":"osm-height","source_id":"osm-cbd-buildings"},"geometry":{"type":"Polygon","coordinates":[[[103.8487306,1.2879782],[103.8486385,1.2878014],[103.8488186,1.287729],[103.8487829,1.2879648],[103.8487306,1.2879782]]]}},{"type":"Feature","id":126514931,"properties":{"osm_id":126514931,"name":"Unnamed building","height_m":15.0,"height_basis":"osm-height","source_id":"osm-cbd-buildings"},"geometry":{"type":"Polygon","coordinates":[[[103.8492308,1.2859188],[103.8493422,1.2860103],[103.8493178,1.2860429],[103.8492241,1.2859804],[103.8492013,1.2859322],[103.8492308,1.2859188]]]}},{"type":"Feature","id":126514941,"properties":{"osm_id":126514941,"name":"Unnamed building","height_m":15.0,"height_basis":"osm-height","source_id":"osm-cbd-buildings"},"geometry":{"type":"Polygon","coordinates":[[[103.8484973,1.286266],[103.8485616,1.2864068],[103.8486136,1.2863764],[103.8485455,1.2862473],[103.8484973,1.286266]]]}},{"type":"Feature","id":126514944,"properties":{"osm_id":126514944,"name":"Unnamed building","height_m":15.0,"height_basis":"osm-height","source_id":"osm-cbd-buildings"},"geometry":{"type":"Polygon","coordinates":[[[103.8485616,1.2864068],[103.8486136,1.2863764],[103.8487078,1.2863185],[103.8488017,1.2864671],[103.8486408,1.2865529],[103.8485616,1.2864068]]]}},{"type":"Feature","id":126514948,"properties":{"osm_id":126514948,"name":"Unnamed building","height_m":15.0,"height_basis":"osm-height","source_id":"osm-cbd-buildings"},"geometry":{"type":"Polygon","coordinates":[[[103.8487218,1.2867135],[103.8486797,1.2866334],[103.8487722,1.2865731],[103.8487218,1.2867135]]]}},{"type":"Feature","id":126514950,"properties":{"osm_id":126514950,"name":"Unnamed building","height_m":15.0,"height_basis":"osm-height","source_id":"osm-cbd-buildings"},"geometry":{"type":"Polygon","coordinates":[[[103.8486394,1.2865597],[103.8488017,1.2864671],[103.8487985,1.2865093],[103.8487722,1.2865731],[103.8486797,1.2866334],[103.8486394,1.2865597]]]}},{"type":"Feature","id":126514952,"properties":{"osm_id":126514952,"name":"Unnamed building","height_m":15.0,"height_basis":"osm-height","source_id":"osm-cbd-buildings"},"geometry":{"type":"Polygon","coordinates":[[[103.8492013,1.2859322],[103.8491675,1.2859509],[103.8491866,1.2860086],[103.8492952,1.2860783],[103.8493178,1.2860429],[103.8492241,1.2859804],[103.8492013,1.2859322]]]}},{"type":"Feature","id":126520575,"properties":{"osm_id":126520575,"name":"Unnamed building","height_m":18.0,"height_basis":"osm-height","source_id":"osm-cbd-buildings"},"geometry":{"type":"Polygon","coordinates":[[[103.8478052,1.2867513],[103.8476626,1.2868332],[103.8476357,1.2867863],[103.8477783,1.2867044],[103.8478052,1.2867513]]]}},{"type":"Feature","id":126520579,"properties":{"osm_id":126520579,"name":"Unnamed building","height_m":20.0,"height_basis":"osm-height","source_id":"osm-cbd-buildings"},"geometry":{"type":"Polygon","coordinates":[[[103.8484128,1.2852135],[103.8484611,1.2853194],[103.8484887,1.2853129],[103.8485107,1.2853664],[103.8483229,1.2854549],[103.8483323,1.285479],[103.8482191,1.2855328],[103.8481325,1.2853422],[103.8484128,1.2852135]]]}},{"type":"Feature","id":126520581,"properties":{"osm_id":126520581,"name":"Unnamed building","height_m":18.0,"height_basis":"osm-height","source_id":"osm-cbd-buildings"},"geometry":{"type":"Polygon","coordinates":[[[103.847763,1.2869985],[103.8477346,1.2869488],[103.8477518,1.2869392],[103.8478705,1.2868711],[103.8478818,1.2868646],[103.8479103,1.2869144],[103.847763,1.2869985]]]}},{"type":"Feature","id":126520582,"properties":{"osm_id":126520582,"name":"Pickering Operation Complex","height_m":177.0,"height_basis":"osm-height","source_id":"osm-cbd-buildings"},"geometry":{"type":"Polygon","coordinates":[[[103.847989,1.2851961],[103.8479769,1.2851934],[103.8479635,1.28518],[103.8479595,1.2851612],[103.8479689,1.2851492],[103.8479764,1.2851386],[103.8479876,1.2851371],[103.8480037,1.2851398],[103.8481287,1.285075],[103.8482518,1.2850111],[103.8482634,1.2850113],[103.8482733,1.2849977],[103.848284,1.2849936],[103.8482948,1.2849936],[103.8483055,1.2849936],[103.8483149,1.2850003],[103.8483216,1.2850097],[103.8483229,1.2850258],[103.8483229,1.2850473],[103.8483452,1.2850381],[103.848398,1.2851384],[103.8483699,1.2851518],[103.8483752,1.2851653],[103.8483881,1.2851641],[103.8483967,1.285172],[103.8484007,1.285188],[103.8484007,1.2852015],[103.8483873,1.2852149],[103.8480963,1.285353],[103.8480802,1.285365],[103.8480627,1.2853623],[103.8480493,1.2853543],[103.8480453,1.2853382],[103.8480493,1.2853261],[103.8480568,1.2853156],[103.8480507,1.2853034],[103.8480239,1.2853181],[103.8479729,1.2852189],[103.8479992,1.2852057],[103.847989,1.2851961]]]}},{"type":"Feature","id":126520585,"properties":{"osm_id":126520585,"name":"Direct Asia","height_m":20.0,"height_basis":"osm-height","source_id":"osm-cbd-buildings"},"geometry":{"type":"Polygon","coordinates":[[[103.8475679,1.2867232],[103.8477202,1.2866497],[103.8477511,1.2866604],[103.8477783,1.2867044],[103.8476357,1.2867863],[103.8476121,1.2867983],[103.8475679,1.2867232]]]}},{"type":"Feature","id":126520586,"properties":{"osm_id":126520586,"name":"Unnamed building","height_m":18.0,"height_basis":"osm-height","source_id":"osm-cbd-buildings"},"geometry":{"type":"Polygon","coordinates":[[[103.8478229,1.2867844],[103.8476827,1.2868652],[103.8477165,1.2869235],[103.8477363,1.2869121],[103.8477518,1.2869392],[103.8478705,1.2868711],[103.8478229,1.2867844]]]}},{"type":"Feature","id":126520589,"properties":{"osm_id":126520589,"name":"Wong Shee Fun Building","height_m":18.0,"height_basis":"osm-height","source_id":"osm-cbd-buildings"},"geometry":{"type":"Polygon","coordinates":[[[103.847763,1.2869985],[103.8479103,1.2869144],[103.8479405,1.2869674],[103.8477933,1.2870515],[103.847763,1.2869985]]]}},{"type":"Feature","id":126520591,"properties":{"osm_id":126520591,"name":"Unnamed building","height_m":18.0,"height_basis":"osm-height","source_id":"osm-cbd-buildings"},"geometry":{"type":"Polygon","coordinates":[[[103.847879,1.2871496],[103.8478441,1.2871362],[103.8478237,1.2871047],[103.8479709,1.2870205],[103.847985,1.2870423],[103.8479742,1.2870973],[103.847879,1.2871496]]]}},{"type":"Feature","id":126520593,"properties":{"osm_id":126520593,"name":"Poh Heng Building","height_m":16.0,"height_basis":"levels-estimate","source_id":"osm-cbd-buildings"},"geometry":{"type":"Polygon","coordinates":[[[103.8475026,1.2870135],[103.847404,1.2868268],[103.8475117,1.28677],[103.8475488,1.2867796],[103.8476357,1.2869207],[103.8476212,1.2869509],[103.8475026,1.2870135]]]}},{"type":"Feature","id":127348511,"properties":{"osm_id":127348511,"name":"Unnamed building","height_m":35.0,"height_basis":"osm-height","source_id":"osm-cbd-buildings"},"geometry":{"type":"Polygon","coordinates":[[[103.8497533,1.2941154],[103.8499475,1.294006],[103.8500778,1.2942372],[103.8498836,1.2943466],[103.8497533,1.2941154]]]}},{"type":"Feature","id":127348515,"properties":{"osm_id":127348515,"name":"The Bible House","height_m":20.0,"height_basis":"osm-height","source_id":"osm-cbd-buildings"},"geometry":{"type":"Polygon","coordinates":[[[103.8484785,1.2938279],[103.8486904,1.2934646],[103.8487024,1.2934539],[103.8487279,1.2934431],[103.8487494,1.2934378],[103.8487775,1.2934378],[103.8488084,1.2934445],[103.8488358,1.2934641],[103.8489117,1.2935786],[103.8489082,1.2936062],[103.8484785,1.2938279]]]}},{"type":"Feature","id":127348516,"properties":{"osm_id":127348516,"name":"Vanguard Building","height_m":30.0,"height_basis":"osm-height","source_id":"osm-cbd-buildings"},"geometry":{"type":"Polygon","coordinates":[[[103.8500052,1.2947407],[103.8498742,1.2948125],[103.8498419,1.29482],[103.8498084,1.2948094],[103.8497882,1.2947868],[103.8496511,1.2945363],[103.8498375,1.2944343],[103.8500052,1.2947407]]]}},{"type":"Feature","id":127348518,"properties":{"osm_id":127348518,"name":"Unnamed building","height_m":20.0,"height_basis":"osm-height","source_id":"osm-cbd-buildings"},"geometry":{"type":"Polygon","coordinates":[[[103.8492944,1.2947364],[103.8492367,1.2946275],[103.8494352,1.2945209],[103.8494917,1.2946318],[103.8494284,1.2946654],[103.8492944,1.2947364]]]}},{"type":"Feature","id":127348519,"properties":{"osm_id":127348519,"name":"Stamford Place","height_m":30.0,"height_basis":"osm-height","source_id":"osm-cbd-buildings"},"geometry":{"type":"Polygon","coordinates":[[[103.8498606,1.2937616],[103.8499199,1.2937301],[103.8499847,1.2937555],[103.8500399,1.2939082],[103.8503483,1.2944738],[103.8503267,1.2945508],[103.8500845,1.2946908],[103.8500487,1.2946818],[103.8499339,1.294473],[103.8499191,1.2944459],[103.8499289,1.2944093],[103.8501466,1.294278],[103.8499887,1.2939954],[103.8498606,1.2937616]]]}},{"type":"Feature","id":127348521,"properties":{"osm_id":127348521,"name":"Unnamed building","height_m":30.0,"height_basis":"osm-height","source_id":"osm-cbd-buildings"},"geometry":{"type":"Polygon","coordinates":[[[103.8491678,1.2936563],[103.8497552,1.2933332],[103.8498746,1.2935531],[103.8498464,1.2935665],[103.8498571,1.2935893],[103.8498276,1.2936107],[103.8498362,1.2936331],[103.8493762,1.2938905],[103.8493623,1.2938722],[103.849332,1.2938851],[103.8493194,1.2938615],[103.849289,1.2938757],[103.8491678,1.2936563]]]}},{"type":"Feature","id":127348523,"properties":{"osm_id":127348523,"name":"The Substation","height_m":20.0,"height_basis":"osm-height","source_id":"osm-cbd-buildings"},"geometry":{"type":"Polygon","coordinates":[[[103.8489623,1.2945227],[103.8489973,1.2945044],[103.8491397,1.2944313],[103.8492388,1.2943806],[103.8492689,1.2943653],[103.8493041,1.294347],[103.8493328,1.2943317],[103.8493906,1.29444],[103.8491919,1.2945459],[103.8490221,1.2946361],[103.8489883,1.2945724],[103.8489623,1.2945227]]]}},{"type":"Feature","id":127348524,"properties":{"osm_id":127348524,"name":"Unnamed building","height_m":30.0,"height_basis":"osm-height","source_id":"osm-cbd-buildings"},"geometry":{"type":"Polygon","coordinates":[[[103.8493824,1.2940401],[103.8493923,1.2940005],[103.8495456,1.293917],[103.8496046,1.2940253],[103.8495776,1.29404],[103.8495917,1.2940659],[103.8497531,1.2939782],[103.8497374,1.2939494],[103.8496393,1.2940027],[103.8495825,1.2938982],[103.8498181,1.2937702],[103.8499168,1.2939518],[103.8499123,1.2939815],[103.8496624,1.2941186],[103.8497023,1.2941943],[103.8495199,1.2942962],[103.8493824,1.2940401]]]}},{"type":"Feature","id":127348525,"properties":{"osm_id":127348525,"name":"Wilmer Place","height_m":30.0,"height_basis":"osm-height","source_id":"osm-cbd-buildings"},"geometry":{"type":"Polygon","coordinates":[[[103.8496511,1.2945363],[103.8498375,1.2944343],[103.8497023,1.2941943],[103.8495199,1.2942962],[103.8496511,1.2945363]]]}},{"type":"Feature","id":127348526,"properties":{"osm_id":127348526,"name":"Peranakan Museum","height_m":20.0,"height_basis":"osm-height","source_id":"osm-cbd-buildings"},"geometry":{"type":"Polygon","coordinates":[[[103.8489126,1.2942593],[103.8489982,1.2942102],[103.8490263,1.2942591],[103.849037,1.2942529],[103.8490081,1.2942026],[103.8491751,1.2941069],[103.8492007,1.2941138],[103.849213,1.294142],[103.8492073,1.2941659],[103.8491862,1.2941777],[103.8492093,1.2942188],[103.8492305,1.2942563],[103.8492513,1.2942445],[103.8492753,1.2942537],[103.8492888,1.2942794],[103.849286,1.2943034],[103.8491194,1.2943991],[103.8490897,1.2943475],[103.8490764,1.2943552],[103.8491061,1.294407],[103.8490254,1.2944533],[103.8489922,1.2943954],[103.8489733,1.2944063],[103.8489253,1.2943227],[103.8489432,1.2943125],[103.8489126,1.2942593]]]}},{"type":"Feature","id":136853818,"properties":{"osm_id":136853818,"name":"Lee Kong Chian School of Business","height_m":30.0,"height_basis":"osm-height","source_id":"osm-cbd-buildings"},"geometry":{"type":"Polygon","coordinates":[[[103.8503607,1.2956238],[103.8500132,1.2951008],[103.8501938,1.2949767],[103.8503585,1.2949622],[103.8504711,1.2948281],[103.8505355,1.2947691],[103.8510939,1.2953624],[103.8509464,1.2954941],[103.8508556,1.2955598],[103.8506806,1.2953773],[103.8506421,1.2953609],[103.8506002,1.2953707],[103.8504709,1.2954606],[103.8505125,1.2955208],[103.8503607,1.2956238]]]}},{"type":"Feature","id":136853913,"properties":{"osm_id":136853913,"name":"School of Accountancy","height_m":30.0,"height_basis":"osm-height","source_id":"osm-cbd-buildings"},"geometry":{"type":"Polygon","coordinates":[[[103.8494932,1.29612],[103.8494695,1.2960941],[103.8494597,1.2960674],[103.8494792,1.2959266],[103.8494848,1.2959243],[103.8495044,1.2958507],[103.8494883,1.2958296],[103.8495373,1.2956592],[103.8495455,1.2956688],[103.8495563,1.2956486],[103.8496417,1.2957501],[103.8496742,1.2957231],[103.8496486,1.2956906],[103.849685,1.2956604],[103.8497103,1.2956933],[103.8497464,1.2956634],[103.8496225,1.2955108],[103.8496321,1.295492],[103.8496289,1.2954891],[103.8496425,1.2954633],[103.8496362,1.2954558],[103.8496966,1.2953784],[103.8497647,1.2952999],[103.8500789,1.2957174],[103.8499736,1.2957947],[103.8499407,1.2958142],[103.8499268,1.2958105],[103.8499377,1.2958287],[103.8498635,1.2958874],[103.8498534,1.2958742],[103.8498019,1.2959462],[103.8497921,1.2959294],[103.8497353,1.2960046],[103.8496756,1.2960566],[103.8495774,1.2961246],[103.8495317,1.2961387],[103.8494932,1.29612]]]}},{"type":"Feature","id":136854009,"properties":{"osm_id":136854009,"name":"SMU Administration Building","height_m":67.0,"height_basis":"osm-height","source_id":"osm-cbd-buildings"},"geometry":{"type":"Polygon","coordinates":[[[103.8519637,1.2966743],[103.8519261,1.2966442],[103.851898,1.2966104],[103.8516667,1.2963325],[103.8518107,1.2962126],[103.8518344,1.2962411],[103.8518659,1.2962149],[103.8520915,1.2964861],[103.852144,1.2965358],[103.8519637,1.2966743]]]}},{"type":"Feature","id":146335667,"properties":{"osm_id":146335667,"name":"Samsung","height_m":172.0,"height_basis":"osm-height","source_id":"osm-cbd-buildings"},"geometry":{"type":"Polygon","coordinates":[[[103.8496307,1.283635],[103.8495599,1.2835889],[103.8495497,1.2835561],[103.8493507,1.2833817],[103.8493394,1.2833581],[103.8493555,1.2833091],[103.849573,1.2830527],[103.8496249,1.2829915],[103.8497239,1.2830722],[103.8497655,1.2830212],[103.8499301,1.2831552],[103.8498509,1.2832578],[103.8498215,1.2832997],[103.8498256,1.283314],[103.8498205,1.2833366],[103.8496307,1.283635]]]}},{"type":"Feature","id":147104298,"properties":{"osm_id":147104298,"name":"Old Thong Chai Medical Institution","height_m":35.0,"height_basis":"osm-height","source_id":"osm-cbd-buildings"},"geometry":{"type":"Polygon","coordinates":[[[103.845136,1.2875248],[103.8451953,1.2876065],[103.8452164,1.2875919],[103.8452745,1.2876517],[103.8452847,1.2876595],[103.8453178,1.2876381],[103.845749,1.2873602],[103.8456576,1.2872276],[103.8456071,1.2872544],[103.845136,1.2875248]]]}},{"type":"Feature","id":155980025,"properties":{"osm_id":155980025,"name":"Saint Andrew's Cathedral","height_m":12,"height_basis":"illustrative-default","source_id":"osm-cbd-buildings"},"geometry":{"type":"Polygon","coordinates":[[[103.8520421,1.2925497],[103.8521324,1.2925006],[103.8521546,1.2925445],[103.852163,1.2925399],[103.8521694,1.2925517],[103.8521794,1.2925462],[103.852173,1.2925344],[103.8521851,1.2925271],[103.8522191,1.2925097],[103.8522367,1.2924995],[103.8522521,1.2925276],[103.8522406,1.2925339],[103.8522511,1.2925532],[103.8522626,1.2925469],[103.8522776,1.2925742],[103.8522661,1.2925805],[103.8522738,1.2925945],[103.8522853,1.2925884],[103.8522916,1.2926],[103.8523006,1.292595],[103.8522943,1.2925835],[103.852319,1.2925698],[103.8523317,1.292593],[103.8523276,1.2926054],[103.8523374,1.2926084],[103.8523411,1.2925957],[103.8523633,1.2926019],[103.8523695,1.2926198],[103.852379,1.2926165],[103.8523732,1.2925998],[103.8523942,1.2925883],[103.8524092,1.292599],[103.8524145,1.2925916],[103.8523993,1.292581],[103.8524055,1.2925591],[103.8524227,1.2925589],[103.8524226,1.2925487],[103.8524061,1.2925488],[103.8523949,1.2925283],[103.852422,1.2925135],[103.8524284,1.2925251],[103.8524407,1.2925184],[103.8524344,1.2925068],[103.8524441,1.2925015],[103.8524359,1.2924866],[103.8524262,1.2924919],[103.8524111,1.2924642],[103.8524208,1.2924589],[103.8524109,1.2924407],[103.8524011,1.2924461],[103.8523857,1.292418],[103.852448,1.2923839],[103.8524545,1.2923957],[103.8524616,1.2923918],[103.8524551,1.29238],[103.8524675,1.2923732],[103.8524437,1.2923311],[103.8525257,1.2922864],[103.852525,1.2922896],[103.8525257,1.2922928],[103.8525278,1.2922952],[103.8525309,1.2922962],[103.852534,1.2922954],[103.8525364,1.2922932],[103.8525373,1.2922902],[103.8525365,1.292287],[103.8525343,1.2922847],[103.8525311,1.2922835],[103.8524921,1.2922118],[103.852493,1.2922087],[103.8524922,1.2922056],[103.8524899,1.2922033],[103.8524868,1.2922025],[103.8524837,1.2922033],[103.8524815,1.2922056],[103.8524807,1.2922088],[103.8524816,1.2922119],[103.852484,1.292214],[103.8524867,1.2922147],[103.852404,1.2922598],[103.8523854,1.2922232],[103.8523799,1.2922262],[103.8523734,1.2922144],[103.8523639,1.2922196],[103.8523704,1.2922314],[103.8523102,1.2922644],[103.8522948,1.2922364],[103.8523078,1.2922293],[103.8523039,1.2922222],[103.852291,1.2922293],[103.8522753,1.2922007],[103.8522882,1.2921936],[103.8522845,1.2921867],[103.8522715,1.2921938],[103.8522556,1.2921648],[103.8522686,1.2921577],[103.8522653,1.2921517],[103.8522523,1.2921588],[103.8522375,1.2921317],[103.8522504,1.2921246],[103.8522467,1.2921178],[103.8522338,1.2921249],[103.8522089,1.2920795],[103.8521874,1.2920913],[103.8521457,1.2920152],[103.8521481,1.2919969],[103.8521289,1.2919943],[103.8521265,1.2920126],[103.8520903,1.2920324],[103.8520472,1.292056],[103.85202,1.2920535],[103.8520182,1.2920714],[103.8520444,1.2920741],[103.8520846,1.2921475],[103.8520533,1.2921647],[103.8520773,1.2922084],[103.8520643,1.2922155],[103.8520681,1.2922224],[103.852081,1.2922153],[103.8520965,1.2922434],[103.8520835,1.2922505],[103.8520871,1.2922571],[103.8521001,1.29225],[103.8521158,1.2922787],[103.8521028,1.2922858],[103.8521067,1.2922929],[103.8521196,1.2922858],[103.8521352,1.2923142],[103.8521223,1.2923213],[103.8521266,1.2923292],[103.8521395,1.2923221],[103.8521546,1.2923496],[103.8520925,1.2923835],[103.852086,1.2923718],[103.8520755,1.2923775],[103.852082,1.2923893],[103.8520725,1.2923945],[103.8520911,1.2924301],[103.8520034,1.2924779],[103.8520046,1.2924749],[103.8520038,1.2924718],[103.8520016,1.2924696],[103.8519986,1.2924688],[103.8519955,1.2924695],[103.8519933,1.2924716],[103.8519924,1.2924746],[103.8519931,1.2924777],[103.8519952,1.29248],[103.851998,1.2924808],[103.8520371,1.2925525],[103.8520362,1.2925559],[103.8520368,1.292559],[103.852039,1.2925614],[103.852042,1.2925624],[103.8520452,1.2925617],[103.8520475,1.2925595],[103.8520484,1.2925564],[103.8520477,1.2925533],[103.8520454,1.292551],[103.8520421,1.2925497]]]}},{"type":"Feature","id":155986465,"properties":{"osm_id":155986465,"name":"Saint Joseph Church","height_m":20.0,"height_basis":"osm-height","source_id":"osm-cbd-buildings"},"geometry":{"type":"Polygon","coordinates":[[[103.8533563,1.2983258],[103.8533377,1.2983028],[103.853354,1.2982897],[103.853343,1.2982761],[103.8533393,1.2982791],[103.8532986,1.2982289],[103.8532622,1.2981838],[103.8532659,1.2981808],[103.8532535,1.2981655],[103.8532372,1.2981787],[103.8532202,1.2981576],[103.8531837,1.2981871],[103.8531922,1.2981977],[103.853032,1.2983272],[103.8529713,1.2982522],[103.8528775,1.298328],[103.8529382,1.2984031],[103.8528965,1.2984368],[103.8528862,1.2985135],[103.8529376,1.2985769],[103.8530152,1.2985835],[103.8530569,1.2985498],[103.8531241,1.2986328],[103.8532179,1.2985569],[103.8531507,1.2984739],[103.8533109,1.2983443],[103.8533198,1.2983553],[103.8533563,1.2983258]]]}},{"type":"Feature","id":155986466,"properties":{"osm_id":155986466,"name":"Cathedral of the Good Shepherd","height_m":15.0,"height_basis":"osm-height","source_id":"osm-cbd-buildings"},"geometry":{"type":"Polygon","coordinates":[[[103.8514588,1.2960814],[103.8513444,1.2961681],[103.851295,1.2961029],[103.851233,1.2961499],[103.8512582,1.296183],[103.8512009,1.2962265],[103.8511757,1.2961933],[103.8510382,1.2962976],[103.850986,1.2962288],[103.8509345,1.2961609],[103.851072,1.2960566],[103.8510472,1.2960238],[103.8511044,1.2959804],[103.8511293,1.2960132],[103.8511913,1.2959662],[103.8511416,1.2959007],[103.851256,1.2958141],[103.8513056,1.2958795],[103.8513766,1.2958257],[103.8514803,1.2959624],[103.8514093,1.2960162],[103.8514588,1.2960814]]]}},{"type":"Feature","id":155986468,"properties":{"osm_id":155986468,"name":"Church of Saints Peter and Paul","height_m":20.0,"height_basis":"osm-height","source_id":"osm-cbd-buildings"},"geometry":{"type":"Polygon","coordinates":[[[103.8511217,1.2980269],[103.8511408,1.2980486],[103.8511623,1.2980421],[103.8511806,1.2980628],[103.8511873,1.2980569],[103.8512217,1.2980956],[103.851326,1.2980031],[103.8513011,1.297975],[103.8514332,1.297858],[103.8514237,1.2978474],[103.8515168,1.2977649],[103.851443,1.2976817],[103.8513499,1.2977641],[103.8513404,1.2977533],[103.8512083,1.2978704],[103.851187,1.2978463],[103.8510826,1.2979388],[103.8511135,1.2979737],[103.8511068,1.2979796],[103.851129,1.2980046],[103.8511217,1.2980269]]]}},{"type":"Feature","id":155987124,"properties":{"osm_id":155987124,"name":"Unnamed building","height_m":12,"height_basis":"illustrative-default","source_id":"osm-cbd-buildings"},"geometry":{"type":"Polygon","coordinates":[[[103.8587941,1.2925681],[103.8587612,1.2927037],[103.8584798,1.2926354],[103.8585142,1.2924937],[103.858332,1.2921751],[103.8583828,1.292146],[103.8584616,1.2921001],[103.8583234,1.2918752],[103.858692,1.2916645],[103.8589372,1.2920772],[103.8590796,1.2923294],[103.8590893,1.2923465],[103.8591048,1.2923741],[103.859033,1.2924169],[103.8587941,1.2925681]]]}},{"type":"Feature","id":155988210,"properties":{"osm_id":155988210,"name":"Centennial Tower","height_m":158.0,"height_basis":"osm-height","source_id":"osm-cbd-buildings"},"geometry":{"type":"Polygon","coordinates":[[[103.8605938,1.2933537],[103.8605786,1.2933482],[103.8605741,1.2933555],[103.8605599,1.2933409],[103.8605692,1.293312],[103.8605505,1.2932953],[103.8605391,1.2932799],[103.8605299,1.293263],[103.8605232,1.2932429],[103.8605212,1.2932228],[103.8604874,1.2932175],[103.860487,1.2932007],[103.8605022,1.2932001],[103.8605011,1.2931866],[103.8604838,1.2931833],[103.8604532,1.2931798],[103.8604088,1.2931782],[103.8603609,1.2931819],[103.8603099,1.2931946],[103.8602677,1.2932094],[103.8602234,1.2932308],[103.8602293,1.293243],[103.8602259,1.2932597],[103.8602181,1.2932711],[103.8602047,1.2932825],[103.8601899,1.2932865],[103.8601758,1.2932872],[103.8601611,1.2932838],[103.8601517,1.2932704],[103.8601208,1.2932905],[103.86009,1.2933126],[103.860063,1.2933357],[103.8600424,1.2933605],[103.8600248,1.2933847],[103.8600003,1.2934249],[103.8599843,1.2934574],[103.8599698,1.2934957],[103.859982,1.293499],[103.8599852,1.2934944],[103.860002,1.2935044],[103.8599926,1.2935272],[103.8600048,1.2935372],[103.860016,1.2935493],[103.860025,1.293562],[103.860033,1.2935781],[103.8600397,1.2935922],[103.8600431,1.2936177],[103.860073,1.2936238],[103.8600732,1.2936425],[103.8600645,1.2936411],[103.8600621,1.2936521],[103.8600805,1.2936548],[103.8601141,1.2936588],[103.8601356,1.2936595],[103.8601595,1.2936603],[103.8601927,1.2936586],[103.8602261,1.2936545],[103.860265,1.2936467],[103.8602839,1.2936411],[103.8603039,1.2936337],[103.8603327,1.2936177],[103.8603448,1.2936083],[103.8603394,1.2935982],[103.8603374,1.2935875],[103.8603401,1.2935768],[103.8603493,1.2935654],[103.8603589,1.2935587],[103.8603694,1.293554],[103.8603855,1.293552],[103.8603996,1.2935527],[103.8604078,1.2935587],[103.860415,1.2935708],[103.8604387,1.2935567],[103.8604595,1.2935426],[103.8604938,1.2935141],[103.8605176,1.2934871],[103.8605356,1.2934636],[103.8605526,1.2934381],[103.8605726,1.2934028],[103.8605816,1.2933826],[103.860592,1.2933594],[103.8605938,1.2933537]]]}},{"type":"Feature","id":159679951,"properties":{"osm_id":159679951,"name":"North Bridge Centre","height_m":25.0,"height_basis":"osm-height","source_id":"osm-cbd-buildings"},"geometry":{"type":"Polygon","coordinates":[[[103.8548234,1.2969],[103.8552014,1.2973836],[103.855196,1.2974212],[103.8550975,1.2974993],[103.8549835,1.2974846],[103.854895,1.2973626],[103.854897,1.2973273],[103.8548819,1.2973067],[103.8547452,1.29712],[103.8546918,1.2970471],[103.8546978,1.2969751],[103.8547904,1.2969013],[103.8548234,1.2969]]]}},{"type":"Feature","id":159679953,"properties":{"osm_id":159679953,"name":"Unnamed building","height_m":34.0,"height_basis":"osm-height","source_id":"osm-cbd-buildings"},"geometry":{"type":"Polygon","coordinates":[[[103.8545864,1.2965836],[103.8547119,1.296736],[103.8547039,1.2967829],[103.8546301,1.2968406],[103.8545899,1.2968486],[103.8545537,1.2968433],[103.8545242,1.2968191],[103.8544336,1.2966987],[103.8545864,1.2965836]]]}},{"type":"Feature","id":159679958,"properties":{"osm_id":159679958,"name":"Unnamed building","height_m":12.0,"height_basis":"osm-height","source_id":"osm-cbd-buildings"},"geometry":{"type":"Polygon","coordinates":[[[103.8547909,1.2967527],[103.8548309,1.2967212],[103.8546739,1.2965218],[103.8546338,1.2965533],[103.8547909,1.2967527]]]}},{"type":"Feature","id":161576057,"properties":{"osm_id":161576057,"name":"JDMIS - Jewellery Design and Management International School","height_m":6.4,"height_basis":"levels-estimate","source_id":"osm-cbd-buildings"},"geometry":{"type":"Polygon","coordinates":[[[103.8529181,1.2987327],[103.8530489,1.2988929],[103.8530646,1.2988801],[103.8531244,1.2988313],[103.853045,1.2987337],[103.8529936,1.2986711],[103.8529181,1.2987327]]]}},{"type":"Feature","id":164176023,"properties":{"osm_id":164176023,"name":"Unnamed building","height_m":26.0,"height_basis":"osm-height","source_id":"osm-cbd-buildings"},"geometry":{"type":"Polygon","coordinates":[[[103.8551776,1.2955711],[103.8550376,1.2953611],[103.8552394,1.2952211],[103.85533,1.2953447],[103.8553218,1.2954435],[103.8551776,1.2955711]]]}},{"type":"Feature","id":164177174,"properties":{"osm_id":164177174,"name":"Evershine & Century Complex","height_m":25.0,"height_basis":"osm-height","source_id":"osm-cbd-buildings"},"geometry":{"type":"Polygon","coordinates":[[[103.8558868,1.2965433],[103.8557855,1.2964164],[103.8559985,1.2962465],[103.8561009,1.2963748],[103.8560642,1.2964036],[103.8558868,1.2965433]]]}},{"type":"Feature","id":164177177,"properties":{"osm_id":164177177,"name":"Unnamed building","height_m":26.0,"height_basis":"osm-height","source_id":"osm-cbd-buildings"},"geometry":{"type":"Polygon","coordinates":[[[103.854784,1.295893],[103.8546846,1.2957616],[103.8547053,1.2957459],[103.8547157,1.2956898],[103.8546906,1.2956566],[103.8549815,1.2954369],[103.8551291,1.2956322],[103.854784,1.295893]]]}},{"type":"Feature","id":164177179,"properties":{"osm_id":164177179,"name":"Unnamed building","height_m":25.0,"height_basis":"osm-height","source_id":"osm-cbd-buildings"},"geometry":{"type":"Polygon","coordinates":[[[103.8560032,1.2967513],[103.8558593,1.296565],[103.8558868,1.2965433],[103.8560642,1.2964036],[103.8561639,1.2965438],[103.8561495,1.2966375],[103.8560032,1.2967513]]]}},{"type":"Feature","id":164177180,"properties":{"osm_id":164177180,"name":"Wework Beach Centre","height_m":36.0,"height_basis":"osm-height","source_id":"osm-cbd-buildings"},"geometry":{"type":"Polygon","coordinates":[[[103.8555653,1.2961081],[103.8552648,1.295693],[103.8554209,1.295572],[103.8554748,1.2955774],[103.8554983,1.2955797],[103.8557288,1.2959082],[103.8557052,1.296003],[103.8555653,1.2961081]]]}},{"type":"Feature","id":164177181,"properties":{"osm_id":164177181,"name":"Unnamed building","height_m":25.0,"height_basis":"osm-height","source_id":"osm-cbd-buildings"},"geometry":{"type":"Polygon","coordinates":[[[103.855157,1.2970639],[103.8553312,1.2972913],[103.8552828,1.297334],[103.8552424,1.2973262],[103.8551039,1.2971418],[103.85511,1.2971009],[103.855157,1.2970639]]]}},{"type":"Feature","id":164180065,"properties":{"osm_id":164180065,"name":"Wilby Central","height_m":67.0,"height_basis":"osm-height","source_id":"osm-cbd-buildings"},"geometry":{"type":"Polygon","coordinates":[[[103.852711,1.2982519],[103.8525625,1.2980722],[103.8524753,1.2979667],[103.8526472,1.2978268],[103.8528768,1.2981057],[103.8528042,1.2981698],[103.852711,1.2982519]]]}},{"type":"Feature","id":164180066,"properties":{"osm_id":164180066,"name":"Grace (Singapore Chinese Christian) Church","height_m":63.0,"height_basis":"osm-height","source_id":"osm-cbd-buildings"},"geometry":{"type":"Polygon","coordinates":[[[103.852377,1.297941],[103.8522719,1.2978134],[103.8525055,1.2976227],[103.8526105,1.2977565],[103.852377,1.297941]]]}},{"type":"Feature","id":164182078,"properties":{"osm_id":164182078,"name":"Carlo Catholic Society","height_m":15.0,"height_basis":"osm-height","source_id":"osm-cbd-buildings"},"geometry":{"type":"Polygon","coordinates":[[[103.8513427,1.2975747],[103.8513622,1.2975967],[103.851226,1.2977141],[103.8511976,1.2976821],[103.8511255,1.2977459],[103.8511558,1.2977801],[103.8511288,1.2978033],[103.8511499,1.2978277],[103.8511875,1.2977954],[103.8512196,1.2978326],[103.851657,1.2974556],[103.8516011,1.2973908],[103.8514941,1.297483],[103.8514732,1.2974593],[103.8513427,1.2975747]]]}},{"type":"Feature","id":164182079,"properties":{"osm_id":164182079,"name":"Unnamed building","height_m":17.0,"height_basis":"osm-height","source_id":"osm-cbd-buildings"},"geometry":{"type":"Polygon","coordinates":[[[103.8517659,1.2973512],[103.8516957,1.297267],[103.8520074,1.2970101],[103.8522231,1.2972694],[103.8521306,1.2973481],[103.8519822,1.2971715],[103.8517659,1.2973512]]]}},{"type":"Feature","id":164182080,"properties":{"osm_id":164182080,"name":"Catholic Centre","height_m":40.0,"height_basis":"osm-height","source_id":"osm-cbd-buildings"},"geometry":{"type":"Polygon","coordinates":[[[103.8514158,1.2984507],[103.85133,1.2983462],[103.851565,1.2981531],[103.8516509,1.2982576],[103.8514158,1.2984507]]]}},{"type":"Feature","id":164182081,"properties":{"osm_id":164182081,"name":"Oxford Hotel","height_m":40.0,"height_basis":"osm-height","source_id":"osm-cbd-buildings"},"geometry":{"type":"Polygon","coordinates":[[[103.8517418,1.2981545],[103.8516697,1.2980674],[103.8518975,1.2978701],[103.8519028,1.2978765],[103.8519405,1.2979216],[103.8519322,1.2979292],[103.8519689,1.29797],[103.851932,1.298],[103.8517418,1.2981545]]]}},{"type":"Feature","id":164182082,"properties":{"osm_id":164182082,"name":"Unnamed building","height_m":15.0,"height_basis":"osm-height","source_id":"osm-cbd-buildings"},"geometry":{"type":"Polygon","coordinates":[[[103.8516269,1.298002],[103.8519138,1.297765],[103.8518324,1.2976669],[103.8518214,1.2976758],[103.8518042,1.2976557],[103.851527,1.2978812],[103.8516269,1.298002]]]}},{"type":"Feature","id":164182083,"properties":{"osm_id":164182083,"name":"Hotel Royal Queens","height_m":68.0,"height_basis":"osm-height","source_id":"osm-cbd-buildings"},"geometry":{"type":"Polygon","coordinates":[[[103.8519962,1.2975145],[103.852232,1.2973237],[103.8522969,1.2974039],[103.8523584,1.2974798],[103.8524581,1.2976029],[103.8522222,1.2977937],[103.8522127,1.297782],[103.8519962,1.2975145]]]}},{"type":"Feature","id":164182084,"properties":{"osm_id":164182084,"name":"Kum Yan Methodist Church","height_m":27.0,"height_basis":"osm-height","source_id":"osm-cbd-buildings"},"geometry":{"type":"Polygon","coordinates":[[[103.8517093,1.2972379],[103.8515348,1.297019],[103.851803,1.2967993],[103.8518252,1.2968022],[103.8519953,1.2969932],[103.8517093,1.2972379]]]}},{"type":"Feature","id":164183399,"properties":{"osm_id":164183399,"name":"GSM Building","height_m":20.0,"height_basis":"osm-height","source_id":"osm-cbd-buildings"},"geometry":{"type":"Polygon","coordinates":[[[103.8526133,1.2994975],[103.8523964,1.2992377],[103.8521777,1.2994202],[103.8523522,1.2996293],[103.8524519,1.2996322],[103.8526133,1.2994975]]]}},{"type":"Feature","id":164881347,"properties":{"osm_id":164881347,"name":"DBS Foundation Outdoor Theatre","height_m":16.0,"height_basis":"osm-height","source_id":"osm-cbd-buildings"},"geometry":{"type":"Polygon","coordinates":[[[103.8558958,1.288753],[103.8558774,1.2887763],[103.8558637,1.2887987],[103.8558646,1.2888159],[103.8558703,1.2888317],[103.8558892,1.2888467],[103.8559086,1.2888603],[103.855896,1.2888827],[103.8558572,1.2889248],[103.8557848,1.2889703],[103.8558522,1.2890173],[103.8559122,1.2890347],[103.8559739,1.2890427],[103.8560289,1.2890427],[103.8560879,1.2890347],[103.8561429,1.2890186],[103.8562005,1.2889864],[103.85623,1.2889516],[103.8561777,1.2889234],[103.8561496,1.2888966],[103.8561174,1.2888644],[103.856104,1.288847],[103.8561268,1.2888349],[103.8561602,1.2887974],[103.8561558,1.2887728],[103.8561373,1.2887548],[103.8561153,1.2887367],[103.856077,1.28872],[103.8560348,1.2887143],[103.8559904,1.2887161],[103.8559526,1.2887227],[103.8559191,1.288735],[103.8558958,1.288753]]]}},{"type":"Feature","id":164882619,"properties":{"osm_id":164882619,"name":"Unnamed building","height_m":12.8,"height_basis":"levels-estimate","source_id":"osm-cbd-buildings"},"geometry":{"type":"Polygon","coordinates":[[[103.8546971,1.299974],[103.8547475,1.3000297],[103.8548119,1.3001034],[103.8548776,1.3001786],[103.8549182,1.3002252],[103.854995,1.3003131],[103.855035,1.3003596],[103.8548272,1.3006229],[103.8544517,1.3001912],[103.8545599,1.3000953],[103.8546971,1.299974]]]}},{"type":"Feature","id":166311281,"properties":{"osm_id":166311281,"name":"Unnamed building","height_m":1.0,"height_basis":"osm-height","source_id":"osm-cbd-buildings"},"geometry":{"type":"Polygon","coordinates":[[[103.854859,1.2916725],[103.8547555,1.2917551],[103.8547424,1.2917388],[103.8547222,1.2917136],[103.8548258,1.2916309],[103.854859,1.2916725]]]}},{"type":"Feature","id":166311282,"properties":{"osm_id":166311282,"name":"Unnamed building","height_m":5.0,"height_basis":"osm-height","source_id":"osm-cbd-buildings"},"geometry":{"type":"Polygon","coordinates":[[[103.8551734,1.2914184],[103.8551333,1.2913742],[103.8552503,1.2912684],[103.8552693,1.2912894],[103.8552903,1.2913125],[103.8551734,1.2914184]]]}},{"type":"Feature","id":166311389,"properties":{"osm_id":166311389,"name":"Unnamed building","height_m":5.0,"height_basis":"osm-height","source_id":"osm-cbd-buildings"},"geometry":{"type":"Polygon","coordinates":[[[103.8544913,1.2913938],[103.8546445,1.2913299],[103.8546785,1.2914113],[103.8545252,1.2914753],[103.8544913,1.2913938]]]}},{"type":"Feature","id":166311391,"properties":{"osm_id":166311391,"name":"Unnamed building","height_m":5.0,"height_basis":"osm-height","source_id":"osm-cbd-buildings"},"geometry":{"type":"Polygon","coordinates":[[[103.855071,1.2908695],[103.8551077,1.2908826],[103.8551493,1.2908974],[103.8551002,1.2910349],[103.8550219,1.291007],[103.8550548,1.2909149],[103.855071,1.2908695]]]}},{"type":"Feature","id":166554005,"properties":{"osm_id":166554005,"name":"Unnamed building","height_m":35.2,"height_basis":"levels-estimate","source_id":"osm-cbd-buildings"},"geometry":{"type":"Polygon","coordinates":[[[103.8470032,1.2995005],[103.8469865,1.2995064],[103.8467733,1.2995814],[103.8467478,1.2995904],[103.8469075,1.3000436],[103.8471628,1.2999538],[103.8470032,1.2995005]]]}},{"type":"Feature","id":166554006,"properties":{"osm_id":166554006,"name":"Unnamed building","height_m":25.6,"height_basis":"levels-estimate","source_id":"osm-cbd-buildings"},"geometry":{"type":"Polygon","coordinates":[[[103.8472246,1.2995212],[103.8472081,1.2995271],[103.8471966,1.2994949],[103.8471752,1.2995025],[103.8471651,1.2994742],[103.8471064,1.2994952],[103.8471031,1.2994859],[103.8470473,1.2995059],[103.8471153,1.299696],[103.8470836,1.2997074],[103.8471065,1.2997714],[103.8471355,1.2998104],[103.8471698,1.2998293],[103.8472067,1.2998332],[103.8472366,1.299826],[103.8472659,1.2998097],[103.8473264,1.2997456],[103.8472438,1.2995143],[103.8472246,1.2995212]]]}},{"type":"Feature","id":170960936,"properties":{"osm_id":170960936,"name":"Old Supreme Court","height_m":25.0,"height_basis":"osm-height","source_id":"osm-cbd-buildings"},"geometry":{"type":"Polygon","coordinates":[[[103.8514582,1.2900254],[103.8514803,1.2900623],[103.8516503,1.2899661],[103.8515842,1.2898473],[103.8515426,1.2897763],[103.8515641,1.2897641],[103.8515545,1.2897471],[103.8515691,1.2897389],[103.8515638,1.2897296],[103.8514518,1.2895297],[103.8514474,1.2895222],[103.851435,1.2895292],[103.8514252,1.2895119],[103.8514018,1.289525],[103.851365,1.2894562],[103.8512899,1.2893252],[103.8511191,1.2894209],[103.8511115,1.2894083],[103.8509043,1.2895778],[103.8508169,1.2896492],[103.8511567,1.2902454],[103.8512518,1.2901916],[103.8512325,1.2901544],[103.8514582,1.2900254]]]}},{"type":"Feature","id":171142595,"properties":{"osm_id":171142595,"name":"Flower Dome","height_m":30.0,"height_basis":"osm-height","source_id":"osm-cbd-buildings"},"geometry":{"type":"Polygon","coordinates":[[[103.8653892,1.2843125],[103.8654142,1.2843977],[103.8652685,1.284597],[103.8651932,1.2846687],[103.8651469,1.2847129],[103.8650084,1.2848164],[103.8647227,1.2849407],[103.8645152,1.2849834],[103.8643144,1.2849902],[103.8641085,1.2849613],[103.8639749,1.2849127],[103.8639611,1.2848311],[103.8639846,1.2847222],[103.8641246,1.2844747],[103.8642549,1.2842444],[103.8644346,1.2841012],[103.8644801,1.2840904],[103.8646043,1.2840609],[103.8648501,1.2840719],[103.8650068,1.284114],[103.8650803,1.2841337],[103.8651532,1.2841707],[103.8652235,1.2842052],[103.8653521,1.2842324],[103.865319,1.2842585],[103.8653892,1.2843125]]]}},{"type":"Feature","id":171142597,"properties":{"osm_id":171142597,"name":"Cloud Forest","height_m":30.0,"height_basis":"osm-height","source_id":"osm-cbd-buildings"},"geometry":{"type":"Polygon","coordinates":[[[103.8657802,1.2835364],[103.8658527,1.2835016],[103.8660458,1.2834694],[103.8661316,1.2834667],[103.8664052,1.2834908],[103.8664533,1.2835142],[103.8664733,1.2835266],[103.8664883,1.2835447],[103.8664969,1.2835665],[103.866498,1.28359],[103.8664991,1.2836651],[103.8664804,1.2838457],[103.8664594,1.2839097],[103.8664191,1.283982],[103.8663501,1.2840675],[103.8662694,1.2841423],[103.8661317,1.2842219],[103.8659791,1.2842668],[103.865839,1.2842831],[103.865772,1.284283],[103.8657069,1.2842667],[103.8656477,1.2842352],[103.8656147,1.2841969],[103.8655854,1.2841365],[103.8655764,1.28407],[103.8655818,1.2839601],[103.8656166,1.2837885],[103.8656917,1.2836356],[103.8657802,1.2835364]]]}},{"type":"Feature","id":171981651,"properties":{"osm_id":171981651,"name":"Unnamed building","height_m":4.0,"height_basis":"osm-height","source_id":"osm-cbd-buildings"},"geometry":{"type":"Polygon","coordinates":[[[103.8650516,1.2822797],[103.8650469,1.2820589],[103.8650884,1.2818913],[103.8651434,1.2818805],[103.8652561,1.2818899],[103.8652855,1.2819316],[103.8652876,1.2820575],[103.8652693,1.282234],[103.8652334,1.2823048],[103.8651056,1.2823109],[103.8650516,1.2822797]]]}},{"type":"Feature","id":171981652,"properties":{"osm_id":171981652,"name":"Unnamed building","height_m":4.0,"height_basis":"osm-height","source_id":"osm-cbd-buildings"},"geometry":{"type":"Polygon","coordinates":[[[103.8649518,1.2807393],[103.8645533,1.2803856],[103.8646499,1.2802542],[103.8650871,1.2806109],[103.8649518,1.2807393]]]}},{"type":"Feature","id":171987820,"properties":{"osm_id":171987820,"name":"URA Centre (East Wing)","height_m":50.0,"height_basis":"osm-height","source_id":"osm-cbd-buildings"},"geometry":{"type":"Polygon","coordinates":[[[103.8457926,1.2804034],[103.8452974,1.2800278],[103.8455471,1.2797211],[103.8460296,1.280111],[103.8457926,1.2804034]]]}},{"type":"Feature","id":171987823,"properties":{"osm_id":171987823,"name":"Unnamed building","height_m":12.8,"height_basis":"levels-estimate","source_id":"osm-cbd-buildings"},"geometry":{"type":"Polygon","coordinates":[[[103.8462833,1.2801709],[103.8456505,1.2796713],[103.8458855,1.2793738],[103.8465183,1.2798734],[103.8462833,1.2801709]]]}},{"type":"Feature","id":171995552,"properties":{"osm_id":171995552,"name":"Far Eastern Bank Building","height_m":56.0,"height_basis":"osm-height","source_id":"osm-cbd-buildings"},"geometry":{"type":"Polygon","coordinates":[[[103.8482488,1.2797575],[103.8483888,1.2799947],[103.8481048,1.2801622],[103.8480355,1.2802031],[103.8478955,1.2799658],[103.8482488,1.2797575]]]}},{"type":"Feature","id":171995553,"properties":{"osm_id":171995553,"name":"The Clift","height_m":12.8,"height_basis":"levels-estimate","source_id":"osm-cbd-buildings"},"geometry":{"type":"Polygon","coordinates":[[[103.8476439,1.2794806],[103.8474482,1.2791511],[103.8470664,1.2793785],[103.8472514,1.2796891],[103.8476439,1.2794806]]]}},{"type":"Feature","id":171995555,"properties":{"osm_id":171995555,"name":"Wing On Life Building","height_m":56.0,"height_basis":"osm-height","source_id":"osm-cbd-buildings"},"geometry":{"type":"Polygon","coordinates":[[[103.8483888,1.2799947],[103.8484899,1.2801496],[103.848201,1.2803285],[103.8481048,1.2801622],[103.8483888,1.2799947]]]}},{"type":"Feature","id":171995558,"properties":{"osm_id":171995558,"name":"Tokio Marine Centre","height_m":121.0,"height_basis":"osm-height","source_id":"osm-cbd-buildings"},"geometry":{"type":"Polygon","coordinates":[[[103.8481891,1.2796563],[103.8480538,1.2794125],[103.8479807,1.2793918],[103.8477315,1.2795403],[103.8477177,1.2796515],[103.8478358,1.2798647],[103.8481891,1.2796563]]]}},{"type":"Feature","id":171995559,"properties":{"osm_id":171995559,"name":"Bangkok Bank","height_m":5.0,"height_basis":"osm-height","source_id":"osm-cbd-buildings"},"geometry":{"type":"Polygon","coordinates":[[[103.8478905,1.2792674],[103.8479038,1.2791942],[103.8477737,1.2789729],[103.8474755,1.279153],[103.8476492,1.2794194],[103.8478905,1.2792674]]]}},{"type":"Feature","id":171995560,"properties":{"osm_id":171995560,"name":"158 Cecil Street","height_m":44.800000000000004,"height_basis":"levels-estimate","source_id":"osm-cbd-buildings"},"geometry":{"type":"Polygon","coordinates":[[[103.8481891,1.2796563],[103.8482488,1.2797575],[103.8478955,1.2799658],[103.8478358,1.2798647],[103.8481891,1.2796563]]]}},{"type":"Feature","id":171995562,"properties":{"osm_id":171995562,"name":"Solitaire on Cecil","height_m":12,"height_basis":"illustrative-default","source_id":"osm-cbd-buildings"},"geometry":{"type":"Polygon","coordinates":[[[103.8487504,1.28057],[103.8484106,1.2807805],[103.8481501,1.28036],[103.848201,1.2803285],[103.8484899,1.2801496],[103.8487504,1.28057]]]}},{"type":"Feature","id":171999276,"properties":{"osm_id":171999276,"name":"Unnamed building","height_m":12,"height_basis":"illustrative-default","source_id":"osm-cbd-buildings"},"geometry":{"type":"Polygon","coordinates":[[[103.8473592,1.2844906],[103.8474076,1.2844629],[103.8474154,1.2844765],[103.847509,1.2846407],[103.8474606,1.2846683],[103.8473592,1.2844906]]]}},{"type":"Feature","id":171999277,"properties":{"osm_id":171999277,"name":"Unnamed building","height_m":12,"height_basis":"illustrative-default","source_id":"osm-cbd-buildings"},"geometry":{"type":"Polygon","coordinates":[[[103.8480761,1.2842211],[103.8480527,1.28418],[103.8479385,1.2842451],[103.847962,1.2842862],[103.8480761,1.2842211]]]}},{"type":"Feature","id":171999278,"properties":{"osm_id":171999278,"name":"GSH Plaza","height_m":95.0,"height_basis":"osm-height","source_id":"osm-cbd-buildings"},"geometry":{"type":"Polygon","coordinates":[[[103.85066,1.2832838],[103.8504164,1.2832988],[103.8504164,1.2832895],[103.8503922,1.2832895],[103.8503855,1.2832774],[103.8503574,1.2832801],[103.8503574,1.2832653],[103.8503265,1.2832653],[103.8503252,1.2832023],[103.8502648,1.283209],[103.8502606,1.2831299],[103.8502747,1.2830472],[103.8503152,1.2829639],[103.8503627,1.2829087],[103.8504459,1.2828591],[103.8505176,1.2828318],[103.8505953,1.2828191],[103.8505974,1.2828551],[103.8506229,1.2828537],[103.8506243,1.2828765],[103.8506444,1.2828765],[103.85066,1.2832838]]]}},{"type":"Feature","id":171999279,"properties":{"osm_id":171999279,"name":"Unnamed building","height_m":12,"height_basis":"illustrative-default","source_id":"osm-cbd-buildings"},"geometry":{"type":"Polygon","coordinates":[[[103.8480527,1.28418],[103.8480306,1.2841413],[103.8479343,1.2841962],[103.8479164,1.2842064],[103.8479385,1.2842451],[103.8480527,1.28418]]]}},{"type":"Feature","id":171999280,"properties":{"osm_id":171999280,"name":"Unnamed building","height_m":12,"height_basis":"illustrative-default","source_id":"osm-cbd-buildings"},"geometry":{"type":"Polygon","coordinates":[[[103.848098,1.2842595],[103.8480761,1.2842211],[103.847962,1.2842862],[103.8479839,1.2843246],[103.848098,1.2842595]]]}},{"type":"Feature","id":171999281,"properties":{"osm_id":171999281,"name":"Unnamed building","height_m":12,"height_basis":"illustrative-default","source_id":"osm-cbd-buildings"},"geometry":{"type":"Polygon","coordinates":[[[103.8477103,1.2843022],[103.8477476,1.284281],[103.8478438,1.2844497],[103.8478066,1.2844709],[103.8477103,1.2843022]]]}},{"type":"Feature","id":171999282,"properties":{"osm_id":171999282,"name":"UOB Plaza Tower 2","height_m":12,"height_basis":"illustrative-default","source_id":"osm-cbd-buildings"},"geometry":{"type":"Polygon","coordinates":[[[103.8512627,1.2855737],[103.8512123,1.2855789],[103.8511965,1.2855985],[103.8511776,1.2855825],[103.8511325,1.2855871],[103.8510805,1.2855437],[103.8510739,1.2855382],[103.8510298,1.2855079],[103.8510233,1.285452],[103.8510066,1.2854416],[103.85102,1.2854257],[103.8510139,1.2853742],[103.8510985,1.2852686],[103.851116,1.2852667],[103.8511512,1.285263],[103.8511604,1.2852512],[103.8511714,1.2852609],[103.8512295,1.2852548],[103.8513356,1.2853425],[103.8513402,1.2854007],[103.8513478,1.2854068],[103.8513413,1.2854148],[103.8513457,1.2854707],[103.8512627,1.2855737]]]}},{"type":"Feature","id":171999283,"properties":{"osm_id":171999283,"name":"MYP Centre","height_m":12,"height_basis":"illustrative-default","source_id":"osm-cbd-buildings"},"geometry":{"type":"Polygon","coordinates":[[[103.8524988,1.2853274],[103.8520649,1.2851198],[103.8520499,1.2849667],[103.852381,1.284946],[103.8523395,1.2845122],[103.8523524,1.2845098],[103.8523838,1.2846021],[103.8524047,1.2846131],[103.8525206,1.2849708],[103.8525495,1.2849724],[103.8525698,1.2852613],[103.8525736,1.2853158],[103.8524988,1.2853274]]]}},{"type":"Feature","id":171999284,"properties":{"osm_id":171999284,"name":"The Arcade","height_m":15.0,"height_basis":"osm-height","source_id":"osm-cbd-buildings"},"geometry":{"type":"Polygon","coordinates":[[[103.8525095,1.283587],[103.8524593,1.2834056],[103.8516063,1.2836412],[103.8516564,1.2838227],[103.8525095,1.283587]]]}},{"type":"Feature","id":171999285,"properties":{"osm_id":171999285,"name":"Unnamed building","height_m":12,"height_basis":"illustrative-default","source_id":"osm-cbd-buildings"},"geometry":{"type":"Polygon","coordinates":[[[103.8474154,1.2844765],[103.8474577,1.2844523],[103.8474691,1.2844722],[103.8475514,1.2846165],[103.847509,1.2846407],[103.8474154,1.2844765]]]}},{"type":"Feature","id":171999286,"properties":{"osm_id":171999286,"name":"Unnamed building","height_m":12,"height_basis":"illustrative-default","source_id":"osm-cbd-buildings"},"geometry":{"type":"Polygon","coordinates":[[[103.8477925,1.2842554],[103.8478345,1.2842314],[103.8478402,1.2842414],[103.8479308,1.2844001],[103.8478888,1.2844241],[103.8477925,1.2842554]]]}},{"type":"Feature","id":171999287,"properties":{"osm_id":171999287,"name":"Unnamed building","height_m":12,"height_basis":"illustrative-default","source_id":"osm-cbd-buildings"},"geometry":{"type":"Polygon","coordinates":[[[103.8477382,1.2840632],[103.8479223,1.2839527],[103.8479451,1.2839914],[103.8477589,1.2840976],[103.8477382,1.2840632]]]}},{"type":"Feature","id":171999288,"properties":{"osm_id":171999288,"name":"Unnamed building","height_m":12,"height_basis":"illustrative-default","source_id":"osm-cbd-buildings"},"geometry":{"type":"Polygon","coordinates":[[[103.8479627,1.2840223],[103.8479827,1.2840574],[103.8478175,1.2841516],[103.847798,1.2841626],[103.8477772,1.2841281],[103.8479627,1.2840223]]]}},{"type":"Feature","id":171999290,"properties":{"osm_id":171999290,"name":"Yueh Hai Ching Temple","height_m":6.0,"height_basis":"osm-height","source_id":"osm-cbd-buildings"},"geometry":{"type":"Polygon","coordinates":[[[103.8493864,1.2844296],[103.84945,1.2846103],[103.8492484,1.2846812],[103.8491848,1.2845006],[103.8493864,1.2844296]]]}},{"type":"Feature","id":171999291,"properties":{"osm_id":171999291,"name":"KPB Building","height_m":26.0,"height_basis":"osm-height","source_id":"osm-cbd-buildings"},"geometry":{"type":"Polygon","coordinates":[[[103.8496423,1.2820968],[103.8496922,1.2821793],[103.8496882,1.2822624],[103.8495447,1.282422],[103.8494709,1.2824126],[103.849371,1.2822718],[103.8496423,1.2820968]]]}},{"type":"Feature","id":171999293,"properties":{"osm_id":171999293,"name":"One Raffles Place","height_m":26.0,"height_basis":"osm-height","source_id":"osm-cbd-buildings"},"geometry":{"type":"Polygon","coordinates":[[[103.8512964,1.2848323],[103.8511742,1.284727],[103.8511694,1.2846105],[103.8512007,1.2846078],[103.8511973,1.2845681],[103.8512374,1.2845647],[103.8512342,1.2845271],[103.851273,1.2845238],[103.8512088,1.2837742],[103.8509597,1.2837956],[103.8509846,1.2840868],[103.8508528,1.2840981],[103.8508871,1.2844984],[103.8508906,1.2845293],[103.8504795,1.2845709],[103.8504973,1.2847464],[103.850502,1.2847932],[103.8505187,1.2849584],[103.8509299,1.2849168],[103.8509246,1.2848652],[103.8512964,1.2848323]]]}},{"type":"Feature","id":171999295,"properties":{"osm_id":171999295,"name":"imPAct@Hong Lim Green","height_m":8.0,"height_basis":"osm-height","source_id":"osm-cbd-buildings"},"geometry":{"type":"Polygon","coordinates":[[[103.8463061,1.2860951],[103.8465328,1.2859666],[103.8466616,1.2861908],[103.8465931,1.2862294],[103.8465684,1.2861862],[103.8464251,1.2861369],[103.8463537,1.28617],[103.8463061,1.2860951]]]}},{"type":"Feature","id":171999297,"properties":{"osm_id":171999297,"name":"Malacca Centre","height_m":65.0,"height_basis":"osm-height","source_id":"osm-cbd-buildings"},"geometry":{"type":"Polygon","coordinates":[[[103.8507453,1.2840306],[103.8506707,1.2840365],[103.8506497,1.2840215],[103.8506329,1.283822],[103.8507267,1.2838142],[103.8507453,1.2840306]]]}},{"type":"Feature","id":171999299,"properties":{"osm_id":171999299,"name":"Unnamed building","height_m":26.0,"height_basis":"osm-height","source_id":"osm-cbd-buildings"},"geometry":{"type":"Polygon","coordinates":[[[103.8491879,1.2831152],[103.8490069,1.2828108],[103.8493845,1.2825791],[103.8495715,1.2828859],[103.8491879,1.2831152]]]}},{"type":"Feature","id":171999300,"properties":{"osm_id":171999300,"name":"TPI Building","height_m":26.0,"height_basis":"osm-height","source_id":"osm-cbd-buildings"},"geometry":{"type":"Polygon","coordinates":[[[103.849371,1.2822718],[103.8493138,1.282183],[103.849585,1.282008],[103.8496423,1.2820968],[103.849371,1.2822718]]]}},{"type":"Feature","id":171999302,"properties":{"osm_id":171999302,"name":"Kreta Ayer Neighbourhood Police Post","height_m":8.0,"height_basis":"osm-height","source_id":"osm-cbd-buildings"},"geometry":{"type":"Polygon","coordinates":[[[103.847081,1.286651],[103.8470323,1.2865554],[103.8471649,1.286488],[103.8472135,1.2865836],[103.847081,1.286651]]]}},{"type":"Feature","id":171999304,"properties":{"osm_id":171999304,"name":"Republic Plaza","height_m":43.0,"height_basis":"osm-height","source_id":"osm-cbd-buildings"},"geometry":{"type":"Polygon","coordinates":[[[103.8510494,1.2835853],[103.8507173,1.2836112],[103.8506979,1.2836127],[103.8503938,1.2836317],[103.8503744,1.2833224],[103.8506786,1.2833035],[103.8506424,1.2827329],[103.851173,1.2826962],[103.8511882,1.2829208],[103.8512056,1.2831836],[103.8512113,1.28325],[103.8510271,1.2832628],[103.8510494,1.2835853]]]}},{"type":"Feature","id":171999306,"properties":{"osm_id":171999306,"name":"Prudential Tower","height_m":20.0,"height_basis":"osm-height","source_id":"osm-cbd-buildings"},"geometry":{"type":"Polygon","coordinates":[[[103.8499301,1.2831552],[103.8501023,1.2828588],[103.8501128,1.2828264],[103.8501137,1.2827801],[103.8501015,1.2827427],[103.8500747,1.2826948],[103.8500178,1.2826656],[103.8499756,1.2826209],[103.8499342,1.282573],[103.8499009,1.2825186],[103.8496493,1.282662],[103.8498129,1.2829571],[103.8497655,1.2830212],[103.8499301,1.2831552]]]}},{"type":"Feature","id":171999311,"properties":{"osm_id":171999311,"name":"Unnamed building","height_m":12,"height_basis":"illustrative-default","source_id":"osm-cbd-buildings"},"geometry":{"type":"Polygon","coordinates":[[[103.8481175,1.2842936],[103.848098,1.2842595],[103.8479839,1.2843246],[103.8480033,1.2843587],[103.8481175,1.2842936]]]}},{"type":"Feature","id":171999314,"properties":{"osm_id":171999314,"name":"RB Capita Building","height_m":65.0,"height_basis":"osm-height","source_id":"osm-cbd-buildings"},"geometry":{"type":"Polygon","coordinates":[[[103.850965,1.2840118],[103.8509464,1.2837953],[103.8507267,1.2838142],[103.8507453,1.2840306],[103.850965,1.2840118]]]}},{"type":"Feature","id":171999315,"properties":{"osm_id":171999315,"name":"Unnamed building","height_m":12,"height_basis":"illustrative-default","source_id":"osm-cbd-buildings"},"geometry":{"type":"Polygon","coordinates":[[[103.8473722,1.2847184],[103.8474159,1.2846938],[103.8473145,1.284516],[103.8472721,1.2845402],[103.8473722,1.2847184]]]}},{"type":"Feature","id":171999317,"properties":{"osm_id":171999317,"name":"Unnamed building","height_m":12,"height_basis":"illustrative-default","source_id":"osm-cbd-buildings"},"geometry":{"type":"Polygon","coordinates":[[[103.8474691,1.2844722],[103.8475151,1.2844459],[103.8475386,1.2844871],[103.8475975,1.2845902],[103.8475514,1.2846165],[103.8474691,1.2844722]]]}},{"type":"Feature","id":171999318,"properties":{"osm_id":171999318,"name":"Unnamed building","height_m":12,"height_basis":"illustrative-default","source_id":"osm-cbd-buildings"},"geometry":{"type":"Polygon","coordinates":[[[103.8479827,1.2840574],[103.8480088,1.2841032],[103.8479126,1.2841581],[103.8478436,1.2841974],[103.8478175,1.2841516],[103.8479827,1.2840574]]]}},{"type":"Feature","id":171999320,"properties":{"osm_id":171999320,"name":"Unnamed building","height_m":12,"height_basis":"illustrative-default","source_id":"osm-cbd-buildings"},"geometry":{"type":"Polygon","coordinates":[[[103.8477589,1.2840976],[103.8477772,1.2841281],[103.8479627,1.2840223],[103.8479451,1.2839914],[103.8477589,1.2840976]]]}},{"type":"Feature","id":171999321,"properties":{"osm_id":171999321,"name":"Unnamed building","height_m":12,"height_basis":"illustrative-default","source_id":"osm-cbd-buildings"},"geometry":{"type":"Polygon","coordinates":[[[103.8478807,1.2842184],[103.8479128,1.2842],[103.8479164,1.2842064],[103.8479385,1.2842451],[103.847962,1.2842862],[103.8479839,1.2843246],[103.8480033,1.2843587],[103.8479712,1.284377],[103.8478807,1.2842184]]]}},{"type":"Feature","id":171999325,"properties":{"osm_id":171999325,"name":"OCBC Bank","height_m":16.0,"height_basis":"osm-height","source_id":"osm-cbd-buildings"},"geometry":{"type":"Polygon","coordinates":[[[103.8487523,1.2853871],[103.848612,1.285114],[103.8487242,1.2850564],[103.8486949,1.2849993],[103.8486461,1.2850056],[103.8485952,1.2849815],[103.848563,1.2849346],[103.8485576,1.2848877],[103.8485724,1.2848354],[103.8486107,1.2848008],[103.8489653,1.2846021],[103.8490163,1.2845927],[103.8490747,1.2846104],[103.8491128,1.2846463],[103.8491236,1.2846973],[103.8491115,1.2847536],[103.8490858,1.2847849],[103.848899,1.2848946],[103.8489213,1.2849379],[103.8493687,1.2847082],[103.8495026,1.2849688],[103.8495788,1.2849305],[103.8494906,1.284624],[103.8497002,1.2845578],[103.84987,1.2851252],[103.8498343,1.285133],[103.8498478,1.2851813],[103.8497432,1.2851907],[103.84966,1.2851558],[103.849605,1.2851008],[103.8495594,1.285015],[103.8496005,1.2849965],[103.8495868,1.2849583],[103.8494059,1.2850516],[103.849428,1.2850955],[103.8494731,1.285077],[103.8495272,1.2850807],[103.8495701,1.2851142],[103.8495956,1.2851545],[103.8495943,1.2851974],[103.8495755,1.2852363],[103.8495178,1.2852738],[103.849542,1.2853261],[103.8492317,1.2854765],[103.8492096,1.2854303],[103.8491715,1.2854462],[103.8491276,1.2854468],[103.8490833,1.2854293],[103.8490578,1.2853931],[103.8490485,1.2853395],[103.8490646,1.2852939],[103.849086,1.2852671],[103.8491203,1.2852473],[103.8490981,1.2852096],[103.8487523,1.2853871]]]}},{"type":"Feature","id":171999326,"properties":{"osm_id":171999326,"name":"Unnamed building","height_m":12,"height_basis":"illustrative-default","source_id":"osm-cbd-buildings"},"geometry":{"type":"Polygon","coordinates":[[[103.8475788,1.2844642],[103.8476187,1.2844414],[103.8476776,1.2845445],[103.8476376,1.2845673],[103.8475788,1.2844642]]]}},{"type":"Feature","id":171999329,"properties":{"osm_id":171999329,"name":"Unnamed building","height_m":12,"height_basis":"illustrative-default","source_id":"osm-cbd-buildings"},"geometry":{"type":"Polygon","coordinates":[[[103.8476585,1.2844187],[103.8476302,1.2843691],[103.8476741,1.2843441],[103.8477613,1.2844968],[103.8477174,1.2845218],[103.8476585,1.2844187]]]}},{"type":"Feature","id":171999330,"properties":{"osm_id":171999330,"name":"Unnamed building","height_m":12,"height_basis":"illustrative-default","source_id":"osm-cbd-buildings"},"geometry":{"type":"Polygon","coordinates":[[[103.8479308,1.2844001],[103.8479712,1.284377],[103.8478807,1.2842184],[103.8478402,1.2842414],[103.8479308,1.2844001]]]}},{"type":"Feature","id":171999332,"properties":{"osm_id":171999332,"name":"Unnamed building","height_m":12,"height_basis":"illustrative-default","source_id":"osm-cbd-buildings"},"geometry":{"type":"Polygon","coordinates":[[[103.8474159,1.2846938],[103.8474606,1.2846683],[103.8473592,1.2844906],[103.8473145,1.284516],[103.8474159,1.2846938]]]}},{"type":"Feature","id":171999336,"properties":{"osm_id":171999336,"name":"CIMB Plaza","height_m":16.0,"height_basis":"osm-height","source_id":"osm-cbd-buildings"},"geometry":{"type":"Polygon","coordinates":[[[103.8522738,1.2845096],[103.8522497,1.2843527],[103.85172,1.2844432],[103.851714,1.2843795],[103.8516835,1.2840584],[103.8520795,1.2839869],[103.8522819,1.2839504],[103.852291,1.2839808],[103.852473,1.2839205],[103.8526116,1.2838694],[103.8526274,1.2839174],[103.8526366,1.2839445],[103.8527099,1.2841722],[103.8527861,1.284409],[103.8525482,1.2844568],[103.852441,1.2844774],[103.8523495,1.284495],[103.8522738,1.2845096]]]}},{"type":"Feature","id":171999339,"properties":{"osm_id":171999339,"name":"Unnamed building","height_m":12,"height_basis":"illustrative-default","source_id":"osm-cbd-buildings"},"geometry":{"type":"Polygon","coordinates":[[[103.8476776,1.2845445],[103.8477174,1.2845218],[103.8476585,1.2844187],[103.8476187,1.2844414],[103.8476776,1.2845445]]]}},{"type":"Feature","id":171999340,"properties":{"osm_id":171999340,"name":"Manulife Tower","height_m":26.0,"height_basis":"osm-height","source_id":"osm-cbd-buildings"},"geometry":{"type":"Polygon","coordinates":[[[103.8489854,1.2827344],[103.848854,1.2825333],[103.8487373,1.2823388],[103.8487494,1.2822504],[103.8490318,1.2820817],[103.8491262,1.2820921],[103.8492469,1.2822959],[103.8493784,1.2825064],[103.8489854,1.2827344]]]}},{"type":"Feature","id":171999341,"properties":{"osm_id":171999341,"name":"Bank of Singapore Centre","height_m":76.0,"height_basis":"osm-height","source_id":"osm-cbd-buildings"},"geometry":{"type":"Polygon","coordinates":[[[103.8504418,1.2843905],[103.8504053,1.2838376],[103.8505645,1.2838271],[103.8505886,1.2841925],[103.8507615,1.2841811],[103.8507739,1.2843685],[103.8504418,1.2843905]]]}},{"type":"Feature","id":171999342,"properties":{"osm_id":171999342,"name":"Indian Overseas Bank Building","height_m":26.0,"height_basis":"osm-height","source_id":"osm-cbd-buildings"},"geometry":{"type":"Polygon","coordinates":[[[103.8493138,1.282183],[103.8492121,1.2820332],[103.8492201,1.2819728],[103.849432,1.2818468],[103.8495058,1.2818656],[103.849585,1.282008],[103.8493138,1.282183]]]}},{"type":"Feature","id":171999347,"properties":{"osm_id":171999347,"name":"Unnamed building","height_m":12,"height_basis":"illustrative-default","source_id":"osm-cbd-buildings"},"geometry":{"type":"Polygon","coordinates":[[[103.8477382,1.2840632],[103.8479223,1.2839527],[103.8478996,1.283915],[103.8477156,1.2840255],[103.8477382,1.2840632]]]}},{"type":"Feature","id":171999349,"properties":{"osm_id":171999349,"name":"Unnamed building","height_m":12,"height_basis":"illustrative-default","source_id":"osm-cbd-buildings"},"geometry":{"type":"Polygon","coordinates":[[[103.8475975,1.2845902],[103.8476376,1.2845673],[103.8475788,1.2844642],[103.8475386,1.2844871],[103.8475975,1.2845902]]]}},{"type":"Feature","id":171999350,"properties":{"osm_id":171999350,"name":"Unnamed building","height_m":60.0,"height_basis":"osm-height","source_id":"osm-cbd-buildings"},"geometry":{"type":"Polygon","coordinates":[[[103.8483287,1.2859136],[103.8482462,1.2857457],[103.8485827,1.2855806],[103.8486652,1.2857485],[103.8483287,1.2859136]]]}},{"type":"Feature","id":171999351,"properties":{"osm_id":171999351,"name":"Unnamed building","height_m":12,"height_basis":"illustrative-default","source_id":"osm-cbd-buildings"},"geometry":{"type":"Polygon","coordinates":[[[103.8476741,1.2843441],[103.847665,1.2843281],[103.8477103,1.2843022],[103.8478066,1.2844709],[103.8477613,1.2844968],[103.8476741,1.2843441]]]}},{"type":"Feature","id":171999352,"properties":{"osm_id":171999352,"name":"Unnamed building","height_m":12,"height_basis":"illustrative-default","source_id":"osm-cbd-buildings"},"geometry":{"type":"Polygon","coordinates":[[[103.8477476,1.284281],[103.8477925,1.2842554],[103.8478888,1.2844241],[103.8478438,1.2844497],[103.8477476,1.284281]]]}},{"type":"Feature","id":171999353,"properties":{"osm_id":171999353,"name":"Unnamed building","height_m":12,"height_basis":"illustrative-default","source_id":"osm-cbd-buildings"},"geometry":{"type":"Polygon","coordinates":[[[103.8480088,1.2841032],[103.8479126,1.2841581],[103.8479343,1.2841962],[103.8480306,1.2841413],[103.8480088,1.2841032]]]}},{"type":"Feature","id":172000299,"properties":{"osm_id":172000299,"name":"ASO Building","height_m":54.0,"height_basis":"osm-height","source_id":"osm-cbd-buildings"},"geometry":{"type":"Polygon","coordinates":[[[103.850915,1.2821587],[103.8509708,1.2822528],[103.8508091,1.2823518],[103.8507876,1.2823276],[103.8507673,1.2823289],[103.8507593,1.2823128],[103.8506984,1.2823195],[103.8506803,1.2822901],[103.850915,1.2821587]]]}},{"type":"Feature","id":172000303,"properties":{"osm_id":172000303,"name":"The Quadrant","height_m":13.0,"height_basis":"osm-height","source_id":"osm-cbd-buildings"},"geometry":{"type":"Polygon","coordinates":[[[103.8506176,1.2825681],[103.8505384,1.282548],[103.8504821,1.2825011],[103.8504539,1.2824274],[103.8504539,1.282363],[103.850617,1.2823619],[103.8506176,1.2825681]]]}},{"type":"Feature","id":172000305,"properties":{"osm_id":172000305,"name":"Grace Global Raffles","height_m":68.0,"height_basis":"osm-height","source_id":"osm-cbd-buildings"},"geometry":{"type":"Polygon","coordinates":[[[103.8506234,1.2823394],[103.8504216,1.2823363],[103.8504245,1.2821499],[103.8504922,1.2821537],[103.8506274,1.2821541],[103.8506234,1.2823394]]]}},{"type":"Feature","id":172000306,"properties":{"osm_id":172000306,"name":"The House of Eden","height_m":38.400000000000006,"height_basis":"levels-estimate","source_id":"osm-cbd-buildings"},"geometry":{"type":"Polygon","coordinates":[[[103.8509708,1.2822528],[103.8510894,1.2824349],[103.8510639,1.2824859],[103.850958,1.2824926],[103.8509248,1.282427],[103.8508694,1.2823799],[103.8508091,1.2823518],[103.8509708,1.2822528]]]}},{"type":"Feature","id":172000308,"properties":{"osm_id":172000308,"name":"Far East Financial Building","height_m":51.0,"height_basis":"osm-height","source_id":"osm-cbd-buildings"},"geometry":{"type":"Polygon","coordinates":[[[103.8506803,1.2822901],[103.8506515,1.2822441],[103.8507245,1.2822002],[103.8506683,1.2821131],[103.8506997,1.2820946],[103.8506844,1.2820823],[103.8506659,1.2820725],[103.8506645,1.2820577],[103.8507045,1.2820286],[103.8507972,1.2819795],[103.850915,1.2821587],[103.8506803,1.2822901]]]}},{"type":"Feature","id":172002558,"properties":{"osm_id":172002558,"name":"Royal Group Building","height_m":83.0,"height_basis":"osm-height","source_id":"osm-cbd-buildings"},"geometry":{"type":"Polygon","coordinates":[[[103.8499497,1.2849011],[103.8498545,1.2845699],[103.8500605,1.2845206],[103.8501334,1.2848555],[103.8499497,1.2849011]]]}},{"type":"Feature","id":172002559,"properties":{"osm_id":172002559,"name":"Tan Ean Kiam Building","height_m":32.0,"height_basis":"osm-height","source_id":"osm-cbd-buildings"},"geometry":{"type":"Polygon","coordinates":[[[103.8498525,1.284557],[103.8498213,1.2844379],[103.8500129,1.2843878],[103.8500441,1.2845068],[103.8499734,1.2845253],[103.8498525,1.284557]]]}},{"type":"Feature","id":172002560,"properties":{"osm_id":172002560,"name":"Royal One Phillip","height_m":58.0,"height_basis":"osm-height","source_id":"osm-cbd-buildings"},"geometry":{"type":"Polygon","coordinates":[[[103.8500769,1.2850834],[103.8499953,1.2850365],[103.8499591,1.2849105],[103.8501221,1.2848705],[103.8501495,1.2849802],[103.8501221,1.2849858],[103.8501388,1.2850378],[103.850116,1.2850459],[103.85012,1.2850687],[103.8500769,1.2850834]]]}},{"type":"Feature","id":172002561,"properties":{"osm_id":172002561,"name":"Grand Building","height_m":32.0,"height_basis":"osm-height","source_id":"osm-cbd-buildings"},"geometry":{"type":"Polygon","coordinates":[[[103.8497754,1.2842657],[103.8498165,1.2844267],[103.8499629,1.2843893],[103.8499336,1.2842748],[103.8499161,1.2842793],[103.8499111,1.2842598],[103.8498453,1.2842767],[103.8498384,1.2842496],[103.8497754,1.2842657]]]}},{"type":"Feature","id":172002784,"properties":{"osm_id":172002784,"name":"Unnamed building","height_m":98.0,"height_basis":"osm-height","source_id":"osm-cbd-buildings"},"geometry":{"type":"Polygon","coordinates":[[[103.8487239,1.2843755],[103.848673,1.2842883],[103.8487199,1.2842307],[103.8486917,1.2842106],[103.8487266,1.284165],[103.8487038,1.2841435],[103.8487346,1.2841127],[103.8485965,1.2840269],[103.8488828,1.2836924],[103.8487004,1.2835258],[103.8489425,1.2832466],[103.8491604,1.2834452],[103.8492025,1.2834836],[103.8493234,1.2835938],[103.8492482,1.2836679],[103.8492241,1.2836917],[103.8492376,1.2837038],[103.8491598,1.2837855],[103.8491397,1.2837654],[103.8491034,1.2838057],[103.8492523,1.2839357],[103.8490967,1.2840979],[103.8490833,1.2840832],[103.8490565,1.2841047],[103.8490672,1.2841167],[103.8489653,1.2842039],[103.8488768,1.2842709],[103.8487239,1.2843755]]]}},{"type":"Feature","id":172013197,"properties":{"osm_id":172013197,"name":"Crystal Pavilion North","height_m":14.0,"height_basis":"osm-height","source_id":"osm-cbd-buildings"},"geometry":{"type":"Polygon","coordinates":[[[103.8584976,1.2853978],[103.8583887,1.285151],[103.8584534,1.2850028],[103.8585076,1.2850032],[103.8585188,1.2850033],[103.8585167,1.2849457],[103.8585193,1.2849014],[103.8585206,1.2848802],[103.8585853,1.2848831],[103.8585945,1.2849001],[103.8586036,1.2849168],[103.8587634,1.2852102],[103.8587268,1.2852925],[103.8585552,1.2852937],[103.8585551,1.2853974],[103.8584976,1.2853978]]]}},{"type":"Feature","id":172014438,"properties":{"osm_id":172014438,"name":"Unnamed building","height_m":12,"height_basis":"illustrative-default","source_id":"osm-cbd-buildings"},"geometry":{"type":"Polygon","coordinates":[[[103.8604823,1.2857379],[103.8604076,1.2857704],[103.8603247,1.2857955],[103.8602264,1.285811],[103.8601436,1.2858126],[103.8600299,1.2857996],[103.8599251,1.2857565],[103.8598382,1.2857005],[103.8597684,1.2856583],[103.8597099,1.2855958],[103.8596189,1.2854642],[103.8594954,1.2852001],[103.8594569,1.2850353],[103.8603276,1.2843133],[103.8605293,1.2848106],[103.8605495,1.2849614],[103.8606051,1.2853778],[103.8606066,1.2855868],[103.8604427,1.2855921],[103.8604484,1.2856319],[103.8605026,1.2856234],[103.8605497,1.2856924],[103.8604823,1.2857379]]]}},{"type":"Feature","id":172014440,"properties":{"osm_id":172014440,"name":"Unnamed building","height_m":12,"height_basis":"illustrative-default","source_id":"osm-cbd-buildings"},"geometry":{"type":"Polygon","coordinates":[[[103.8587703,1.2834755],[103.8584657,1.2830213],[103.8581184,1.2825722],[103.8577683,1.282178],[103.8574096,1.2818233],[103.8574685,1.2817723],[103.8576711,1.2816189],[103.8578488,1.2814861],[103.8580097,1.2813883],[103.858257,1.281287],[103.8587143,1.2818108],[103.8587869,1.281885],[103.8590992,1.282327],[103.8592824,1.2825655],[103.859316,1.2826291],[103.8592006,1.2828215],[103.8587703,1.2834755]]]}},{"type":"Feature","id":172014442,"properties":{"osm_id":172014442,"name":"Unnamed building","height_m":12,"height_basis":"illustrative-default","source_id":"osm-cbd-buildings"},"geometry":{"type":"Polygon","coordinates":[[[103.8594361,1.2830678],[103.8589379,1.2838767],[103.8592915,1.2845887],[103.8594046,1.284858],[103.8602673,1.2841583],[103.8602272,1.2840798],[103.8601378,1.2838945],[103.8599752,1.2836135],[103.8597547,1.2833053],[103.859623,1.2831239],[103.8594891,1.2829907],[103.8594361,1.2830678]]]}},{"type":"Feature","id":172020995,"properties":{"osm_id":172020995,"name":"Unnamed building","height_m":15.0,"height_basis":"osm-height","source_id":"osm-cbd-buildings"},"geometry":{"type":"Polygon","coordinates":[[[103.8484726,1.2865147],[103.8483811,1.2863116],[103.8483208,1.2863388],[103.8484124,1.2865418],[103.8484726,1.2865147]]]}},{"type":"Feature","id":172021002,"properties":{"osm_id":172021002,"name":"Unnamed building","height_m":16.0,"height_basis":"osm-height","source_id":"osm-cbd-buildings"},"geometry":{"type":"Polygon","coordinates":[[[103.8478881,1.2888949],[103.8477526,1.2887075],[103.8477182,1.2886601],[103.8478758,1.2885461],[103.8480457,1.2887809],[103.8478881,1.2888949]]]}},{"type":"Feature","id":172021004,"properties":{"osm_id":172021004,"name":"Unnamed building","height_m":15.0,"height_basis":"osm-height","source_id":"osm-cbd-buildings"},"geometry":{"type":"Polygon","coordinates":[[[103.8483733,1.2865594],[103.8483323,1.2865779],[103.8482408,1.2863748],[103.8482818,1.2863564],[103.8483733,1.2865594]]]}},{"type":"Feature","id":172021006,"properties":{"osm_id":172021006,"name":"Kingly Building","height_m":16.0,"height_basis":"osm-height","source_id":"osm-cbd-buildings"},"geometry":{"type":"Polygon","coordinates":[[[103.8483176,1.2879942],[103.8482746,1.2879205],[103.84828,1.2878829],[103.8483953,1.2878065],[103.8484369,1.2878119],[103.8484758,1.2878789],[103.8483176,1.2879942]]]}},{"type":"Feature","id":172021010,"properties":{"osm_id":172021010,"name":"Unnamed building","height_m":15.0,"height_basis":"osm-height","source_id":"osm-cbd-buildings"},"geometry":{"type":"Polygon","coordinates":[[[103.8484124,1.2865418],[103.8483733,1.2865594],[103.8482818,1.2863564],[103.8483208,1.2863388],[103.8484124,1.2865418]]]}},{"type":"Feature","id":172021013,"properties":{"osm_id":172021013,"name":"Unnamed building","height_m":16.0,"height_basis":"osm-height","source_id":"osm-cbd-buildings"},"geometry":{"type":"Polygon","coordinates":[[[103.847822,1.2888939],[103.8478609,1.2889509],[103.8477309,1.2890515],[103.8476892,1.2890482],[103.8476616,1.2890141],[103.847822,1.2888939]]]}},{"type":"Feature","id":172021016,"properties":{"osm_id":172021016,"name":"Unnamed building","height_m":15.0,"height_basis":"osm-height","source_id":"osm-cbd-buildings"},"geometry":{"type":"Polygon","coordinates":[[[103.8487092,1.2875424],[103.8486905,1.2875319],[103.8486818,1.287495],[103.8488211,1.2874499],[103.8488206,1.2875118],[103.8487092,1.2875424]]]}},{"type":"Feature","id":172021018,"properties":{"osm_id":172021018,"name":"Unnamed building","height_m":16.0,"height_basis":"osm-height","source_id":"osm-cbd-buildings"},"geometry":{"type":"Polygon","coordinates":[[[103.8485398,1.2882044],[103.8486136,1.2883079],[103.8485362,1.2883631],[103.8484624,1.2882595],[103.8485398,1.2882044]]]}},{"type":"Feature","id":172021019,"properties":{"osm_id":172021019,"name":"Unnamed building","height_m":16.0,"height_basis":"osm-height","source_id":"osm-cbd-buildings"},"geometry":{"type":"Polygon","coordinates":[[[103.8484999,1.2879232],[103.848551,1.2880153],[103.8483913,1.2881283],[103.8483418,1.2880401],[103.8484999,1.2879232]]]}},{"type":"Feature","id":172021022,"properties":{"osm_id":172021022,"name":"Unnamed building","height_m":16.0,"height_basis":"osm-height","source_id":"osm-cbd-buildings"},"geometry":{"type":"Polygon","coordinates":[[[103.8485756,1.2880559],[103.8485991,1.2880982],[103.8484381,1.2882171],[103.8484147,1.2881702],[103.8485756,1.2880559]]]}},{"type":"Feature","id":172021029,"properties":{"osm_id":172021029,"name":"Unnamed building","height_m":15.0,"height_basis":"osm-height","source_id":"osm-cbd-buildings"},"geometry":{"type":"Polygon","coordinates":[[[103.8479409,1.2866107],[103.8478953,1.2865146],[103.8481134,1.2864135],[103.8481647,1.2865246],[103.8479409,1.2866107]]]}},{"type":"Feature","id":172021036,"properties":{"osm_id":172021036,"name":"Unnamed building","height_m":15.0,"height_basis":"osm-height","source_id":"osm-cbd-buildings"},"geometry":{"type":"Polygon","coordinates":[[[103.8486414,1.2873433],[103.8486263,1.2873082],[103.8488245,1.2872318],[103.8488312,1.2872856],[103.8486414,1.2873433]]]}},{"type":"Feature","id":172021042,"properties":{"osm_id":172021042,"name":"Unnamed building","height_m":18.0,"height_basis":"osm-height","source_id":"osm-cbd-buildings"},"geometry":{"type":"Polygon","coordinates":[[[103.8482089,1.2874011],[103.848228,1.2874334],[103.8480288,1.287551],[103.8480097,1.2875187],[103.8482089,1.2874011]]]}},{"type":"Feature","id":172021046,"properties":{"osm_id":172021046,"name":"Unnamed building","height_m":15.0,"height_basis":"osm-height","source_id":"osm-cbd-buildings"},"geometry":{"type":"Polygon","coordinates":[[[103.8486818,1.287495],[103.8486677,1.2874515],[103.8488226,1.2873945],[103.8488211,1.2874499],[103.8486818,1.287495]]]}},{"type":"Feature","id":172021051,"properties":{"osm_id":172021051,"name":"Drangon Bran Bird's Nests","height_m":18.0,"height_basis":"osm-height","source_id":"osm-cbd-buildings"},"geometry":{"type":"Polygon","coordinates":[[[103.8480475,1.2875827],[103.8480288,1.287551],[103.848228,1.2874334],[103.8482467,1.287465],[103.8480475,1.2875827]]]}},{"type":"Feature","id":172021054,"properties":{"osm_id":172021054,"name":"Unnamed building","height_m":35.0,"height_basis":"osm-height","source_id":"osm-cbd-buildings"},"geometry":{"type":"Polygon","coordinates":[[[103.8449018,1.2879674],[103.8447784,1.2878106],[103.845064,1.2876188],[103.8450691,1.2876246],[103.8451573,1.2877234],[103.8451358,1.2877408],[103.8451404,1.287745],[103.8451459,1.2877502],[103.8451009,1.2877898],[103.845111,1.2878052],[103.8450037,1.2878963],[103.8449903,1.287885],[103.8449018,1.2879674]]]}},{"type":"Feature","id":172021056,"properties":{"osm_id":172021056,"name":"Unnamed building","height_m":16.0,"height_basis":"osm-height","source_id":"osm-cbd-buildings"},"geometry":{"type":"Polygon","coordinates":[[[103.8484758,1.2878789],[103.8484999,1.2879232],[103.8483418,1.2880401],[103.8483176,1.2879942],[103.8484758,1.2878789]]]}},{"type":"Feature","id":172021057,"properties":{"osm_id":172021057,"name":"Unnamed building","height_m":18.0,"height_basis":"osm-height","source_id":"osm-cbd-buildings"},"geometry":{"type":"Polygon","coordinates":[[[103.8478837,1.2873134],[103.8480534,1.2872084],[103.8481051,1.2872165],[103.8481855,1.2873615],[103.8479863,1.2874791],[103.8478837,1.2873134]]]}},{"type":"Feature","id":172021058,"properties":{"osm_id":172021058,"name":"Unnamed building","height_m":18.0,"height_basis":"osm-height","source_id":"osm-cbd-buildings"},"geometry":{"type":"Polygon","coordinates":[[[103.8481855,1.2873615],[103.8482089,1.2874011],[103.8480097,1.2875187],[103.8479863,1.2874791],[103.8481855,1.2873615]]]}},{"type":"Feature","id":172021061,"properties":{"osm_id":172021061,"name":"Unnamed building","height_m":15.0,"height_basis":"osm-height","source_id":"osm-cbd-buildings"},"geometry":{"type":"Polygon","coordinates":[[[103.8483323,1.2865779],[103.8482934,1.2865954],[103.8482019,1.2863924],[103.8482408,1.2863748],[103.8483323,1.2865779]]]}},{"type":"Feature","id":172021062,"properties":{"osm_id":172021062,"name":"Unnamed building","height_m":15.0,"height_basis":"osm-height","source_id":"osm-cbd-buildings"},"geometry":{"type":"Polygon","coordinates":[[[103.8486677,1.2874515],[103.8486528,1.2874009],[103.8488278,1.2873406],[103.8488226,1.2873945],[103.8486677,1.2874515]]]}},{"type":"Feature","id":172021066,"properties":{"osm_id":172021066,"name":"Unnamed building","height_m":15.0,"height_basis":"osm-height","source_id":"osm-cbd-buildings"},"geometry":{"type":"Polygon","coordinates":[[[103.8482019,1.2863924],[103.8481595,1.2864114],[103.8482511,1.2866145],[103.8482934,1.2865954],[103.8482019,1.2863924]]]}},{"type":"Feature","id":172021070,"properties":{"osm_id":172021070,"name":"Unnamed building","height_m":15.0,"height_basis":"osm-height","source_id":"osm-cbd-buildings"},"geometry":{"type":"Polygon","coordinates":[[[103.8486528,1.2874009],[103.8486414,1.2873433],[103.8488312,1.2872856],[103.8488278,1.2873406],[103.8486528,1.2874009]]]}},{"type":"Feature","id":172021075,"properties":{"osm_id":172021075,"name":"Unnamed building","height_m":16.0,"height_basis":"osm-height","source_id":"osm-cbd-buildings"},"geometry":{"type":"Polygon","coordinates":[[[103.8485991,1.2880982],[103.8486283,1.2881446],[103.8485398,1.2882044],[103.8484624,1.2882595],[103.8484381,1.2882171],[103.8485991,1.2880982]]]}},{"type":"Feature","id":172021080,"properties":{"osm_id":172021080,"name":"Unnamed building","height_m":18.0,"height_basis":"osm-height","source_id":"osm-cbd-buildings"},"geometry":{"type":"Polygon","coordinates":[[[103.8481114,1.2876908],[103.8480908,1.2876559],[103.84829,1.2875383],[103.8483106,1.2875731],[103.8481114,1.2876908]]]}},{"type":"Feature","id":172021084,"properties":{"osm_id":172021084,"name":"Unnamed building","height_m":16.0,"height_basis":"osm-height","source_id":"osm-cbd-buildings"},"geometry":{"type":"Polygon","coordinates":[[[103.848551,1.2880153],[103.8485756,1.2880559],[103.8484147,1.2881702],[103.8483913,1.2881283],[103.848551,1.2880153]]]}},{"type":"Feature","id":172023453,"properties":{"osm_id":172023453,"name":"Nanyang Khek Community Guild","height_m":12,"height_basis":"illustrative-default","source_id":"osm-cbd-buildings"},"geometry":{"type":"Polygon","coordinates":[[[103.8449973,1.2785393],[103.8450251,1.2787313],[103.8448201,1.2787695],[103.8447902,1.2785815],[103.8449973,1.2785393]]]}},{"type":"Feature","id":172023459,"properties":{"osm_id":172023459,"name":"Airview Building","height_m":12.8,"height_basis":"levels-estimate","source_id":"osm-cbd-buildings"},"geometry":{"type":"Polygon","coordinates":[[[103.8450251,1.2787313],[103.8450835,1.2790929],[103.8449091,1.2793266],[103.8448201,1.2787695],[103.8450251,1.2787313]]]}},{"type":"Feature","id":172024966,"properties":{"osm_id":172024966,"name":"Unnamed building","height_m":51.2,"height_basis":"levels-estimate","source_id":"osm-cbd-buildings"},"geometry":{"type":"Polygon","coordinates":[[[103.8485963,1.2792746],[103.8485028,1.2791199],[103.8485383,1.2790985],[103.8485256,1.2790774],[103.8486944,1.2789754],[103.8487081,1.278998],[103.8487234,1.2789887],[103.848816,1.2791418],[103.8485963,1.2792746]]]}},{"type":"Feature","id":172024967,"properties":{"osm_id":172024967,"name":"Finexis Building","height_m":37.0,"height_basis":"osm-height","source_id":"osm-cbd-buildings"},"geometry":{"type":"Polygon","coordinates":[[[103.8489624,1.2797471],[103.848875,1.2795957],[103.8490535,1.2794866],[103.8490827,1.2794693],[103.8491769,1.2796176],[103.8489624,1.2797471]]]}},{"type":"Feature","id":172024968,"properties":{"osm_id":172024968,"name":"Tung Ann Association Building","height_m":44.0,"height_basis":"osm-height","source_id":"osm-cbd-buildings"},"geometry":{"type":"Polygon","coordinates":[[[103.8483599,1.2794527],[103.8482519,1.2792724],[103.8484746,1.2791332],[103.8485881,1.2793148],[103.8485379,1.2793404],[103.8483599,1.2794527]]]}},{"type":"Feature","id":172024969,"properties":{"osm_id":172024969,"name":"HB Robinson","height_m":47.0,"height_basis":"osm-height","source_id":"osm-cbd-buildings"},"geometry":{"type":"Polygon","coordinates":[[[103.848791,1.2794793],[103.8487452,1.2795076],[103.8486185,1.2793026],[103.8487812,1.279202],[103.848771,1.2791855],[103.8488176,1.2791567],[103.8489546,1.2793782],[103.848791,1.2794793]]]}},{"type":"Feature","id":172024970,"properties":{"osm_id":172024970,"name":"Unnamed building","height_m":85.0,"height_basis":"osm-height","source_id":"osm-cbd-buildings"},"geometry":{"type":"Polygon","coordinates":[[[103.8494004,1.2804823],[103.8491268,1.2800237],[103.8491347,1.2799797],[103.849198,1.2799417],[103.8493878,1.2799783],[103.8495554,1.2802626],[103.8495465,1.2803214],[103.8495943,1.2803993],[103.8495935,1.2804353],[103.8494688,1.2805157],[103.8494004,1.2804823]]]}},{"type":"Feature","id":172024971,"properties":{"osm_id":172024971,"name":"Cecil Suites","height_m":12,"height_basis":"illustrative-default","source_id":"osm-cbd-buildings"},"geometry":{"type":"Polygon","coordinates":[[[103.8483599,1.2794527],[103.8485784,1.2798038],[103.8487604,1.279693],[103.8485379,1.2793404],[103.8483599,1.2794527]]]}},{"type":"Feature","id":172024972,"properties":{"osm_id":172024972,"name":"Unnamed building","height_m":12,"height_basis":"illustrative-default","source_id":"osm-cbd-buildings"},"geometry":{"type":"Polygon","coordinates":[[[103.848875,1.2795957],[103.8488659,1.2796013],[103.848791,1.2794793],[103.8489546,1.2793782],[103.8489779,1.2793629],[103.8490535,1.2794866],[103.848875,1.2795957]]]}},{"type":"Feature","id":172024973,"properties":{"osm_id":172024973,"name":"Keck Seng Tower","height_m":12.0,"height_basis":"osm-height","source_id":"osm-cbd-buildings"},"geometry":{"type":"Polygon","coordinates":[[[103.8487148,1.2800256],[103.8489591,1.2804278],[103.8491946,1.2802848],[103.8489503,1.2798827],[103.8487148,1.2800256]]]}},{"type":"Feature","id":172024974,"properties":{"osm_id":172024974,"name":"MYP Plaza","height_m":41.0,"height_basis":"osm-height","source_id":"osm-cbd-buildings"},"geometry":{"type":"Polygon","coordinates":[[[103.8485784,1.2798038],[103.8487148,1.2800256],[103.8489503,1.2798827],[103.8488158,1.2796592],[103.8487604,1.279693],[103.8485784,1.2798038]]]}},{"type":"Feature","id":172025312,"properties":{"osm_id":172025312,"name":"Cecil Court","height_m":56.0,"height_basis":"osm-height","source_id":"osm-cbd-buildings"},"geometry":{"type":"Polygon","coordinates":[[[103.8487578,1.2805777],[103.8488834,1.2807803],[103.8488579,1.2808744],[103.848641,1.2810071],[103.8485451,1.280997],[103.8484572,1.2808487],[103.8484173,1.2807814],[103.8487578,1.2805777]]]}},{"type":"Feature","id":172025313,"properties":{"osm_id":172025313,"name":"The Globe","height_m":9.600000000000001,"height_basis":"levels-estimate","source_id":"osm-cbd-buildings"},"geometry":{"type":"Polygon","coordinates":[[[103.8489105,1.281297],[103.8488178,1.2811483],[103.8488178,1.2811188],[103.8488406,1.2810826],[103.8489366,1.2810279],[103.8489822,1.2810265],[103.8490243,1.281037],[103.8491126,1.2811765],[103.8489105,1.281297]]]}},{"type":"Feature","id":172025316,"properties":{"osm_id":172025316,"name":"RHB Bank","height_m":9.600000000000001,"height_basis":"levels-estimate","source_id":"osm-cbd-buildings"},"geometry":{"type":"Polygon","coordinates":[[[103.8489105,1.281297],[103.8490515,1.2815335],[103.8492536,1.2814131],[103.8491126,1.2811765],[103.8489105,1.281297]]]}},{"type":"Feature","id":172025317,"properties":{"osm_id":172025317,"name":"Telok Ayer Chinese Methodist Church","height_m":12,"height_basis":"illustrative-default","source_id":"osm-cbd-buildings"},"geometry":{"type":"Polygon","coordinates":[[[103.8470771,1.2783327],[103.8470986,1.2785955],[103.8469202,1.2786089],[103.8469323,1.2783435],[103.8470771,1.2783327]]]}},{"type":"Feature","id":172090787,"properties":{"osm_id":172090787,"name":"Orchard Road Presbyterian Church","height_m":12,"height_basis":"illustrative-default","source_id":"osm-cbd-buildings"},"geometry":{"type":"Polygon","coordinates":[[[103.8474317,1.2980435],[103.8473291,1.2979143],[103.8473527,1.2978956],[103.8472849,1.2978102],[103.8471819,1.297892],[103.8471638,1.2979063],[103.8471474,1.2978857],[103.8471152,1.2978479],[103.8470708,1.2978808],[103.8469745,1.2977507],[103.8470399,1.2977022],[103.847143,1.2976387],[103.847173,1.2976693],[103.847248,1.2977638],[103.8473818,1.2976577],[103.8474413,1.2977327],[103.8475056,1.2976874],[103.8474805,1.2976587],[103.8474914,1.2976511],[103.8474814,1.2976363],[103.8476644,1.297583],[103.8476839,1.2976103],[103.8477505,1.2976981],[103.8477982,1.2977612],[103.8478534,1.297834],[103.847703,1.2979479],[103.8476478,1.2978751],[103.8476,1.2978121],[103.8475657,1.2977667],[103.847509,1.2978179],[103.8475878,1.2979172],[103.8475455,1.2979508],[103.8475731,1.2979847],[103.8475027,1.2980408],[103.8474759,1.2980084],[103.8474317,1.2980435]]]}},{"type":"Feature","id":172263091,"properties":{"osm_id":172263091,"name":"Unnamed building","height_m":12,"height_basis":"illustrative-default","source_id":"osm-cbd-buildings"},"geometry":{"type":"Polygon","coordinates":[[[103.8452096,1.2766563],[103.8452487,1.2763527],[103.8454083,1.2763732],[103.8453692,1.2766769],[103.8452096,1.2766563]]]}},{"type":"Feature","id":172263145,"properties":{"osm_id":172263145,"name":"Unnamed building","height_m":9.0,"height_basis":"osm-height","source_id":"osm-cbd-buildings"},"geometry":{"type":"Polygon","coordinates":[[[103.8513086,1.2829672],[103.8512973,1.2828438],[103.8513565,1.2828384],[103.8513544,1.2828148],[103.851461,1.282805],[103.8514627,1.282824],[103.8515214,1.2828186],[103.8515331,1.2829466],[103.8513086,1.2829672]]]}},{"type":"Feature","id":172269375,"properties":{"osm_id":172269375,"name":"Singtel Telephone Exchange","height_m":12,"height_basis":"illustrative-default","source_id":"osm-cbd-buildings"},"geometry":{"type":"Polygon","coordinates":[[[103.8454906,1.2761235],[103.8452205,1.2760936],[103.8452895,1.2754691],[103.8455596,1.2754989],[103.8454906,1.2761235]]]}},{"type":"Feature","id":172270393,"properties":{"osm_id":172270393,"name":"United Overseas Insurance Building","height_m":34.0,"height_basis":"osm-height","source_id":"osm-cbd-buildings"},"geometry":{"type":"Polygon","coordinates":[[[103.8480187,1.2782908],[103.8479656,1.2782063],[103.8481989,1.2780598],[103.848252,1.2781443],[103.8480187,1.2782908]]]}},{"type":"Feature","id":172270395,"properties":{"osm_id":172270395,"name":"Oxley Tower","height_m":15.0,"height_basis":"osm-height","source_id":"osm-cbd-buildings"},"geometry":{"type":"Polygon","coordinates":[[[103.848441,1.2790044],[103.8482051,1.278618],[103.8484458,1.2784712],[103.8486816,1.2788575],[103.8486432,1.278881],[103.848441,1.2790044]]]}},{"type":"Feature","id":172270396,"properties":{"osm_id":172270396,"name":"Unnamed building","height_m":10.0,"height_basis":"osm-height","source_id":"osm-cbd-buildings"},"geometry":{"type":"Polygon","coordinates":[[[103.846181,1.2812061],[103.846142,1.2811394],[103.8462347,1.2810009],[103.8463475,1.2811538],[103.8463086,1.2811779],[103.8463541,1.2812422],[103.8462452,1.2813149],[103.8462131,1.2812605],[103.846191,1.281271],[103.8461581,1.2812212],[103.846181,1.2812061]]]}},{"type":"Feature","id":172270398,"properties":{"osm_id":172270398,"name":"Unnamed building","height_m":40.0,"height_basis":"osm-height","source_id":"osm-cbd-buildings"},"geometry":{"type":"Polygon","coordinates":[[[103.8478939,1.2810962],[103.8478073,1.2809277],[103.8477168,1.2807515],[103.8478889,1.2806549],[103.8479303,1.2806315],[103.8481317,1.2805183],[103.848233,1.2806832],[103.8483308,1.2808425],[103.848129,1.280962],[103.8480918,1.2809795],[103.8478939,1.2810962]]]}},{"type":"Feature","id":172270399,"properties":{"osm_id":172270399,"name":"Robinson Square","height_m":23.0,"height_basis":"osm-height","source_id":"osm-cbd-buildings"},"geometry":{"type":"Polygon","coordinates":[[[103.8480656,1.2784013],[103.8483276,1.2782362],[103.8482646,1.2781366],[103.848252,1.2781443],[103.8480187,1.2782908],[103.8480029,1.2783014],[103.8480656,1.2784013]]]}},{"type":"Feature","id":172270402,"properties":{"osm_id":172270402,"name":"Unnamed building","height_m":10.0,"height_basis":"osm-height","source_id":"osm-cbd-buildings"},"geometry":{"type":"Polygon","coordinates":[[[103.8462041,1.2826386],[103.8459766,1.2825794],[103.8460063,1.2824654],[103.8462337,1.2825246],[103.8462041,1.2826386]]]}},{"type":"Feature","id":172270403,"properties":{"osm_id":172270403,"name":"Liberty House","height_m":10.0,"height_basis":"osm-height","source_id":"osm-cbd-buildings"},"geometry":{"type":"Polygon","coordinates":[[[103.8460116,1.2821005],[103.8458954,1.2819448],[103.8458992,1.2819063],[103.8460078,1.281791],[103.8460403,1.2817906],[103.8461551,1.2819369],[103.8460116,1.2821005]]]}},{"type":"Feature","id":172270411,"properties":{"osm_id":172270411,"name":"Unnamed building","height_m":10.0,"height_basis":"osm-height","source_id":"osm-cbd-buildings"},"geometry":{"type":"Polygon","coordinates":[[[103.8460259,1.2821627],[103.8459893,1.2821231],[103.8460116,1.2821005],[103.8461551,1.2819369],[103.8462026,1.2819789],[103.8461714,1.2820112],[103.8460259,1.2821627]]]}},{"type":"Feature","id":172270415,"properties":{"osm_id":172270415,"name":"SIF Building","height_m":20.0,"height_basis":"osm-height","source_id":"osm-cbd-buildings"},"geometry":{"type":"Polygon","coordinates":[[[103.8491129,1.2799961],[103.8491347,1.2799797],[103.849198,1.2799417],[103.8493274,1.2798668],[103.8491769,1.2796176],[103.8489624,1.2797471],[103.8491129,1.2799961]]]}},{"type":"Feature","id":172270418,"properties":{"osm_id":172270418,"name":"Unnamed building","height_m":10.0,"height_basis":"osm-height","source_id":"osm-cbd-buildings"},"geometry":{"type":"Polygon","coordinates":[[[103.8459819,1.2826756],[103.8459064,1.2825369],[103.845941,1.2825176],[103.8460162,1.2826571],[103.8459819,1.2826756]]]}},{"type":"Feature","id":172270419,"properties":{"osm_id":172270419,"name":"Unnamed building","height_m":10.0,"height_basis":"osm-height","source_id":"osm-cbd-buildings"},"geometry":{"type":"Polygon","coordinates":[[[103.8472326,1.28254],[103.8471652,1.2824747],[103.8472929,1.2823027],[103.847368,1.2823068],[103.8474495,1.2824412],[103.8472808,1.2825441],[103.8472326,1.28254]]]}},{"type":"Feature","id":172270420,"properties":{"osm_id":172270420,"name":"Unnamed building","height_m":10.0,"height_basis":"osm-height","source_id":"osm-cbd-buildings"},"geometry":{"type":"Polygon","coordinates":[[[103.8454818,1.2813884],[103.845581,1.2812584],[103.8454262,1.2811517],[103.8453698,1.2812189],[103.8454818,1.2813884]]]}},{"type":"Feature","id":172270428,"properties":{"osm_id":172270428,"name":"TAHIR Building","height_m":60.800000000000004,"height_basis":"levels-estimate","source_id":"osm-cbd-buildings"},"geometry":{"type":"Polygon","coordinates":[[[103.8480656,1.2784013],[103.8481795,1.2785821],[103.8484415,1.278417],[103.8483276,1.2782362],[103.8480656,1.2784013]]]}},{"type":"Feature","id":172270433,"properties":{"osm_id":172270433,"name":"Unnamed building","height_m":10.0,"height_basis":"osm-height","source_id":"osm-cbd-buildings"},"geometry":{"type":"Polygon","coordinates":[[[103.8458112,1.2808978],[103.8456416,1.2807845],[103.8456255,1.2807489],[103.8457053,1.2805834],[103.8458619,1.2807071],[103.8458656,1.2808046],[103.8458112,1.2808978]]]}},{"type":"Feature","id":172271291,"properties":{"osm_id":172271291,"name":"Dynasty Travel Hub","height_m":18.0,"height_basis":"osm-height","source_id":"osm-cbd-buildings"},"geometry":{"type":"Polygon","coordinates":[[[103.8471371,1.2883287],[103.8472071,1.2884192],[103.847235,1.2884224],[103.8473195,1.2883741],[103.8473372,1.2883482],[103.8473358,1.2883334],[103.8472669,1.2882357],[103.8471371,1.2883287]]]}},{"type":"Feature","id":172271304,"properties":{"osm_id":172271304,"name":"Unnamed building","height_m":18.0,"height_basis":"osm-height","source_id":"osm-cbd-buildings"},"geometry":{"type":"Polygon","coordinates":[[[103.8471371,1.2883287],[103.8471096,1.2883484],[103.8470514,1.2882699],[103.8472114,1.2881554],[103.8472669,1.2882357],[103.8471371,1.2883287]]]}},{"type":"Feature","id":172271316,"properties":{"osm_id":172271316,"name":"Maybank Kim Eng Securities","height_m":18.0,"height_basis":"osm-height","source_id":"osm-cbd-buildings"},"geometry":{"type":"Polygon","coordinates":[[[103.8470514,1.2882699],[103.8472114,1.2881554],[103.8471597,1.2880832],[103.8469997,1.2881977],[103.8470514,1.2882699]]]}},{"type":"Feature","id":172271318,"properties":{"osm_id":172271318,"name":"Unnamed building","height_m":18.0,"height_basis":"osm-height","source_id":"osm-cbd-buildings"},"geometry":{"type":"Polygon","coordinates":[[[103.8471597,1.2880832],[103.8469964,1.2878238],[103.8468372,1.2879317],[103.8468295,1.287975],[103.8469997,1.2881977],[103.8471597,1.2880832]]]}},{"type":"Feature","id":172271707,"properties":{"osm_id":172271707,"name":"PARKROYAL COLLECTION Pickering, Singapore","height_m":12,"height_basis":"illustrative-default","source_id":"osm-cbd-buildings"},"geometry":{"type":"Polygon","coordinates":[[[103.8455724,1.2858617],[103.8457173,1.2861247],[103.8458392,1.2860578],[103.8459899,1.285975],[103.8461254,1.2859006],[103.8463978,1.285751],[103.846534,1.2856762],[103.8468065,1.2855265],[103.8469429,1.2854516],[103.84695,1.2854477],[103.846956,1.2854283],[103.846918,1.2853516],[103.8468949,1.2853415],[103.846879,1.285304],[103.8468845,1.2852855],[103.8468358,1.2851924],[103.8468009,1.2851843],[103.8467955,1.2851872],[103.8466596,1.2852622],[103.8463871,1.2854124],[103.8462536,1.2854861],[103.84598,1.2856369],[103.8458457,1.285711],[103.8455724,1.2858617]]]}},{"type":"Feature","id":172272609,"properties":{"osm_id":172272609,"name":"Nagore Durgha Indian Muslim Heritage Centre","height_m":1.0,"height_basis":"osm-height","source_id":"osm-cbd-buildings"},"geometry":{"type":"Polygon","coordinates":[[[103.8478121,1.2815546],[103.8477584,1.2814586],[103.8479277,1.2813639],[103.847954,1.2814109],[103.8479814,1.2814599],[103.8478121,1.2815546]]]}},{"type":"Feature","id":172272611,"properties":{"osm_id":172272611,"name":"Thian Hock Keng","height_m":12.0,"height_basis":"osm-height","source_id":"osm-cbd-buildings"},"geometry":{"type":"Polygon","coordinates":[[[103.8474264,1.2813638],[103.8474158,1.2813444],[103.8474057,1.281326],[103.8473778,1.2812751],[103.8473503,1.2812247],[103.847331,1.2811896],[103.8473076,1.2811469],[103.8472889,1.2811127],[103.8472647,1.2810685],[103.8472488,1.2810434],[103.8472404,1.2810241],[103.8474204,1.280926],[103.847339,1.2807362],[103.8475239,1.2806486],[103.8477059,1.280985],[103.847833,1.2812198],[103.8475781,1.2813594],[103.847545,1.2812989],[103.8474264,1.2813638]]]}},{"type":"Feature","id":172288947,"properties":{"osm_id":172288947,"name":"Unnamed building","height_m":12,"height_basis":"illustrative-default","source_id":"osm-cbd-buildings"},"geometry":{"type":"Polygon","coordinates":[[[103.8636946,1.2813293],[103.8637005,1.2813144],[103.8637003,1.2812984],[103.8636939,1.2812837],[103.8636824,1.2812726],[103.8636675,1.2812667],[103.8636515,1.2812669],[103.8636368,1.2812733],[103.8636257,1.2812848],[103.8636198,1.2812997],[103.86362,1.2813157],[103.8636264,1.2813304],[103.8636379,1.2813415],[103.8636528,1.2813474],[103.8636688,1.2813472],[103.8636835,1.2813408],[103.8636946,1.2813293]]]}},{"type":"Feature","id":172288948,"properties":{"osm_id":172288948,"name":"Unnamed building","height_m":12,"height_basis":"illustrative-default","source_id":"osm-cbd-buildings"},"geometry":{"type":"Polygon","coordinates":[[[103.8643531,1.2820603],[103.8643714,1.2820468],[103.8643831,1.2820299],[103.864389,1.2820102],[103.8643884,1.2819897],[103.8643816,1.2819703],[103.8643691,1.281954],[103.8643522,1.2819423],[103.8643325,1.2819365],[103.864312,1.281937],[103.8642926,1.2819438],[103.8642763,1.2819563],[103.8642637,1.2819753],[103.8642583,1.2819974],[103.8642609,1.2820201],[103.864271,1.2820405],[103.8642875,1.2820562],[103.8643084,1.2820654],[103.8643312,1.2820668],[103.8643531,1.2820603]]]}},{"type":"Feature","id":172288950,"properties":{"osm_id":172288950,"name":"Unnamed building","height_m":12,"height_basis":"illustrative-default","source_id":"osm-cbd-buildings"},"geometry":{"type":"Polygon","coordinates":[[[103.8642301,1.2822906],[103.8642218,1.2822782],[103.8642113,1.2822677],[103.864199,1.2822594],[103.8641853,1.2822537],[103.8641708,1.2822508],[103.8641559,1.2822507],[103.8641413,1.2822535],[103.8641275,1.2822591],[103.8641151,1.2822673],[103.8641045,1.2822777],[103.8640961,1.28229],[103.8640903,1.2823037],[103.8640872,1.2823183],[103.864087,1.2823332],[103.8640898,1.2823479],[103.8640917,1.2823534],[103.8641036,1.2823744],[103.8641141,1.282385],[103.8641265,1.2823934],[103.8641404,1.2823993],[103.8641551,1.2824023],[103.8641701,1.2824024],[103.8641848,1.2823995],[103.8641987,1.2823938],[103.8642112,1.2823855],[103.8642218,1.2823749],[103.8642302,1.2823624],[103.8642359,1.2823486],[103.8642388,1.2823339],[103.8642387,1.282319],[103.8642358,1.2823044],[103.8642301,1.2822906]]]}},{"type":"Feature","id":172288952,"properties":{"osm_id":172288952,"name":"Unnamed building","height_m":12,"height_basis":"illustrative-default","source_id":"osm-cbd-buildings"},"geometry":{"type":"Polygon","coordinates":[[[103.8641627,1.2816879],[103.8641717,1.2816729],[103.8641742,1.2816555],[103.8641699,1.2816384],[103.8641594,1.2816243],[103.8641443,1.2816154],[103.8641269,1.2816128],[103.8641099,1.2816171],[103.8640958,1.2816276],[103.8640868,1.2816427],[103.8640843,1.2816601],[103.8640886,1.2816771],[103.8640991,1.2816912],[103.8641142,1.2817002],[103.8641316,1.2817028],[103.8641486,1.2816984],[103.8641627,1.2816879]]]}},{"type":"Feature","id":172288953,"properties":{"osm_id":172288953,"name":"Unnamed building","height_m":12,"height_basis":"illustrative-default","source_id":"osm-cbd-buildings"},"geometry":{"type":"Polygon","coordinates":[[[103.8636491,1.2822629],[103.863634,1.2822452],[103.8636026,1.2822308],[103.8635793,1.2822309],[103.8635512,1.2822432],[103.8635352,1.2822602],[103.8635254,1.2822848],[103.8635252,1.2823081],[103.8635336,1.2823309],[103.8635487,1.2823486],[103.8635698,1.2823604],[103.8635928,1.2823639],[103.8636188,1.2823581],[103.863638,1.282345],[103.8636546,1.2823192],[103.8636584,1.2822962],[103.8636491,1.2822629]]]}},{"type":"Feature","id":172288955,"properties":{"osm_id":172288955,"name":"Unnamed building","height_m":12,"height_basis":"illustrative-default","source_id":"osm-cbd-buildings"},"geometry":{"type":"Polygon","coordinates":[[[103.8638672,1.282474],[103.8638811,1.2824606],[103.8638889,1.2824429],[103.8638893,1.2824236],[103.8638822,1.2824056],[103.8638688,1.2823917],[103.8638512,1.282384],[103.8638318,1.2823836],[103.8638139,1.2823906],[103.8637999,1.282404],[103.8637922,1.2824217],[103.8637918,1.282441],[103.8637988,1.2824589],[103.8638122,1.2824729],[103.8638299,1.2824806],[103.8638492,1.282481],[103.8638672,1.282474]]]}},{"type":"Feature","id":172288956,"properties":{"osm_id":172288956,"name":"Unnamed building","height_m":12,"height_basis":"illustrative-default","source_id":"osm-cbd-buildings"},"geometry":{"type":"Polygon","coordinates":[[[103.8644271,1.2825204],[103.8644337,1.282511],[103.864437,1.2825],[103.8644366,1.2824873],[103.8644318,1.2824755],[103.8644233,1.282466],[103.864412,1.28246],[103.8643994,1.2824583],[103.864387,1.2824609],[103.8643762,1.2824677],[103.8643683,1.2824777],[103.8643644,1.2824898],[103.8643646,1.2825013],[103.8643683,1.2825121],[103.8643752,1.2825213],[103.8643846,1.2825279],[103.8643956,1.2825312],[103.8644071,1.282531],[103.8644179,1.2825273],[103.8644271,1.2825204]]]}},{"type":"Feature","id":172288958,"properties":{"osm_id":172288958,"name":"Unnamed building","height_m":12,"height_basis":"illustrative-default","source_id":"osm-cbd-buildings"},"geometry":{"type":"Polygon","coordinates":[[[103.8635038,1.2819664],[103.8634908,1.2819555],[103.8634665,1.2819489],[103.8634498,1.2819518],[103.863431,1.2819639],[103.8634216,1.281978],[103.8634174,1.281997],[103.8634201,1.2820137],[103.8634288,1.2820291],[103.8634418,1.28204],[103.8634584,1.282046],[103.8634754,1.2820458],[103.8634933,1.2820385],[103.8635056,1.2820268],[103.8635144,1.2820063],[103.8635144,1.2819893],[103.8635038,1.2819664]]]}},{"type":"Feature","id":172288975,"properties":{"osm_id":172288975,"name":"Unnamed building","height_m":12,"height_basis":"illustrative-default","source_id":"osm-cbd-buildings"},"geometry":{"type":"Polygon","coordinates":[[[103.8644473,1.281786],[103.864458,1.2817708],[103.8644621,1.2817527],[103.8644589,1.2817343],[103.864449,1.2817186],[103.8644338,1.2817079],[103.8644156,1.2817038],[103.8643973,1.281707],[103.8643816,1.2817169],[103.8643708,1.2817321],[103.8643668,1.2817503],[103.8643699,1.2817686],[103.8643799,1.2817843],[103.8643951,1.2817951],[103.8644132,1.2817991],[103.8644316,1.281796],[103.8644473,1.281786]]]}},{"type":"Feature","id":172297160,"properties":{"osm_id":172297160,"name":"The Canopy","height_m":10.0,"height_basis":"osm-height","source_id":"osm-cbd-buildings"},"geometry":{"type":"Polygon","coordinates":[[[103.865603,1.2844191],[103.8654542,1.2844345],[103.8654388,1.2843923],[103.8654142,1.2843977],[103.8653892,1.2843125],[103.865319,1.2842585],[103.8653521,1.2842324],[103.8652235,1.2842052],[103.8651558,1.2841395],[103.8651179,1.284108],[103.8650653,1.2840685],[103.8649385,1.2840162],[103.8648212,1.28398],[103.8648295,1.2839549],[103.8648386,1.283929],[103.8648913,1.2839317],[103.8649493,1.2839394],[103.8650039,1.2839478],[103.8649647,1.2839277],[103.8649198,1.2839009],[103.8649003,1.2838818],[103.8648819,1.2838603],[103.8647924,1.2837091],[103.8648087,1.283697],[103.8648574,1.2836582],[103.8648692,1.283683],[103.864907,1.2837621],[103.8649426,1.283803],[103.8649727,1.2838285],[103.8650277,1.2838466],[103.8651578,1.283872],[103.8652262,1.2839035],[103.8653006,1.2839619],[103.8652913,1.283868],[103.8653006,1.2838184],[103.8653476,1.2837078],[103.8653697,1.2836542],[103.8653938,1.2835603],[103.8653938,1.2835127],[103.8653938,1.2834906],[103.865371,1.2834081],[103.8653496,1.2833217],[103.8653901,1.2833243],[103.8654301,1.2833217],[103.8654649,1.2834557],[103.8654689,1.2835643],[103.865473,1.2836971],[103.8655125,1.2836461],[103.8656151,1.2835281],[103.8656822,1.2834665],[103.8656909,1.2834785],[103.8657063,1.2834946],[103.865646,1.2835616],[103.8655749,1.2836703],[103.865544,1.2837373],[103.8655266,1.2838808],[103.8655266,1.2839786],[103.8655548,1.2840685],[103.8655854,1.2841365],[103.8656147,1.2841969],[103.8656477,1.2842352],[103.8655682,1.2842723],[103.8656151,1.2843567],[103.865603,1.2844191]]]}},{"type":"Feature","id":172297161,"properties":{"osm_id":172297161,"name":"Visitors Centre","height_m":4.0,"height_basis":"osm-height","source_id":"osm-cbd-buildings"},"geometry":{"type":"Polygon","coordinates":[[[103.8653952,1.2825051],[103.8655238,1.2820871],[103.8654887,1.2820036],[103.8654864,1.2819688],[103.8654983,1.2819431],[103.8655141,1.2819259],[103.8655326,1.2819102],[103.8655635,1.2818972],[103.8655669,1.281864],[103.8655375,1.2818593],[103.8655395,1.2818182],[103.8655731,1.2818176],[103.865571,1.2816862],[103.8656274,1.2816439],[103.865647,1.2815026],[103.8656558,1.2814827],[103.8656809,1.2813278],[103.8657471,1.281301],[103.8657042,1.2815692],[103.8657245,1.2816231],[103.8656736,1.2818713],[103.8656654,1.2819594],[103.8657262,1.2819676],[103.8661717,1.2820318],[103.8662716,1.2820164],[103.8665224,1.281873],[103.8665452,1.2819454],[103.866281,1.2820828],[103.8661737,1.2820955],[103.865937,1.2820623],[103.8657546,1.2820381],[103.8657163,1.282033],[103.865654,1.2820247],[103.8654877,1.2825018],[103.8655461,1.2826727],[103.8655755,1.2827562],[103.8654421,1.2832741],[103.8654341,1.2833029],[103.8654301,1.2833217],[103.8653901,1.2833243],[103.8653496,1.2833217],[103.8653617,1.28326],[103.8654039,1.2830817],[103.8654455,1.2829094],[103.8654689,1.2827813],[103.8653952,1.2825051]]]}},{"type":"Feature","id":172297162,"properties":{"osm_id":172297162,"name":"Unnamed building","height_m":4.0,"height_basis":"osm-height","source_id":"osm-cbd-buildings"},"geometry":{"type":"Polygon","coordinates":[[[103.8653107,1.2811714],[103.865176,1.2809738],[103.8652907,1.2808957],[103.8654254,1.2810933],[103.8653107,1.2811714]]]}},{"type":"Feature","id":172307471,"properties":{"osm_id":172307471,"name":"Marina Bay Sands Tower 3","height_m":193.0,"height_basis":"osm-height","source_id":"osm-cbd-buildings"},"geometry":{"type":"Polygon","coordinates":[[[103.8611752,1.2846907],[103.8611459,1.284699],[103.8610342,1.2847306],[103.8610137,1.2846581],[103.8609398,1.284679],[103.8608858,1.2846942],[103.8607721,1.2842924],[103.8610409,1.2842163],[103.8611752,1.2846907]]]}},{"type":"Feature","id":172307472,"properties":{"osm_id":172307472,"name":"Marina Bay Sands Tower 2","height_m":193.0,"height_basis":"osm-height","source_id":"osm-cbd-buildings"},"geometry":{"type":"Polygon","coordinates":[[[103.8606018,1.2839324],[103.860369,1.2834367],[103.8607815,1.2832456],[103.8610143,1.2837414],[103.860892,1.2837988],[103.8606018,1.2839324]]]}},{"type":"Feature","id":172364976,"properties":{"osm_id":172364976,"name":"Unnamed building","height_m":24.0,"height_basis":"osm-height","source_id":"osm-cbd-buildings"},"geometry":{"type":"Polygon","coordinates":[[[103.8554153,1.2980255],[103.8553169,1.2979027],[103.8553492,1.2978769],[103.8553189,1.2978391],[103.8554329,1.2977477],[103.8554691,1.2977928],[103.8554324,1.2978222],[103.8555059,1.2979139],[103.8555341,1.2978913],[103.8555532,1.2979151],[103.8554153,1.2980255]]]}},{"type":"Feature","id":172364977,"properties":{"osm_id":172364977,"name":"Bugis Junction","height_m":9.600000000000001,"height_basis":"levels-estimate","source_id":"osm-cbd-buildings"},"geometry":{"type":"Polygon","coordinates":[[[103.8554141,1.299853],[103.8555491,1.299752],[103.8555255,1.2997185],[103.8554673,1.2996399],[103.8556205,1.2995265],[103.8556485,1.2995643],[103.8556787,1.2996051],[103.8557074,1.2996451],[103.8558492,1.2995353],[103.855876,1.2995146],[103.855804,1.2994231],[103.8559339,1.2993269],[103.8560118,1.2992692],[103.8563905,1.2997775],[103.8563404,1.2999883],[103.8559642,1.3003623],[103.8558236,1.3003352],[103.8554141,1.299853]]]}},{"type":"Feature","id":172364980,"properties":{"osm_id":172364980,"name":"Bugis Cube Shopping Mall","height_m":24.0,"height_basis":"osm-height","source_id":"osm-cbd-buildings"},"geometry":{"type":"Polygon","coordinates":[[[103.8558612,1.2982994],[103.8558272,1.2982588],[103.8555532,1.2979151],[103.8554153,1.2980255],[103.8554473,1.2980654],[103.8557232,1.2984096],[103.8558612,1.2982994]]]}},{"type":"Feature","id":172364985,"properties":{"osm_id":172364985,"name":"Chan Brothers Building","height_m":24.0,"height_basis":"osm-height","source_id":"osm-cbd-buildings"},"geometry":{"type":"Polygon","coordinates":[[[103.8554329,1.2977477],[103.8553733,1.2976643],[103.8553402,1.2976596],[103.8552751,1.2977057],[103.8552621,1.2978205],[103.8552893,1.2978583],[103.8553189,1.2978391],[103.8554329,1.2977477]]]}},{"type":"Feature","id":172368086,"properties":{"osm_id":172368086,"name":"Central Fire Station","height_m":20.0,"height_basis":"osm-height","source_id":"osm-cbd-buildings"},"geometry":{"type":"Polygon","coordinates":[[[103.8486444,1.2922397],[103.8486875,1.2922178],[103.8487253,1.2922921],[103.8486871,1.2923115],[103.8487346,1.2924049],[103.8488323,1.2923553],[103.8487872,1.2922664],[103.8487867,1.2922667],[103.8487478,1.29219],[103.8490363,1.2920436],[103.8490799,1.2921295],[103.8491065,1.292116],[103.8491362,1.2921745],[103.849144,1.2921705],[103.8491537,1.2921897],[103.8491553,1.2921889],[103.8492546,1.2923845],[103.8492473,1.2923882],[103.8492589,1.2924109],[103.8492744,1.2924031],[103.8492793,1.2924127],[103.8493519,1.2923758],[103.8493362,1.2923448],[103.849353,1.2923363],[103.8492521,1.2921377],[103.8492808,1.2921232],[103.8492456,1.2920538],[103.849263,1.292045],[103.8492211,1.2919624],[103.8492038,1.2919711],[103.8491683,1.2919013],[103.849134,1.2919187],[103.8491125,1.2918763],[103.8490871,1.2918892],[103.8491094,1.2919331],[103.8490797,1.2919482],[103.849112,1.2920117],[103.8490856,1.2920251],[103.8490356,1.2919267],[103.8485982,1.2921487],[103.8486444,1.2922397]]]}},{"type":"Feature","id":172368087,"properties":{"osm_id":172368087,"name":"National Archives of Singapore","height_m":20.0,"height_basis":"osm-height","source_id":"osm-cbd-buildings"},"geometry":{"type":"Polygon","coordinates":[[[103.8484828,1.2934738],[103.8485052,1.2934845],[103.8485166,1.29349],[103.8485408,1.2934395],[103.8485688,1.2933811],[103.8485584,1.2933761],[103.8485345,1.2933646],[103.8485413,1.2933504],[103.84827,1.2932202],[103.8482879,1.293183],[103.8483261,1.2931034],[103.8483752,1.2931269],[103.8483758,1.2931272],[103.8483673,1.2931448],[103.8484241,1.2931721],[103.8484331,1.2931534],[103.8485034,1.2931872],[103.8485849,1.2930174],[103.8484556,1.2929554],[103.8483867,1.2930989],[103.8483387,1.2930759],[103.8484905,1.2927597],[103.8485746,1.2928],[103.8486241,1.2926969],[103.8484542,1.2926154],[103.8484233,1.2926797],[103.8484098,1.2926732],[103.8481908,1.2931293],[103.8480955,1.2933279],[103.8481157,1.2933376],[103.8480969,1.2933766],[103.848275,1.2934621],[103.8482973,1.2934158],[103.8484707,1.293499],[103.8484828,1.2934738]]]}},{"type":"Feature","id":172368088,"properties":{"osm_id":172368088,"name":"Registry of Marriages","height_m":20.0,"height_basis":"osm-height","source_id":"osm-cbd-buildings"},"geometry":{"type":"Polygon","coordinates":[[[103.8479441,1.2944971],[103.8479655,1.2944109],[103.8480446,1.2944305],[103.848068,1.2944363],[103.84809,1.2943476],[103.8480653,1.2943415],[103.8479881,1.2943223],[103.8480507,1.2940701],[103.8480127,1.2940607],[103.8479886,1.2941581],[103.8478141,1.2941149],[103.8477897,1.2942135],[103.847706,1.2941928],[103.8476547,1.2943998],[103.8477397,1.2944208],[103.8477151,1.2945198],[103.8478897,1.294563],[103.8479083,1.2944882],[103.8479441,1.2944971]]]}},{"type":"Feature","id":172368089,"properties":{"osm_id":172368089,"name":"Children's Museum Singapore","height_m":20.0,"height_basis":"osm-height","source_id":"osm-cbd-buildings"},"geometry":{"type":"Polygon","coordinates":[[[103.8488115,1.292995],[103.8488656,1.2929167],[103.848893,1.292877],[103.8488915,1.292876],[103.8489124,1.2928457],[103.8486777,1.2926837],[103.8486181,1.29277],[103.8486745,1.292809],[103.8486317,1.2928709],[103.8488115,1.292995]]]}},{"type":"Feature","id":172368090,"properties":{"osm_id":172368090,"name":"Fort Canning Centre","height_m":6.4,"height_basis":"levels-estimate","source_id":"osm-cbd-buildings"},"geometry":{"type":"Polygon","coordinates":[[[103.8467122,1.2951262],[103.8466776,1.2951192],[103.8466605,1.2952033],[103.8466459,1.2952752],[103.8466785,1.2952818],[103.8466116,1.295611],[103.8467889,1.295647],[103.8468565,1.2953146],[103.8468823,1.2953198],[103.8468984,1.2952408],[103.846914,1.2951638],[103.8468902,1.295159],[103.8469613,1.2948091],[103.846784,1.2947731],[103.8467122,1.2951262]]]}},{"type":"Feature","id":172368091,"properties":{"osm_id":172368091,"name":"Freemasons' Hall","height_m":20.0,"height_basis":"osm-height","source_id":"osm-cbd-buildings"},"geometry":{"type":"Polygon","coordinates":[[[103.8492192,1.2924407],[103.849203,1.2924119],[103.8491706,1.2924301],[103.8492027,1.2924872],[103.8491844,1.2924975],[103.8492257,1.292571],[103.8492467,1.2925592],[103.8492498,1.2925647],[103.8492825,1.2925463],[103.849279,1.2925401],[103.8493157,1.2925195],[103.8492959,1.2924843],[103.8492835,1.2924913],[103.8492703,1.2924678],[103.8492546,1.2924767],[103.8492307,1.2924342],[103.8492192,1.2924407]]]}},{"type":"Feature","id":172368093,"properties":{"osm_id":172368093,"name":"Armenian Church of Saint Gregory the Illuminator","height_m":15.0,"height_basis":"osm-height","source_id":"osm-cbd-buildings"},"geometry":{"type":"Polygon","coordinates":[[[103.8492829,1.2931957],[103.8493275,1.2931723],[103.8493446,1.2932047],[103.8494184,1.293166],[103.8494391,1.2932055],[103.8494893,1.2931792],[103.8494686,1.2931396],[103.8494948,1.2931258],[103.8494797,1.293097],[103.8495256,1.2930729],[103.8494959,1.2930163],[103.8494499,1.2930404],[103.8494338,1.2930097],[103.8494046,1.293025],[103.849386,1.2929896],[103.8493358,1.2930159],[103.8493544,1.2930515],[103.8492835,1.2930886],[103.8493051,1.2931298],[103.8492606,1.2931531],[103.8492718,1.2931745],[103.8492829,1.2931957]]]}},{"type":"Feature","id":172368094,"properties":{"osm_id":172368094,"name":"Masonic Hall","height_m":20.0,"height_basis":"osm-height","source_id":"osm-cbd-buildings"},"geometry":{"type":"Polygon","coordinates":[[[103.8488387,1.2924421],[103.8490418,1.2923411],[103.8490141,1.2922855],[103.8487071,1.2924382],[103.8487326,1.2924894],[103.8487945,1.2924586],[103.8488035,1.2924766],[103.8488091,1.2924878],[103.8487826,1.292501],[103.8489012,1.2927378],[103.849004,1.2926859],[103.8491155,1.2926296],[103.8489934,1.2923859],[103.848847,1.2924587],[103.8488387,1.2924421]]]}},{"type":"Feature","id":172368096,"properties":{"osm_id":172368096,"name":"Unnamed building","height_m":20.0,"height_basis":"osm-height","source_id":"osm-cbd-buildings"},"geometry":{"type":"Polygon","coordinates":[[[103.8486461,1.2926787],[103.8487338,1.2925517],[103.8486834,1.292517],[103.8486585,1.292553],[103.8486334,1.2925357],[103.8485935,1.2925937],[103.8486179,1.2926105],[103.8485951,1.2926435],[103.8486461,1.2926787]]]}},{"type":"Feature","id":172368097,"properties":{"osm_id":172368097,"name":"Armenian Heritage Gallery","height_m":15.0,"height_basis":"osm-height","source_id":"osm-cbd-buildings"},"geometry":{"type":"Polygon","coordinates":[[[103.8491613,1.2929348],[103.8491427,1.2928983],[103.8490078,1.2929673],[103.8490688,1.2930865],[103.8492031,1.2930178],[103.8491844,1.2929813],[103.8492166,1.2929649],[103.8491929,1.2929187],[103.8491613,1.2929348]]]}},{"type":"Feature","id":172368098,"properties":{"osm_id":172368098,"name":"Unnamed building","height_m":4.0,"height_basis":"osm-height","source_id":"osm-cbd-buildings"},"geometry":{"type":"Polygon","coordinates":[[[103.8459988,1.2869973],[103.8460391,1.2869663],[103.8461114,1.2870659],[103.8461895,1.2870093],[103.8460854,1.286866],[103.8460657,1.2868389],[103.8459877,1.2868955],[103.8459975,1.286909],[103.8459557,1.286941],[103.8459908,1.2869868],[103.8459988,1.2869973]]]}},{"type":"Feature","id":172368145,"properties":{"osm_id":172368145,"name":"Unnamed building","height_m":30.0,"height_basis":"osm-height","source_id":"osm-cbd-buildings"},"geometry":{"type":"Polygon","coordinates":[[[103.8510348,1.2906817],[103.8510635,1.2905679],[103.8510466,1.2904497],[103.8509847,1.2903458],[103.8508913,1.2902759],[103.8507736,1.2902456],[103.850657,1.2902623],[103.8505556,1.2903214],[103.8504813,1.2904199],[103.8504523,1.2905311],[103.8504701,1.290656],[103.8505327,1.2907588],[103.8506296,1.2908293],[103.8507456,1.2908572],[103.8508633,1.2908387],[103.8509645,1.2907771],[103.8510348,1.2906817]]]}},{"type":"Feature","id":172373820,"properties":{"osm_id":172373820,"name":"Unnamed building","height_m":1.0,"height_basis":"osm-height","source_id":"osm-cbd-buildings"},"geometry":{"type":"Polygon","coordinates":[[[103.8560199,1.2928239],[103.855932,1.2926828],[103.8558793,1.2927155],[103.8559671,1.2928566],[103.8560199,1.2928239]]]}},{"type":"Feature","id":172373823,"properties":{"osm_id":172373823,"name":"Unnamed building","height_m":6.4,"height_basis":"levels-estimate","source_id":"osm-cbd-buildings"},"geometry":{"type":"Polygon","coordinates":[[[103.8572459,1.2896254],[103.8572237,1.2893096],[103.856959,1.2893281],[103.8569811,1.289644],[103.8572459,1.2896254]]]}},{"type":"Feature","id":172409568,"properties":{"osm_id":172409568,"name":"Unnamed building","height_m":12,"height_basis":"illustrative-default","source_id":"osm-cbd-buildings"},"geometry":{"type":"Polygon","coordinates":[[[103.8480331,1.2953215],[103.8480646,1.2953309],[103.8480773,1.2953617],[103.8480619,1.2953919],[103.8480311,1.2954039],[103.8480036,1.2953939],[103.8479928,1.2953671],[103.8480015,1.2953329],[103.8480331,1.2953215]]]}},{"type":"Feature","id":172471575,"properties":{"osm_id":172471575,"name":"Unnamed building","height_m":3.0,"height_basis":"osm-height","source_id":"osm-cbd-buildings"},"geometry":{"type":"Polygon","coordinates":[[[103.8598015,1.2866454],[103.860032,1.2865821],[103.860007,1.2864912],[103.8597766,1.2865545],[103.8598015,1.2866454]]]}},{"type":"Feature","id":172471576,"properties":{"osm_id":172471576,"name":"Unnamed building","height_m":3.0,"height_basis":"osm-height","source_id":"osm-cbd-buildings"},"geometry":{"type":"Polygon","coordinates":[[[103.8596888,1.2866722],[103.8596586,1.2865817],[103.8595795,1.2866079],[103.8595064,1.2866246],[103.8594266,1.2866327],[103.8594306,1.2867252],[103.8595158,1.2867225],[103.8596097,1.2866984],[103.8596888,1.2866722]]]}},{"type":"Feature","id":172474137,"properties":{"osm_id":172474137,"name":"Singapore Flyer Car Park","height_m":10.0,"height_basis":"osm-height","source_id":"osm-cbd-buildings"},"geometry":{"type":"Polygon","coordinates":[[[103.8628224,1.2908711],[103.8625007,1.2899891],[103.8624496,1.2898489],[103.8624214,1.2897718],[103.8623303,1.289805],[103.8623168,1.2897681],[103.8622963,1.2897378],[103.8622675,1.2897157],[103.8622312,1.2897035],[103.8621929,1.2897041],[103.862157,1.2897173],[103.8621275,1.2897418],[103.8621079,1.2897747],[103.8621004,1.2898122],[103.8621057,1.2898501],[103.8621135,1.2898651],[103.8621234,1.2898841],[103.8621514,1.2899102],[103.8621744,1.2899203],[103.8620958,1.289949],[103.8621451,1.2900897],[103.8624209,1.2908405],[103.8624778,1.2909967],[103.8628224,1.2908711]]]}},{"type":"Feature","id":172482919,"properties":{"osm_id":172482919,"name":"Unnamed building","height_m":22.0,"height_basis":"osm-height","source_id":"osm-cbd-buildings"},"geometry":{"type":"Polygon","coordinates":[[[103.8610869,1.2858579],[103.8612713,1.2858667],[103.8612791,1.2856315],[103.8612719,1.2854108],[103.8612368,1.2850954],[103.8611942,1.2848878],[103.8611459,1.284699],[103.8610342,1.2847306],[103.8610137,1.2846581],[103.8609398,1.284679],[103.8609967,1.2848946],[103.8610574,1.2851629],[103.861083,1.2854384],[103.8610899,1.2855122],[103.8610869,1.2858579]]]}},{"type":"Feature","id":172596704,"properties":{"osm_id":172596704,"name":"Hotel Grand Pacific","height_m":68.0,"height_basis":"osm-height","source_id":"osm-cbd-buildings"},"geometry":{"type":"Polygon","coordinates":[[[103.852552,1.2971011],[103.8523436,1.2972744],[103.8523884,1.2973276],[103.852451,1.2974027],[103.8524771,1.2974348],[103.8525018,1.2974143],[103.8527336,1.297693],[103.8529174,1.2975401],[103.8526855,1.2972615],[103.852552,1.2971011]]]}},{"type":"Feature","id":172596706,"properties":{"osm_id":172596706,"name":"Singapore Calligraphy Centre","height_m":40.0,"height_basis":"osm-height","source_id":"osm-cbd-buildings"},"geometry":{"type":"Polygon","coordinates":[[[103.850919,1.2985753],[103.8510548,1.2984603],[103.85099,1.2983837],[103.850839,1.2985115],[103.8508772,1.2985565],[103.850839,1.2985888],[103.8507804,1.2985196],[103.850733,1.2985598],[103.8508313,1.2986759],[103.850932,1.2985906],[103.850919,1.2985753]]]}},{"type":"Feature","id":172596709,"properties":{"osm_id":172596709,"name":"V Hotel","height_m":40.0,"height_basis":"osm-height","source_id":"osm-cbd-buildings"},"geometry":{"type":"Polygon","coordinates":[[[103.8505572,1.2989056],[103.8506734,1.2990438],[103.8507923,1.2991852],[103.8509006,1.2990949],[103.8509801,1.2990287],[103.850745,1.298749],[103.8505572,1.2989056]]]}},{"type":"Feature","id":172596710,"properties":{"osm_id":172596710,"name":"Unnamed building","height_m":15.0,"height_basis":"osm-height","source_id":"osm-cbd-buildings"},"geometry":{"type":"Polygon","coordinates":[[[103.852968,1.2980915],[103.8531007,1.2979863],[103.8530637,1.2979397],[103.8530982,1.2979123],[103.8531251,1.2979461],[103.8532714,1.2978299],[103.8531305,1.2976525],[103.8529837,1.2977691],[103.8530164,1.2978103],[103.8529838,1.2978361],[103.8529762,1.2978265],[103.8528421,1.2979329],[103.852968,1.2980915]]]}},{"type":"Feature","id":172596712,"properties":{"osm_id":172596712,"name":"Dance Ensemble Singapore","height_m":40.0,"height_basis":"osm-height","source_id":"osm-cbd-buildings"},"geometry":{"type":"Polygon","coordinates":[[[103.8512628,1.29879],[103.8512405,1.298763],[103.8512745,1.2987374],[103.8512355,1.2986858],[103.8511992,1.2987132],[103.8511693,1.298677],[103.8511095,1.2987264],[103.8510867,1.2986984],[103.8509588,1.2988027],[103.8511049,1.2989819],[103.8512329,1.2988777],[103.8512022,1.2988401],[103.8512628,1.29879]]]}},{"type":"Feature","id":172596713,"properties":{"osm_id":172596713,"name":"Singapore Council of Women's Organisation","height_m":19.200000000000003,"height_basis":"levels-estimate","source_id":"osm-cbd-buildings"},"geometry":{"type":"Polygon","coordinates":[[[103.8518695,1.2993885],[103.8519031,1.2993618],[103.8518651,1.299314],[103.8518299,1.299342],[103.8518085,1.299317],[103.8517351,1.2993795],[103.8516967,1.2993325],[103.8515727,1.2994339],[103.851713,1.2996054],[103.8517559,1.2996112],[103.8518524,1.2995323],[103.8518131,1.2994844],[103.8518924,1.2994154],[103.8518695,1.2993885]]]}},{"type":"Feature","id":172596714,"properties":{"osm_id":172596714,"name":"NAFA Campus 1","height_m":22.400000000000002,"height_basis":"levels-estimate","source_id":"osm-cbd-buildings"},"geometry":{"type":"Polygon","coordinates":[[[103.8518499,1.2997552],[103.8516274,1.2999406],[103.8515855,1.2998904],[103.8515741,1.2998767],[103.8515942,1.29986],[103.8515307,1.2997838],[103.8516125,1.2997155],[103.8515532,1.2996386],[103.8515,1.2996495],[103.8515052,1.2996965],[103.8514792,1.2997243],[103.8513496,1.2995642],[103.8513848,1.2995588],[103.851458,1.2995604],[103.8514643,1.2995245],[103.8512974,1.2993336],[103.8512241,1.2992497],[103.8510011,1.2994356],[103.8514645,1.2999914],[103.8516429,1.3002053],[103.8517021,1.300156],[103.8517531,1.3002172],[103.8520375,1.2999802],[103.8518499,1.2997552]]]}},{"type":"Feature","id":172596715,"properties":{"osm_id":172596715,"name":"Centre 42","height_m":40.0,"height_basis":"osm-height","source_id":"osm-cbd-buildings"},"geometry":{"type":"Polygon","coordinates":[[[103.8508965,1.2983776],[103.8509164,1.2983607],[103.8509276,1.2983425],[103.8509227,1.2983218],[103.8509045,1.2983105],[103.8508837,1.2983155],[103.8508611,1.2983346],[103.8508457,1.2983159],[103.8507463,1.2983977],[103.8507676,1.2984236],[103.8507541,1.2984348],[103.8507758,1.2984611],[103.8507521,1.2984798],[103.8507107,1.2984297],[103.8506751,1.2984591],[103.8507404,1.298538],[103.8509141,1.298399],[103.8508965,1.2983776]]]}},{"type":"Feature","id":172596716,"properties":{"osm_id":172596716,"name":"Masjid Bencoolen","height_m":40.0,"height_basis":"osm-height","source_id":"osm-cbd-buildings"},"geometry":{"type":"Polygon","coordinates":[[[103.8503522,1.299615],[103.8506342,1.2993893],[103.8503333,1.299062],[103.8500605,1.2992809],[103.8503522,1.299615]]]}},{"type":"Feature","id":172596717,"properties":{"osm_id":172596717,"name":"Jacob Ballas Centre and School","height_m":40.0,"height_basis":"osm-height","source_id":"osm-cbd-buildings"},"geometry":{"type":"Polygon","coordinates":[[[103.8504953,1.2982292],[103.8506724,1.2980852],[103.8505949,1.2979899],[103.8504178,1.2981339],[103.8504953,1.2982292]]]}},{"type":"Feature","id":172596718,"properties":{"osm_id":172596718,"name":"Unnamed building","height_m":10.0,"height_basis":"osm-height","source_id":"osm-cbd-buildings"},"geometry":{"type":"Polygon","coordinates":[[[103.8500789,1.299963],[103.8501097,1.3000002],[103.8503425,1.2998081],[103.8503118,1.2997709],[103.8500789,1.299963]]]}},{"type":"Feature","id":172596719,"properties":{"osm_id":172596719,"name":"Unnamed building","height_m":10.0,"height_basis":"osm-height","source_id":"osm-cbd-buildings"},"geometry":{"type":"Polygon","coordinates":[[[103.8499515,1.2998085],[103.8500127,1.2998827],[103.8502455,1.2996906],[103.8501843,1.2996164],[103.8499515,1.2998085]]]}},{"type":"Feature","id":172596721,"properties":{"osm_id":172596721,"name":"Hotel Bencoolen","height_m":40.0,"height_basis":"osm-height","source_id":"osm-cbd-buildings"},"geometry":{"type":"Polygon","coordinates":[[[103.8500605,1.2992809],[103.8503333,1.299062],[103.8502379,1.2989491],[103.8499641,1.299175],[103.8500605,1.2992809]]]}},{"type":"Feature","id":172596722,"properties":{"osm_id":172596722,"name":"Midtown House @ Old Police Station","height_m":12,"height_basis":"illustrative-default","source_id":"osm-cbd-buildings"},"geometry":{"type":"Polygon","coordinates":[[[103.8572982,1.297424],[103.8573902,1.2973366],[103.8574936,1.2972384],[103.8574469,1.2971881],[103.8573439,1.2972879],[103.8571772,1.2971126],[103.8572778,1.2970145],[103.8572337,1.2969644],[103.8571295,1.2970624],[103.8570323,1.2971539],[103.8572982,1.297424]]]}},{"type":"Feature","id":172596723,"properties":{"osm_id":172596723,"name":"Stamford Arts Centre","height_m":9.600000000000001,"height_basis":"levels-estimate","source_id":"osm-cbd-buildings"},"geometry":{"type":"Polygon","coordinates":[[[103.8530042,1.3003425],[103.8531665,1.30021],[103.8529036,1.2998882],[103.8526877,1.3000645],[103.8527788,1.300176],[103.8528324,1.3001323],[103.8530042,1.3003425]]]}},{"type":"Feature","id":172596727,"properties":{"osm_id":172596727,"name":"The Theatre Practice","height_m":40.0,"height_basis":"osm-height","source_id":"osm-cbd-buildings"},"geometry":{"type":"Polygon","coordinates":[[[103.8509462,1.2987759],[103.8512142,1.2985713],[103.8511325,1.2984643],[103.8508645,1.2986689],[103.8509462,1.2987759]]]}},{"type":"Feature","id":172596730,"properties":{"osm_id":172596730,"name":"Income Centre","height_m":40.0,"height_basis":"osm-height","source_id":"osm-cbd-buildings"},"geometry":{"type":"Polygon","coordinates":[[[103.8494083,1.2992645],[103.8496971,1.2990262],[103.8495132,1.2988034],[103.8493193,1.2989634],[103.8492244,1.2990417],[103.8494083,1.2992645]]]}},{"type":"Feature","id":172596734,"properties":{"osm_id":172596734,"name":"Hotel Mi","height_m":40.0,"height_basis":"osm-height","source_id":"osm-cbd-buildings"},"geometry":{"type":"Polygon","coordinates":[[[103.8499641,1.299175],[103.8502379,1.2989491],[103.8500643,1.2987387],[103.8498427,1.2989215],[103.8497905,1.2989646],[103.8499641,1.299175]]]}},{"type":"Feature","id":172596735,"properties":{"osm_id":172596735,"name":"Old St Joseph's Institution","height_m":25.0,"height_basis":"osm-height","source_id":"osm-cbd-buildings"},"geometry":{"type":"Polygon","coordinates":[[[103.850986,1.2972243],[103.8509401,1.2971708],[103.8509171,1.2972078],[103.8509565,1.2972579],[103.8508923,1.2973089],[103.8508324,1.2972421],[103.8507809,1.2972704],[103.8507173,1.2972721],[103.8506673,1.2972223],[103.8505651,1.2972932],[103.8505505,1.2973034],[103.8505947,1.2973594],[103.850654,1.2974074],[103.8507341,1.2974236],[103.8507971,1.2974289],[103.8508489,1.2974894],[103.8509087,1.2975565],[103.850955,1.297563],[103.8510569,1.2974812],[103.8511996,1.2976438],[103.8512991,1.2975683],[103.8511618,1.2973931],[103.8513015,1.2972792],[103.8511504,1.2970987],[103.8511676,1.2970476],[103.8511721,1.2969993],[103.8511613,1.2969265],[103.8511391,1.2968766],[103.8511027,1.296827],[103.8510782,1.2968466],[103.851072,1.296841],[103.8510236,1.2968827],[103.8510281,1.2968881],[103.8510037,1.296906],[103.8510274,1.2969367],[103.8510409,1.2969898],[103.8510357,1.2970418],[103.8510046,1.2970882],[103.8510641,1.2971575],[103.850986,1.2972243]]]}},{"type":"Feature","id":172596736,"properties":{"osm_id":172596736,"name":"Unnamed building","height_m":6.4,"height_basis":"levels-estimate","source_id":"osm-cbd-buildings"},"geometry":{"type":"Polygon","coordinates":[[[103.8520319,1.2999008],[103.8521118,1.2998333],[103.8520105,1.2997134],[103.8519306,1.299781],[103.8520319,1.2999008]]]}},{"type":"Feature","id":172596737,"properties":{"osm_id":172596737,"name":"Wisma Alsagoff","height_m":32.0,"height_basis":"osm-height","source_id":"osm-cbd-buildings"},"geometry":{"type":"Polygon","coordinates":[[[103.85593,1.2987015],[103.8560462,1.2988599],[103.8561236,1.2987687],[103.8561523,1.298737],[103.856043,1.2986063],[103.85593,1.2987015]]]}},{"type":"Feature","id":172596738,"properties":{"osm_id":172596738,"name":"Somerset Bencoolen Singapore","height_m":40.0,"height_basis":"osm-height","source_id":"osm-cbd-buildings"},"geometry":{"type":"Polygon","coordinates":[[[103.8504573,1.2997312],[103.8507086,1.2995198],[103.8507625,1.2994745],[103.8506691,1.2993613],[103.8506342,1.2993893],[103.8503522,1.299615],[103.8504573,1.2997312]]]}},{"type":"Feature","id":172596739,"properties":{"osm_id":172596739,"name":"Unnamed building","height_m":40.0,"height_basis":"osm-height","source_id":"osm-cbd-buildings"},"geometry":{"type":"Polygon","coordinates":[[[103.8501226,1.3000231],[103.850264,1.3001943],[103.8504852,1.3000119],[103.8503438,1.2998406],[103.8501226,1.3000231]]]}},{"type":"Feature","id":172596744,"properties":{"osm_id":172596744,"name":"Unnamed building","height_m":40.0,"height_basis":"osm-height","source_id":"osm-cbd-buildings"},"geometry":{"type":"Polygon","coordinates":[[[103.8495906,1.2994853],[103.8497753,1.2997091],[103.8500641,1.2994709],[103.8498794,1.2992471],[103.8495906,1.2994853]]]}},{"type":"Feature","id":172596745,"properties":{"osm_id":172596745,"name":"Unnamed building","height_m":12.0,"height_basis":"osm-height","source_id":"osm-cbd-buildings"},"geometry":{"type":"Polygon","coordinates":[[[103.8560167,1.2981889],[103.8561361,1.2982975],[103.8560349,1.2984053],[103.8559488,1.2983171],[103.8559501,1.2982649],[103.8560167,1.2981889]]]}},{"type":"Feature","id":172596747,"properties":{"osm_id":172596747,"name":"Unnamed building","height_m":15.0,"height_basis":"osm-height","source_id":"osm-cbd-buildings"},"geometry":{"type":"Polygon","coordinates":[[[103.8528749,1.2978528],[103.8531068,1.297657],[103.8529759,1.2975019],[103.8527439,1.2976977],[103.8528749,1.2978528]]]}},{"type":"Feature","id":172596751,"properties":{"osm_id":172596751,"name":"Sculpture","height_m":6.4,"height_basis":"levels-estimate","source_id":"osm-cbd-buildings"},"geometry":{"type":"Polygon","coordinates":[[[103.8520977,1.2997763],[103.852184,1.2997119],[103.8520749,1.2995657],[103.8519886,1.2996302],[103.8520977,1.2997763]]]}},{"type":"Feature","id":172596752,"properties":{"osm_id":172596752,"name":"Unnamed building","height_m":10.0,"height_basis":"osm-height","source_id":"osm-cbd-buildings"},"geometry":{"type":"Polygon","coordinates":[[[103.8497753,1.2997091],[103.849802,1.2997415],[103.8500908,1.2995032],[103.8500641,1.2994709],[103.8497753,1.2997091]]]}},{"type":"Feature","id":172596753,"properties":{"osm_id":172596753,"name":"Unnamed building","height_m":16.0,"height_basis":"osm-height","source_id":"osm-cbd-buildings"},"geometry":{"type":"Polygon","coordinates":[[[103.8557506,1.2985567],[103.8557802,1.2985895],[103.8558141,1.298597],[103.8560036,1.2984357],[103.8559613,1.2983884],[103.8557506,1.2985567]]]}},{"type":"Feature","id":172596755,"properties":{"osm_id":172596755,"name":"SPACE","height_m":40.0,"height_basis":"osm-height","source_id":"osm-cbd-buildings"},"geometry":{"type":"Polygon","coordinates":[[[103.8505505,1.2998301],[103.8506527,1.2999525],[103.8509122,1.299737],[103.8507994,1.2996224],[103.8505505,1.2998301]]]}},{"type":"Feature","id":172596756,"properties":{"osm_id":172596756,"name":"Unnamed building","height_m":40.0,"height_basis":"osm-height","source_id":"osm-cbd-buildings"},"geometry":{"type":"Polygon","coordinates":[[[103.8495906,1.2994853],[103.8498794,1.2992471],[103.8497893,1.2991379],[103.8495005,1.2993762],[103.8495132,1.2993916],[103.8495906,1.2994853]]]}},{"type":"Feature","id":172596759,"properties":{"osm_id":172596759,"name":"Unnamed building","height_m":10.0,"height_basis":"osm-height","source_id":"osm-cbd-buildings"},"geometry":{"type":"Polygon","coordinates":[[[103.849802,1.2997415],[103.8498287,1.2997738],[103.8501175,1.2995355],[103.8500908,1.2995032],[103.849802,1.2997415]]]}},{"type":"Feature","id":172596760,"properties":{"osm_id":172596760,"name":"Unnamed building","height_m":10.0,"height_basis":"osm-height","source_id":"osm-cbd-buildings"},"geometry":{"type":"Polygon","coordinates":[[[103.8498287,1.2997738],[103.8498491,1.2997986],[103.850138,1.2995603],[103.8501175,1.2995355],[103.8498287,1.2997738]]]}},{"type":"Feature","id":172596761,"properties":{"osm_id":172596761,"name":"Unnamed building","height_m":40.0,"height_basis":"osm-height","source_id":"osm-cbd-buildings"},"geometry":{"type":"Polygon","coordinates":[[[103.8505505,1.2998301],[103.8507994,1.2996224],[103.8507086,1.2995198],[103.8504573,1.2997312],[103.8505505,1.2998301]]]}},{"type":"Feature","id":172596762,"properties":{"osm_id":172596762,"name":"Unnamed building","height_m":40.0,"height_basis":"osm-height","source_id":"osm-cbd-buildings"},"geometry":{"type":"Polygon","coordinates":[[[103.8495005,1.2993762],[103.8497893,1.2991379],[103.8496971,1.2990262],[103.8494083,1.2992645],[103.8495005,1.2993762]]]}},{"type":"Feature","id":172596763,"properties":{"osm_id":172596763,"name":"Unnamed building","height_m":6.0,"height_basis":"osm-height","source_id":"osm-cbd-buildings"},"geometry":{"type":"Polygon","coordinates":[[[103.8454056,1.2843562],[103.8455613,1.2842632],[103.8455073,1.2841727],[103.8454656,1.2841976],[103.8453515,1.2842657],[103.8454056,1.2843562]]]}},{"type":"Feature","id":172596764,"properties":{"osm_id":172596764,"name":"Unnamed building","height_m":16.0,"height_basis":"osm-height","source_id":"osm-cbd-buildings"},"geometry":{"type":"Polygon","coordinates":[[[103.8557506,1.2985567],[103.8559613,1.2983884],[103.8559211,1.298338],[103.8557104,1.2985063],[103.8557506,1.2985567]]]}},{"type":"Feature","id":172596766,"properties":{"osm_id":172596766,"name":"Heritage Place","height_m":12.0,"height_basis":"osm-height","source_id":"osm-cbd-buildings"},"geometry":{"type":"Polygon","coordinates":[[[103.856462,1.2983934],[103.8566211,1.2985376],[103.8563359,1.2988501],[103.8561773,1.2987054],[103.856462,1.2983934]]]}},{"type":"Feature","id":172596767,"properties":{"osm_id":172596767,"name":"Unnamed building","height_m":10.0,"height_basis":"osm-height","source_id":"osm-cbd-buildings"},"geometry":{"type":"Polygon","coordinates":[[[103.8500127,1.2998827],[103.8500515,1.2999297],[103.8502843,1.2997376],[103.8502455,1.2996906],[103.8500127,1.2998827]]]}},{"type":"Feature","id":172596769,"properties":{"osm_id":172596769,"name":"Unnamed building","height_m":16.0,"height_basis":"osm-height","source_id":"osm-cbd-buildings"},"geometry":{"type":"Polygon","coordinates":[[[103.8557104,1.2985063],[103.8559211,1.298338],[103.8558911,1.2983005],[103.8558789,1.2982853],[103.8558612,1.2982994],[103.8557232,1.2984096],[103.8556682,1.2984536],[103.8557104,1.2985063]]]}},{"type":"Feature","id":172596775,"properties":{"osm_id":172596775,"name":"Unnamed building","height_m":10.0,"height_basis":"osm-height","source_id":"osm-cbd-buildings"},"geometry":{"type":"Polygon","coordinates":[[[103.8500515,1.2999297],[103.8500789,1.299963],[103.8503118,1.2997709],[103.8502843,1.2997376],[103.8500515,1.2999297]]]}},{"type":"Feature","id":172596777,"properties":{"osm_id":172596777,"name":"Unnamed building","height_m":10.0,"height_basis":"osm-height","source_id":"osm-cbd-buildings"},"geometry":{"type":"Polygon","coordinates":[[[103.8499083,1.2997562],[103.8499515,1.2998085],[103.8501843,1.2996164],[103.8501411,1.2995641],[103.8499083,1.2997562]]]}},{"type":"Feature","id":172596778,"properties":{"osm_id":172596778,"name":"Unnamed building","height_m":14.0,"height_basis":"osm-height","source_id":"osm-cbd-buildings"},"geometry":{"type":"Polygon","coordinates":[[[103.8558818,1.2987447],[103.85593,1.2987015],[103.8559969,1.2986442],[103.8559598,1.2986017],[103.8558674,1.2986782],[103.855859,1.2987199],[103.8558818,1.2987447]]]}},{"type":"Feature","id":172596782,"properties":{"osm_id":172596782,"name":"Unnamed building","height_m":26.0,"height_basis":"osm-height","source_id":"osm-cbd-buildings"},"geometry":{"type":"Polygon","coordinates":[[[103.8565009,1.2974148],[103.8566032,1.2975589],[103.8567898,1.2974309],[103.8566817,1.2972786],[103.8565009,1.2974148]]]}},{"type":"Feature","id":172596785,"properties":{"osm_id":172596785,"name":"Waterloo Centre","height_m":55.0,"height_basis":"osm-height","source_id":"osm-cbd-buildings"},"geometry":{"type":"Polygon","coordinates":[[[103.8518796,1.2984484],[103.8517218,1.2982596],[103.8514534,1.2984837],[103.8516058,1.2986662],[103.8516201,1.2986833],[103.851674,1.2987479],[103.8520191,1.2991609],[103.8520922,1.2992485],[103.8521682,1.299185],[103.8525463,1.2988694],[103.8525787,1.2988423],[103.8526988,1.2987421],[103.8524808,1.2984812],[103.8524199,1.2984083],[103.8523355,1.2984788],[103.8521369,1.2982411],[103.8520316,1.2983215],[103.8518796,1.2984484]]]}},{"type":"Feature","id":172596786,"properties":{"osm_id":172596786,"name":"Maghain Aboth Synagogue","height_m":40.0,"height_basis":"osm-height","source_id":"osm-cbd-buildings"},"geometry":{"type":"Polygon","coordinates":[[[103.8508054,1.2981806],[103.8508383,1.2981547],[103.8507997,1.2981058],[103.8507663,1.2981321],[103.8507302,1.2980873],[103.8505455,1.2982361],[103.8506598,1.2983779],[103.8508445,1.2982291],[103.8508054,1.2981806]]]}},{"type":"Feature","id":172596789,"properties":{"osm_id":172596789,"name":"Unnamed building","height_m":22.0,"height_basis":"osm-height","source_id":"osm-cbd-buildings"},"geometry":{"type":"Polygon","coordinates":[[[103.8569776,1.2979474],[103.8567859,1.2977631],[103.8567879,1.297721],[103.8568844,1.2976363],[103.8569623,1.2976418],[103.8571189,1.2977989],[103.8569776,1.2979474]]]}},{"type":"Feature","id":172596790,"properties":{"osm_id":172596790,"name":"Selegie Arts Centre","height_m":9.600000000000001,"height_basis":"levels-estimate","source_id":"osm-cbd-buildings"},"geometry":{"type":"Polygon","coordinates":[[[103.849834,1.3002154],[103.8497638,1.2999679],[103.8497648,1.2999513],[103.8497794,1.2999377],[103.8498018,1.2999406],[103.8499113,1.3000792],[103.8498623,1.3001179],[103.8498798,1.3001852],[103.849834,1.3002154]]]}},{"type":"Feature","id":172596791,"properties":{"osm_id":172596791,"name":"Unnamed building","height_m":6.4,"height_basis":"levels-estimate","source_id":"osm-cbd-buildings"},"geometry":{"type":"Polygon","coordinates":[[[103.8518366,1.2996346],[103.8519147,1.299722],[103.8519489,1.2996915],[103.8518914,1.2996272],[103.8520227,1.2995098],[103.8519861,1.2994689],[103.8519027,1.2995434],[103.8519187,1.2995613],[103.8518366,1.2996346]]]}},{"type":"Feature","id":172596793,"properties":{"osm_id":172596793,"name":"Nanyang Academy of Fine Arts Campus 2","height_m":40.0,"height_basis":"osm-height","source_id":"osm-cbd-buildings"},"geometry":{"type":"Polygon","coordinates":[[[103.8505893,1.2986561],[103.8507039,1.2985604],[103.8506163,1.2984556],[103.8505427,1.2985171],[103.8503563,1.2986728],[103.8505466,1.2989005],[103.8507386,1.2987401],[103.8506659,1.2986531],[103.8506194,1.298692],[103.8505893,1.2986561]]]}},{"type":"Feature","id":172597222,"properties":{"osm_id":172597222,"name":"Block D","height_m":15.0,"height_basis":"osm-height","source_id":"osm-cbd-buildings"},"geometry":{"type":"Polygon","coordinates":[[[103.8452348,1.2895923],[103.8455292,1.2897208],[103.8460137,1.2900007],[103.8456199,1.2901702],[103.8454142,1.2900849],[103.8452348,1.2895923]]]}},{"type":"Feature","id":172597223,"properties":{"osm_id":172597223,"name":"Merchants' Court","height_m":15.0,"height_basis":"osm-height","source_id":"osm-cbd-buildings"},"geometry":{"type":"Polygon","coordinates":[[[103.8447761,1.2904794],[103.8448045,1.2901564],[103.8448292,1.2900119],[103.8449476,1.2900522],[103.845251,1.290166],[103.8452018,1.2902961],[103.8452901,1.2903439],[103.8452088,1.2903839],[103.8448344,1.2905424],[103.8447806,1.2905093],[103.8447761,1.2904794]]]}},{"type":"Feature","id":172597225,"properties":{"osm_id":172597225,"name":"Unnamed building","height_m":15.0,"height_basis":"osm-height","source_id":"osm-cbd-buildings"},"geometry":{"type":"Polygon","coordinates":[[[103.8448772,1.2898129],[103.8448982,1.2898195],[103.8450141,1.2899019],[103.8450308,1.2899395],[103.8449991,1.2900412],[103.8448455,1.2899724],[103.8448313,1.2899665],[103.8448772,1.2898129]]]}},{"type":"Feature","id":172597226,"properties":{"osm_id":172597226,"name":"Unnamed building","height_m":15.0,"height_basis":"osm-height","source_id":"osm-cbd-buildings"},"geometry":{"type":"Polygon","coordinates":[[[103.8448794,1.2897783],[103.8449301,1.2896362],[103.8450217,1.2895493],[103.8450547,1.2895576],[103.8450804,1.2895687],[103.8453014,1.2901246],[103.8452553,1.2901444],[103.8451105,1.2900796],[103.8450243,1.2898894],[103.8448794,1.2897783]]]}},{"type":"Feature","id":172597227,"properties":{"osm_id":172597227,"name":"Unnamed building","height_m":15.0,"height_basis":"osm-height","source_id":"osm-cbd-buildings"},"geometry":{"type":"Polygon","coordinates":[[[103.8468535,1.2905481],[103.8468491,1.2904317],[103.8468442,1.2903305],[103.8466509,1.2903322],[103.8466486,1.2902647],[103.8462158,1.2901824],[103.8461866,1.290332],[103.8467247,1.290437],[103.8468127,1.290572],[103.8468493,1.2905482],[103.8468535,1.2905481]]]}},{"type":"Feature","id":172768629,"properties":{"osm_id":172768629,"name":"Unnamed building","height_m":10.0,"height_basis":"osm-height","source_id":"osm-cbd-buildings"},"geometry":{"type":"Polygon","coordinates":[[[103.8455925,1.283824],[103.8456408,1.2837965],[103.8455582,1.2836513],[103.8455099,1.2836788],[103.8455925,1.283824]]]}},{"type":"Feature","id":172768670,"properties":{"osm_id":172768670,"name":"Unnamed building","height_m":10.0,"height_basis":"osm-height","source_id":"osm-cbd-buildings"},"geometry":{"type":"Polygon","coordinates":[[[103.8455442,1.2838514],[103.8455925,1.283824],[103.8455099,1.2836788],[103.8454616,1.2837062],[103.8455442,1.2838514]]]}},{"type":"Feature","id":172768716,"properties":{"osm_id":172768716,"name":"Unnamed building","height_m":10.0,"height_basis":"osm-height","source_id":"osm-cbd-buildings"},"geometry":{"type":"Polygon","coordinates":[[[103.8454959,1.2838789],[103.8455442,1.2838514],[103.8454616,1.2837062],[103.8454133,1.2837337],[103.8454959,1.2838789]]]}},{"type":"Feature","id":172768755,"properties":{"osm_id":172768755,"name":"Unnamed building","height_m":10.0,"height_basis":"osm-height","source_id":"osm-cbd-buildings"},"geometry":{"type":"Polygon","coordinates":[[[103.8454476,1.2839063],[103.8454959,1.2838789],[103.8454133,1.2837337],[103.845365,1.2837611],[103.8454476,1.2839063]]]}},{"type":"Feature","id":172768785,"properties":{"osm_id":172768785,"name":"Unnamed building","height_m":10.0,"height_basis":"osm-height","source_id":"osm-cbd-buildings"},"geometry":{"type":"Polygon","coordinates":[[[103.8453993,1.2839338],[103.8454476,1.2839063],[103.845365,1.2837611],[103.8453167,1.2837886],[103.8453993,1.2839338]]]}},{"type":"Feature","id":172768810,"properties":{"osm_id":172768810,"name":"Unnamed building","height_m":10.0,"height_basis":"osm-height","source_id":"osm-cbd-buildings"},"geometry":{"type":"Polygon","coordinates":[[[103.8459754,1.2836061],[103.845949,1.2835614],[103.8457433,1.2836759],[103.8457705,1.2837202],[103.8459754,1.2836061]]]}},{"type":"Feature","id":172768812,"properties":{"osm_id":172768812,"name":"Unnamed building","height_m":10.0,"height_basis":"osm-height","source_id":"osm-cbd-buildings"},"geometry":{"type":"Polygon","coordinates":[[[103.8460887,1.2834352],[103.8460668,1.2834003],[103.8462312,1.2832973],[103.8462531,1.2833322],[103.8460887,1.2834352]]]}},{"type":"Feature","id":172768835,"properties":{"osm_id":172768835,"name":"Unnamed building","height_m":10.0,"height_basis":"osm-height","source_id":"osm-cbd-buildings"},"geometry":{"type":"Polygon","coordinates":[[[103.8453509,1.2839612],[103.8453993,1.2839338],[103.8453167,1.2837886],[103.8452684,1.283816],[103.8453509,1.2839612]]]}},{"type":"Feature","id":172768836,"properties":{"osm_id":172768836,"name":"Unnamed building","height_m":10.0,"height_basis":"osm-height","source_id":"osm-cbd-buildings"},"geometry":{"type":"Polygon","coordinates":[[[103.845949,1.2835614],[103.8459193,1.2835159],[103.845715,1.2836359],[103.8457433,1.2836759],[103.845949,1.2835614]]]}},{"type":"Feature","id":172768838,"properties":{"osm_id":172768838,"name":"Unnamed building","height_m":10.0,"height_basis":"osm-height","source_id":"osm-cbd-buildings"},"geometry":{"type":"Polygon","coordinates":[[[103.8460668,1.2834003],[103.846045,1.2833654],[103.8462093,1.2832624],[103.8462312,1.2832973],[103.8460668,1.2834003]]]}},{"type":"Feature","id":172768839,"properties":{"osm_id":172768839,"name":"The Southbridge Hotel","height_m":10.0,"height_basis":"osm-height","source_id":"osm-cbd-buildings"},"geometry":{"type":"Polygon","coordinates":[[[103.8459193,1.2835159],[103.845799,1.2833112],[103.8455947,1.2834312],[103.845715,1.2836359],[103.8459193,1.2835159]]]}},{"type":"Feature","id":172768842,"properties":{"osm_id":172768842,"name":"Unnamed building","height_m":10.0,"height_basis":"osm-height","source_id":"osm-cbd-buildings"},"geometry":{"type":"Polygon","coordinates":[[[103.846045,1.2833654],[103.8460266,1.2833361],[103.846191,1.2832331],[103.8462093,1.2832624],[103.846045,1.2833654]]]}},{"type":"Feature","id":172768852,"properties":{"osm_id":172768852,"name":"Unnamed building","height_m":10.0,"height_basis":"osm-height","source_id":"osm-cbd-buildings"},"geometry":{"type":"Polygon","coordinates":[[[103.8460266,1.2833361],[103.8460047,1.2833011],[103.8461691,1.2831982],[103.846191,1.2832331],[103.8460266,1.2833361]]]}},{"type":"Feature","id":172768855,"properties":{"osm_id":172768855,"name":"Unnamed building","height_m":10.0,"height_basis":"osm-height","source_id":"osm-cbd-buildings"},"geometry":{"type":"Polygon","coordinates":[[[103.8460047,1.2833011],[103.8459793,1.2832606],[103.8461437,1.2831576],[103.8461691,1.2831982],[103.8460047,1.2833011]]]}},{"type":"Feature","id":172768857,"properties":{"osm_id":172768857,"name":"Unnamed building","height_m":10.0,"height_basis":"osm-height","source_id":"osm-cbd-buildings"},"geometry":{"type":"Polygon","coordinates":[[[103.8461329,1.2830643],[103.8461174,1.2830303],[103.8459226,1.2831505],[103.8459569,1.283172],[103.8461329,1.2830643]]]}},{"type":"Feature","id":172768875,"properties":{"osm_id":172768875,"name":"Unnamed building","height_m":6.4,"height_basis":"levels-estimate","source_id":"osm-cbd-buildings"},"geometry":{"type":"Polygon","coordinates":[[[103.8461174,1.2830303],[103.8460958,1.2829954],[103.8459011,1.2831156],[103.8459226,1.2831505],[103.8461174,1.2830303]]]}},{"type":"Feature","id":172768876,"properties":{"osm_id":172768876,"name":"Unnamed building","height_m":10.0,"height_basis":"osm-height","source_id":"osm-cbd-buildings"},"geometry":{"type":"Polygon","coordinates":[[[103.8460958,1.2829954],[103.8460742,1.2829604],[103.8458795,1.2830806],[103.8459011,1.2831156],[103.8460958,1.2829954]]]}},{"type":"Feature","id":172768877,"properties":{"osm_id":172768877,"name":"Unnamed building","height_m":10.0,"height_basis":"osm-height","source_id":"osm-cbd-buildings"},"geometry":{"type":"Polygon","coordinates":[[[103.8460742,1.2829604],[103.8460527,1.2829254],[103.8458579,1.2830456],[103.8458795,1.2830806],[103.8460742,1.2829604]]]}},{"type":"Feature","id":172768879,"properties":{"osm_id":172768879,"name":"Unnamed building","height_m":10.0,"height_basis":"osm-height","source_id":"osm-cbd-buildings"},"geometry":{"type":"Polygon","coordinates":[[[103.8460527,1.2829254],[103.8460311,1.2828905],[103.8458363,1.2830106],[103.8458579,1.2830456],[103.8460527,1.2829254]]]}},{"type":"Feature","id":172768880,"properties":{"osm_id":172768880,"name":"Unnamed building","height_m":6.4,"height_basis":"levels-estimate","source_id":"osm-cbd-buildings"},"geometry":{"type":"Polygon","coordinates":[[[103.8460311,1.2828905],[103.8460095,1.2828555],[103.8458147,1.2829757],[103.8458363,1.2830106],[103.8460311,1.2828905]]]}},{"type":"Feature","id":172768912,"properties":{"osm_id":172768912,"name":"Unnamed building","height_m":10.0,"height_basis":"osm-height","source_id":"osm-cbd-buildings"},"geometry":{"type":"Polygon","coordinates":[[[103.8453026,1.2839887],[103.8453509,1.2839612],[103.8452684,1.283816],[103.8452201,1.2838435],[103.8453026,1.2839887]]]}},{"type":"Feature","id":172768913,"properties":{"osm_id":172768913,"name":"Unnamed building","height_m":10.0,"height_basis":"osm-height","source_id":"osm-cbd-buildings"},"geometry":{"type":"Polygon","coordinates":[[[103.8460095,1.2828555],[103.8459879,1.2828206],[103.8457932,1.2829407],[103.8458147,1.2829757],[103.8460095,1.2828555]]]}},{"type":"Feature","id":172768914,"properties":{"osm_id":172768914,"name":"Unnamed building","height_m":6.4,"height_basis":"levels-estimate","source_id":"osm-cbd-buildings"},"geometry":{"type":"Polygon","coordinates":[[[103.8459879,1.2828206],[103.8459663,1.2827856],[103.8457716,1.2829058],[103.8457932,1.2829407],[103.8459879,1.2828206]]]}},{"type":"Feature","id":172768916,"properties":{"osm_id":172768916,"name":"Unnamed building","height_m":10.0,"height_basis":"osm-height","source_id":"osm-cbd-buildings"},"geometry":{"type":"Polygon","coordinates":[[[103.8459663,1.2827856],[103.8459447,1.2827507],[103.84575,1.2828708],[103.8457716,1.2829058],[103.8459663,1.2827856]]]}},{"type":"Feature","id":172768923,"properties":{"osm_id":172768923,"name":"Unnamed building","height_m":10.0,"height_basis":"osm-height","source_id":"osm-cbd-buildings"},"geometry":{"type":"Polygon","coordinates":[[[103.845714,1.2828266],[103.8456936,1.2827911],[103.8459097,1.2826674],[103.84593,1.2827029],[103.8457779,1.28279],[103.8457259,1.2828198],[103.845714,1.2828266]]]}},{"type":"Feature","id":172768928,"properties":{"osm_id":172768928,"name":"Unnamed building","height_m":10.0,"height_basis":"osm-height","source_id":"osm-cbd-buildings"},"geometry":{"type":"Polygon","coordinates":[[[103.8456936,1.2827911],[103.8456719,1.2827532],[103.8458879,1.2826295],[103.8459097,1.2826674],[103.8456936,1.2827911]]]}},{"type":"Feature","id":172768967,"properties":{"osm_id":172768967,"name":"Unnamed building","height_m":10.0,"height_basis":"osm-height","source_id":"osm-cbd-buildings"},"geometry":{"type":"Polygon","coordinates":[[[103.8456719,1.2827532],[103.8456499,1.2827147],[103.8458659,1.2825911],[103.8458879,1.2826295],[103.8456719,1.2827532]]]}},{"type":"Feature","id":172768969,"properties":{"osm_id":172768969,"name":"Unnamed building","height_m":10.0,"height_basis":"osm-height","source_id":"osm-cbd-buildings"},"geometry":{"type":"Polygon","coordinates":[[[103.8456499,1.2827147],[103.8456269,1.2826746],[103.8458429,1.282551],[103.8458659,1.2825911],[103.8456499,1.2827147]]]}},{"type":"Feature","id":172768977,"properties":{"osm_id":172768977,"name":"Unnamed building","height_m":10.0,"height_basis":"osm-height","source_id":"osm-cbd-buildings"},"geometry":{"type":"Polygon","coordinates":[[[103.8456269,1.2826746],[103.8456044,1.2826354],[103.8458205,1.2825117],[103.8458429,1.282551],[103.8456269,1.2826746]]]}},{"type":"Feature","id":172768980,"properties":{"osm_id":172768980,"name":"Unnamed building","height_m":10.0,"height_basis":"osm-height","source_id":"osm-cbd-buildings"},"geometry":{"type":"Polygon","coordinates":[[[103.8456044,1.2826354],[103.8455819,1.282596],[103.8457979,1.2824724],[103.8458205,1.2825117],[103.8456044,1.2826354]]]}},{"type":"Feature","id":172768982,"properties":{"osm_id":172768982,"name":"Unnamed building","height_m":10.0,"height_basis":"osm-height","source_id":"osm-cbd-buildings"},"geometry":{"type":"Polygon","coordinates":[[[103.8455819,1.282596],[103.8455601,1.282558],[103.8457761,1.2824343],[103.8457979,1.2824724],[103.8455819,1.282596]]]}},{"type":"Feature","id":172769002,"properties":{"osm_id":172769002,"name":"Unnamed building","height_m":10.0,"height_basis":"osm-height","source_id":"osm-cbd-buildings"},"geometry":{"type":"Polygon","coordinates":[[[103.8452543,1.2840161],[103.8453026,1.2839887],[103.8452201,1.2838435],[103.8451718,1.2838709],[103.8452543,1.2840161]]]}},{"type":"Feature","id":172769010,"properties":{"osm_id":172769010,"name":"Unnamed building","height_m":10.0,"height_basis":"osm-height","source_id":"osm-cbd-buildings"},"geometry":{"type":"Polygon","coordinates":[[[103.8455601,1.282558],[103.8455372,1.282518],[103.8457532,1.2823943],[103.8457761,1.2824343],[103.8455601,1.282558]]]}},{"type":"Feature","id":172769011,"properties":{"osm_id":172769011,"name":"Unnamed building","height_m":10.0,"height_basis":"osm-height","source_id":"osm-cbd-buildings"},"geometry":{"type":"Polygon","coordinates":[[[103.8455372,1.282518],[103.8455143,1.282478],[103.8457303,1.2823543],[103.8457532,1.2823943],[103.8455372,1.282518]]]}},{"type":"Feature","id":172769012,"properties":{"osm_id":172769012,"name":"Unnamed building","height_m":10.0,"height_basis":"osm-height","source_id":"osm-cbd-buildings"},"geometry":{"type":"Polygon","coordinates":[[[103.8455143,1.282478],[103.8454935,1.2824416],[103.8457095,1.282318],[103.8457303,1.2823543],[103.8455143,1.282478]]]}},{"type":"Feature","id":172769013,"properties":{"osm_id":172769013,"name":"Unnamed building","height_m":10.0,"height_basis":"osm-height","source_id":"osm-cbd-buildings"},"geometry":{"type":"Polygon","coordinates":[[[103.8454935,1.2824416],[103.8454706,1.2824016],[103.8456866,1.282278],[103.8457095,1.282318],[103.8454935,1.2824416]]]}},{"type":"Feature","id":172769014,"properties":{"osm_id":172769014,"name":"Unnamed building","height_m":10.0,"height_basis":"osm-height","source_id":"osm-cbd-buildings"},"geometry":{"type":"Polygon","coordinates":[[[103.8454706,1.2824016],[103.8454477,1.2823616],[103.8456637,1.282238],[103.8456866,1.282278],[103.8454706,1.2824016]]]}},{"type":"Feature","id":172769030,"properties":{"osm_id":172769030,"name":"Unnamed building","height_m":10.0,"height_basis":"osm-height","source_id":"osm-cbd-buildings"},"geometry":{"type":"Polygon","coordinates":[[[103.8454477,1.2823616],[103.8454275,1.2823265],[103.8456436,1.2822029],[103.8456637,1.282238],[103.8454477,1.2823616]]]}},{"type":"Feature","id":172769031,"properties":{"osm_id":172769031,"name":"Unnamed building","height_m":10.0,"height_basis":"osm-height","source_id":"osm-cbd-buildings"},"geometry":{"type":"Polygon","coordinates":[[[103.8449582,1.2823162],[103.8449831,1.2823583],[103.8451787,1.2822427],[103.8451538,1.2822006],[103.8449582,1.2823162]]]}},{"type":"Feature","id":172769032,"properties":{"osm_id":172769032,"name":"Unnamed building","height_m":10.0,"height_basis":"osm-height","source_id":"osm-cbd-buildings"},"geometry":{"type":"Polygon","coordinates":[[[103.8454275,1.2823265],[103.8454046,1.2822865],[103.8456206,1.2821628],[103.8456436,1.2822029],[103.8454275,1.2823265]]]}},{"type":"Feature","id":172769033,"properties":{"osm_id":172769033,"name":"Unnamed building","height_m":10.0,"height_basis":"osm-height","source_id":"osm-cbd-buildings"},"geometry":{"type":"Polygon","coordinates":[[[103.8449333,1.2822741],[103.8449582,1.2823162],[103.8451538,1.2822006],[103.8451289,1.2821584],[103.8449333,1.2822741]]]}},{"type":"Feature","id":172769034,"properties":{"osm_id":172769034,"name":"Unnamed building","height_m":10.0,"height_basis":"osm-height","source_id":"osm-cbd-buildings"},"geometry":{"type":"Polygon","coordinates":[[[103.8454046,1.2822865],[103.8453817,1.2822465],[103.8455977,1.2821228],[103.8456206,1.2821628],[103.8454046,1.2822865]]]}},{"type":"Feature","id":172769035,"properties":{"osm_id":172769035,"name":"Unnamed building","height_m":10.0,"height_basis":"osm-height","source_id":"osm-cbd-buildings"},"geometry":{"type":"Polygon","coordinates":[[[103.8449084,1.282232],[103.8449333,1.2822741],[103.8451289,1.2821584],[103.8451039,1.2821163],[103.8449084,1.282232]]]}},{"type":"Feature","id":172769036,"properties":{"osm_id":172769036,"name":"Unnamed building","height_m":10.0,"height_basis":"osm-height","source_id":"osm-cbd-buildings"},"geometry":{"type":"Polygon","coordinates":[[[103.8453817,1.2822465],[103.8453588,1.2822065],[103.8455748,1.2820828],[103.8455977,1.2821228],[103.8453817,1.2822465]]]}},{"type":"Feature","id":172769037,"properties":{"osm_id":172769037,"name":"Unnamed building","height_m":10.0,"height_basis":"osm-height","source_id":"osm-cbd-buildings"},"geometry":{"type":"Polygon","coordinates":[[[103.8448834,1.2821899],[103.8449084,1.282232],[103.8451039,1.2821163],[103.845079,1.2820742],[103.8448834,1.2821899]]]}},{"type":"Feature","id":172769039,"properties":{"osm_id":172769039,"name":"Unnamed building","height_m":10.0,"height_basis":"osm-height","source_id":"osm-cbd-buildings"},"geometry":{"type":"Polygon","coordinates":[[[103.8453588,1.2822065],[103.8453401,1.2821739],[103.8455561,1.2820502],[103.8455748,1.2820828],[103.8453588,1.2822065]]]}},{"type":"Feature","id":172769054,"properties":{"osm_id":172769054,"name":"Unnamed building","height_m":10.0,"height_basis":"osm-height","source_id":"osm-cbd-buildings"},"geometry":{"type":"Polygon","coordinates":[[[103.845206,1.2840436],[103.8452543,1.2840161],[103.8451718,1.2838709],[103.8451235,1.2838984],[103.845206,1.2840436]]]}},{"type":"Feature","id":172769055,"properties":{"osm_id":172769055,"name":"Unnamed building","height_m":10.0,"height_basis":"osm-height","source_id":"osm-cbd-buildings"},"geometry":{"type":"Polygon","coordinates":[[[103.8448566,1.2821463],[103.8448834,1.2821899],[103.845079,1.2820742],[103.8450541,1.2820346],[103.8448566,1.2821463]]]}},{"type":"Feature","id":172769056,"properties":{"osm_id":172769056,"name":"Unnamed building","height_m":10.0,"height_basis":"osm-height","source_id":"osm-cbd-buildings"},"geometry":{"type":"Polygon","coordinates":[[[103.8453401,1.2821739],[103.8453172,1.2821339],[103.8455332,1.2820102],[103.8455561,1.2820502],[103.8453401,1.2821739]]]}},{"type":"Feature","id":172769057,"properties":{"osm_id":172769057,"name":"BBQ","height_m":10.0,"height_basis":"osm-height","source_id":"osm-cbd-buildings"},"geometry":{"type":"Polygon","coordinates":[[[103.8448324,1.2821036],[103.8448566,1.2821463],[103.8450541,1.2820346],[103.8450299,1.2819919],[103.8449147,1.2820571],[103.8448752,1.2820794],[103.8448324,1.2821036]]]}},{"type":"Feature","id":172769059,"properties":{"osm_id":172769059,"name":"Unnamed building","height_m":10.0,"height_basis":"osm-height","source_id":"osm-cbd-buildings"},"geometry":{"type":"Polygon","coordinates":[[[103.8453172,1.2821339],[103.8452943,1.2820939],[103.8455103,1.2819702],[103.8455332,1.2820102],[103.8453172,1.2821339]]]}},{"type":"Feature","id":172769061,"properties":{"osm_id":172769061,"name":"Unnamed building","height_m":10.0,"height_basis":"osm-height","source_id":"osm-cbd-buildings"},"geometry":{"type":"Polygon","coordinates":[[[103.8450299,1.2819919],[103.8450071,1.2819517],[103.8448919,1.2820168],[103.8449147,1.2820571],[103.8450299,1.2819919]]]}},{"type":"Feature","id":172769063,"properties":{"osm_id":172769063,"name":"Unnamed building","height_m":10.0,"height_basis":"osm-height","source_id":"osm-cbd-buildings"},"geometry":{"type":"Polygon","coordinates":[[[103.8452943,1.2820939],[103.8452714,1.2820538],[103.8454874,1.2819302],[103.8455103,1.2819702],[103.8452943,1.2820939]]]}},{"type":"Feature","id":172769066,"properties":{"osm_id":172769066,"name":"Unnamed building","height_m":10.0,"height_basis":"osm-height","source_id":"osm-cbd-buildings"},"geometry":{"type":"Polygon","coordinates":[[[103.8450071,1.2819517],[103.8449807,1.281905],[103.8449362,1.2819302],[103.8448655,1.2819702],[103.8448919,1.2820168],[103.8450071,1.2819517]]]}},{"type":"Feature","id":172769067,"properties":{"osm_id":172769067,"name":"Unnamed building","height_m":10.0,"height_basis":"osm-height","source_id":"osm-cbd-buildings"},"geometry":{"type":"Polygon","coordinates":[[[103.8452714,1.2820538],[103.8452453,1.2820083],[103.8454613,1.2818846],[103.8454874,1.2819302],[103.8452714,1.2820538]]]}},{"type":"Feature","id":172769070,"properties":{"osm_id":172769070,"name":"Unnamed building","height_m":10.0,"height_basis":"osm-height","source_id":"osm-cbd-buildings"},"geometry":{"type":"Polygon","coordinates":[[[103.8452453,1.2820083],[103.8452202,1.2819646],[103.8454363,1.2818409],[103.8454613,1.2818846],[103.8452453,1.2820083]]]}},{"type":"Feature","id":172769075,"properties":{"osm_id":172769075,"name":"Unnamed building","height_m":10.0,"height_basis":"osm-height","source_id":"osm-cbd-buildings"},"geometry":{"type":"Polygon","coordinates":[[[103.8455421,1.2834279],[103.8454952,1.2834551],[103.8455778,1.2835975],[103.8456247,1.2835704],[103.8455421,1.2834279]]]}},{"type":"Feature","id":172769085,"properties":{"osm_id":172769085,"name":"Unnamed building","height_m":10.0,"height_basis":"osm-height","source_id":"osm-cbd-buildings"},"geometry":{"type":"Polygon","coordinates":[[[103.8452202,1.2819646],[103.8451973,1.2819246],[103.8454133,1.2818009],[103.8454363,1.2818409],[103.8452202,1.2819646]]]}},{"type":"Feature","id":172769087,"properties":{"osm_id":172769087,"name":"Unnamed building","height_m":10.0,"height_basis":"osm-height","source_id":"osm-cbd-buildings"},"geometry":{"type":"Polygon","coordinates":[[[103.8451973,1.2819246],[103.8451744,1.2818846],[103.8453904,1.2817609],[103.8454133,1.2818009],[103.8451973,1.2819246]]]}},{"type":"Feature","id":172769089,"properties":{"osm_id":172769089,"name":"Unnamed building","height_m":10.0,"height_basis":"osm-height","source_id":"osm-cbd-buildings"},"geometry":{"type":"Polygon","coordinates":[[[103.8451744,1.2818846],[103.8451515,1.2818446],[103.8453675,1.2817209],[103.8453904,1.2817609],[103.8451744,1.2818846]]]}},{"type":"Feature","id":172769091,"properties":{"osm_id":172769091,"name":"Unnamed building","height_m":10.0,"height_basis":"osm-height","source_id":"osm-cbd-buildings"},"geometry":{"type":"Polygon","coordinates":[[[103.8451515,1.2818446],[103.8451286,1.2818046],[103.8453446,1.2816809],[103.8453675,1.2817209],[103.8451515,1.2818446]]]}},{"type":"Feature","id":172769094,"properties":{"osm_id":172769094,"name":"Unnamed building","height_m":10.0,"height_basis":"osm-height","source_id":"osm-cbd-buildings"},"geometry":{"type":"Polygon","coordinates":[[[103.8451286,1.2818046],[103.8451057,1.2817646],[103.8453217,1.2816409],[103.8453446,1.2816809],[103.8451286,1.2818046]]]}},{"type":"Feature","id":172769100,"properties":{"osm_id":172769100,"name":"Unnamed building","height_m":10.0,"height_basis":"osm-height","source_id":"osm-cbd-buildings"},"geometry":{"type":"Polygon","coordinates":[[[103.8454952,1.2834551],[103.8454483,1.2834823],[103.8455309,1.2836247],[103.8455778,1.2835975],[103.8454952,1.2834551]]]}},{"type":"Feature","id":172769109,"properties":{"osm_id":172769109,"name":"Unnamed building","height_m":10.0,"height_basis":"osm-height","source_id":"osm-cbd-buildings"},"geometry":{"type":"Polygon","coordinates":[[[103.8451577,1.2840711],[103.845206,1.2840436],[103.8451235,1.2838984],[103.8450751,1.2839258],[103.8451577,1.2840711]]]}},{"type":"Feature","id":172769111,"properties":{"osm_id":172769111,"name":"Unnamed building","height_m":10.0,"height_basis":"osm-height","source_id":"osm-cbd-buildings"},"geometry":{"type":"Polygon","coordinates":[[[103.8451057,1.2817646],[103.845073,1.2817076],[103.8452891,1.2815839],[103.8453217,1.2816409],[103.8451057,1.2817646]]]}},{"type":"Feature","id":172769113,"properties":{"osm_id":172769113,"name":"Unnamed building","height_m":10.0,"height_basis":"osm-height","source_id":"osm-cbd-buildings"},"geometry":{"type":"Polygon","coordinates":[[[103.8450526,1.2816503],[103.8450296,1.2816134],[103.8452689,1.2814604],[103.845295,1.2814978],[103.8450526,1.2816503]]]}},{"type":"Feature","id":172769119,"properties":{"osm_id":172769119,"name":"Unnamed building","height_m":10.0,"height_basis":"osm-height","source_id":"osm-cbd-buildings"},"geometry":{"type":"Polygon","coordinates":[[[103.8450296,1.2816134],[103.8450067,1.2815766],[103.8452428,1.281423],[103.8452689,1.2814604],[103.8450296,1.2816134]]]}},{"type":"Feature","id":172769121,"properties":{"osm_id":172769121,"name":"Unnamed building","height_m":10.0,"height_basis":"osm-height","source_id":"osm-cbd-buildings"},"geometry":{"type":"Polygon","coordinates":[[[103.8450067,1.2815766],[103.8449837,1.2815397],[103.8452167,1.2813855],[103.8452428,1.281423],[103.8450067,1.2815766]]]}},{"type":"Feature","id":172769123,"properties":{"osm_id":172769123,"name":"Unnamed building","height_m":10.0,"height_basis":"osm-height","source_id":"osm-cbd-buildings"},"geometry":{"type":"Polygon","coordinates":[[[103.8449837,1.2815397],[103.8449607,1.2815028],[103.8451906,1.2813481],[103.8452167,1.2813855],[103.8449837,1.2815397]]]}},{"type":"Feature","id":172769127,"properties":{"osm_id":172769127,"name":"Unnamed building","height_m":10.0,"height_basis":"osm-height","source_id":"osm-cbd-buildings"},"geometry":{"type":"Polygon","coordinates":[[[103.8454483,1.2834823],[103.8454015,1.2835094],[103.8454841,1.2836519],[103.8455309,1.2836247],[103.8454483,1.2834823]]]}},{"type":"Feature","id":172769131,"properties":{"osm_id":172769131,"name":"Unnamed building","height_m":10.0,"height_basis":"osm-height","source_id":"osm-cbd-buildings"},"geometry":{"type":"Polygon","coordinates":[[[103.8449607,1.2815028],[103.8449377,1.2814659],[103.8451644,1.2813107],[103.8451906,1.2813481],[103.8449607,1.2815028]]]}},{"type":"Feature","id":172769133,"properties":{"osm_id":172769133,"name":"Unnamed building","height_m":10.0,"height_basis":"osm-height","source_id":"osm-cbd-buildings"},"geometry":{"type":"Polygon","coordinates":[[[103.8449377,1.2814659],[103.8449148,1.2814291],[103.8451383,1.2812733],[103.8451644,1.2813107],[103.8449377,1.2814659]]]}},{"type":"Feature","id":172769135,"properties":{"osm_id":172769135,"name":"Unnamed building","height_m":10.0,"height_basis":"osm-height","source_id":"osm-cbd-buildings"},"geometry":{"type":"Polygon","coordinates":[[[103.8449148,1.2814291],[103.8448918,1.2813922],[103.8451122,1.2812358],[103.8451383,1.2812733],[103.8449148,1.2814291]]]}},{"type":"Feature","id":172769137,"properties":{"osm_id":172769137,"name":"Unnamed building","height_m":10.0,"height_basis":"osm-height","source_id":"osm-cbd-buildings"},"geometry":{"type":"Polygon","coordinates":[[[103.8448918,1.2813922],[103.8448688,1.2813553],[103.8450861,1.2811984],[103.8451122,1.2812358],[103.8448918,1.2813922]]]}},{"type":"Feature","id":172769161,"properties":{"osm_id":172769161,"name":"Unnamed building","height_m":10.0,"height_basis":"osm-height","source_id":"osm-cbd-buildings"},"geometry":{"type":"Polygon","coordinates":[[[103.8454015,1.2835094],[103.8453546,1.2835366],[103.8454372,1.2836791],[103.8454841,1.2836519],[103.8454015,1.2835094]]]}},{"type":"Feature","id":172769167,"properties":{"osm_id":172769167,"name":"Unnamed building","height_m":10.0,"height_basis":"osm-height","source_id":"osm-cbd-buildings"},"geometry":{"type":"Polygon","coordinates":[[[103.8451094,1.2840985],[103.8451577,1.2840711],[103.8450751,1.2839258],[103.8450268,1.2839533],[103.8451094,1.2840985]]]}},{"type":"Feature","id":172769173,"properties":{"osm_id":172769173,"name":"Unnamed building","height_m":10.0,"height_basis":"osm-height","source_id":"osm-cbd-buildings"},"geometry":{"type":"Polygon","coordinates":[[[103.8453546,1.2835366],[103.8453077,1.2835638],[103.8453903,1.2837062],[103.8454372,1.2836791],[103.8453546,1.2835366]]]}},{"type":"Feature","id":172769185,"properties":{"osm_id":172769185,"name":"Unnamed building","height_m":10.0,"height_basis":"osm-height","source_id":"osm-cbd-buildings"},"geometry":{"type":"Polygon","coordinates":[[[103.8453077,1.2835638],[103.8452608,1.283591],[103.8453434,1.2837334],[103.8453903,1.2837062],[103.8453077,1.2835638]]]}},{"type":"Feature","id":172769188,"properties":{"osm_id":172769188,"name":"Unnamed building","height_m":10.0,"height_basis":"osm-height","source_id":"osm-cbd-buildings"},"geometry":{"type":"Polygon","coordinates":[[[103.8450611,1.284126],[103.8451094,1.2840985],[103.8450268,1.2839533],[103.8449785,1.2839808],[103.8450611,1.284126]]]}},{"type":"Feature","id":172769200,"properties":{"osm_id":172769200,"name":"Unnamed building","height_m":10.0,"height_basis":"osm-height","source_id":"osm-cbd-buildings"},"geometry":{"type":"Polygon","coordinates":[[[103.8452608,1.283591],[103.8452139,1.2836181],[103.8452965,1.2837606],[103.8453434,1.2837334],[103.8452608,1.283591]]]}},{"type":"Feature","id":172769206,"properties":{"osm_id":172769206,"name":"Unnamed building","height_m":10.0,"height_basis":"osm-height","source_id":"osm-cbd-buildings"},"geometry":{"type":"Polygon","coordinates":[[[103.8452139,1.2836181],[103.845167,1.2836453],[103.8452496,1.2837877],[103.8452965,1.2837606],[103.8452139,1.2836181]]]}},{"type":"Feature","id":172769211,"properties":{"osm_id":172769211,"name":"Unnamed building","height_m":10.0,"height_basis":"osm-height","source_id":"osm-cbd-buildings"},"geometry":{"type":"Polygon","coordinates":[[[103.8450128,1.2841534],[103.8450611,1.284126],[103.8449785,1.2839808],[103.8449302,1.2840082],[103.8450128,1.2841534]]]}},{"type":"Feature","id":172769216,"properties":{"osm_id":172769216,"name":"Unnamed building","height_m":10.0,"height_basis":"osm-height","source_id":"osm-cbd-buildings"},"geometry":{"type":"Polygon","coordinates":[[[103.845167,1.2836453],[103.8451202,1.2836725],[103.8452027,1.2838149],[103.8452496,1.2837877],[103.845167,1.2836453]]]}},{"type":"Feature","id":172769222,"properties":{"osm_id":172769222,"name":"Unnamed building","height_m":10.0,"height_basis":"osm-height","source_id":"osm-cbd-buildings"},"geometry":{"type":"Polygon","coordinates":[[[103.8451202,1.2836725],[103.8450733,1.2836996],[103.8451559,1.2838421],[103.8452027,1.2838149],[103.8451202,1.2836725]]]}},{"type":"Feature","id":172769235,"properties":{"osm_id":172769235,"name":"Unnamed building","height_m":10.0,"height_basis":"osm-height","source_id":"osm-cbd-buildings"},"geometry":{"type":"Polygon","coordinates":[[[103.8450733,1.2836996],[103.8450264,1.2837268],[103.845109,1.2838692],[103.8451559,1.2838421],[103.8450733,1.2836996]]]}},{"type":"Feature","id":172769242,"properties":{"osm_id":172769242,"name":"Unnamed building","height_m":10.0,"height_basis":"osm-height","source_id":"osm-cbd-buildings"},"geometry":{"type":"Polygon","coordinates":[[[103.8450264,1.2837268],[103.8449795,1.283754],[103.8450621,1.2838964],[103.845109,1.2838692],[103.8450264,1.2837268]]]}},{"type":"Feature","id":172769261,"properties":{"osm_id":172769261,"name":"Unnamed building","height_m":10.0,"height_basis":"osm-height","source_id":"osm-cbd-buildings"},"geometry":{"type":"Polygon","coordinates":[[[103.8449795,1.283754],[103.8449326,1.2837811],[103.8450152,1.2839236],[103.8450621,1.2838964],[103.8449795,1.283754]]]}},{"type":"Feature","id":172769283,"properties":{"osm_id":172769283,"name":"Unnamed building","height_m":10.0,"height_basis":"osm-height","source_id":"osm-cbd-buildings"},"geometry":{"type":"Polygon","coordinates":[[[103.8449326,1.2837811],[103.8448863,1.2838071],[103.8449675,1.2839516],[103.8450152,1.2839236],[103.8449326,1.2837811]]]}},{"type":"Feature","id":172769497,"properties":{"osm_id":172769497,"name":"Unnamed building","height_m":10.0,"height_basis":"osm-height","source_id":"osm-cbd-buildings"},"geometry":{"type":"Polygon","coordinates":[[[103.8456891,1.2837691],[103.8457374,1.2837416],[103.8456548,1.2835964],[103.8456065,1.2836238],[103.8456891,1.2837691]]]}},{"type":"Feature","id":172769617,"properties":{"osm_id":172769617,"name":"Unnamed building","height_m":10.0,"height_basis":"osm-height","source_id":"osm-cbd-buildings"},"geometry":{"type":"Polygon","coordinates":[[[103.8456408,1.2837965],[103.8456891,1.2837691],[103.8456065,1.2836238],[103.8455582,1.2836513],[103.8456408,1.2837965]]]}},{"type":"Feature","id":172775150,"properties":{"osm_id":172775150,"name":"Unnamed building","height_m":15.0,"height_basis":"osm-height","source_id":"osm-cbd-buildings"},"geometry":{"type":"Polygon","coordinates":[[[103.8488245,1.2872318],[103.8488021,1.2871776],[103.8485977,1.2872569],[103.8486263,1.2873082],[103.8488245,1.2872318]]]}},{"type":"Feature","id":172775151,"properties":{"osm_id":172775151,"name":"Unnamed building","height_m":15.0,"height_basis":"osm-height","source_id":"osm-cbd-buildings"},"geometry":{"type":"Polygon","coordinates":[[[103.8489294,1.2877329],[103.8489224,1.2877754],[103.849101,1.2878206],[103.8490993,1.287774],[103.8489294,1.2877329]]]}},{"type":"Feature","id":172775154,"properties":{"osm_id":172775154,"name":"Unnamed building","height_m":15.0,"height_basis":"osm-height","source_id":"osm-cbd-buildings"},"geometry":{"type":"Polygon","coordinates":[[[103.8486257,1.2868229],[103.8486021,1.2867873],[103.8483904,1.2868649],[103.8484122,1.2869095],[103.8486257,1.2868229]]]}},{"type":"Feature","id":172775158,"properties":{"osm_id":172775158,"name":"Unnamed building","height_m":15.0,"height_basis":"osm-height","source_id":"osm-cbd-buildings"},"geometry":{"type":"Polygon","coordinates":[[[103.8488587,1.2861008],[103.8488127,1.2861234],[103.8489187,1.2862894],[103.8489548,1.286253],[103.8488587,1.2861008]]]}},{"type":"Feature","id":172775164,"properties":{"osm_id":172775164,"name":"Unnamed building","height_m":15.0,"height_basis":"osm-height","source_id":"osm-cbd-buildings"},"geometry":{"type":"Polygon","coordinates":[[[103.8489292,1.2876879],[103.8489294,1.2877329],[103.8490993,1.287774],[103.8490999,1.2877291],[103.8489292,1.2876879]]]}},{"type":"Feature","id":172775165,"properties":{"osm_id":172775165,"name":"Unnamed building","height_m":15.0,"height_basis":"osm-height","source_id":"osm-cbd-buildings"},"geometry":{"type":"Polygon","coordinates":[[[103.8486021,1.2867873],[103.8485803,1.2867427],[103.8483685,1.2868203],[103.8483904,1.2868649],[103.8486021,1.2867873]]]}},{"type":"Feature","id":172775166,"properties":{"osm_id":172775166,"name":"Unnamed building","height_m":15.0,"height_basis":"osm-height","source_id":"osm-cbd-buildings"},"geometry":{"type":"Polygon","coordinates":[[[103.8488127,1.2861234],[103.8487667,1.286146],[103.8488826,1.2863258],[103.8489187,1.2862894],[103.8488127,1.2861234]]]}},{"type":"Feature","id":172775168,"properties":{"osm_id":172775168,"name":"Unnamed building","height_m":16.0,"height_basis":"osm-height","source_id":"osm-cbd-buildings"},"geometry":{"type":"Polygon","coordinates":[[[103.848078,1.2883999],[103.848033,1.2884325],[103.8482028,1.2886673],[103.8482479,1.2886347],[103.848078,1.2883999]]]}},{"type":"Feature","id":172775170,"properties":{"osm_id":172775170,"name":"Galaxy Pods Capsule Hotel (Boat Quay)","height_m":12,"height_basis":"illustrative-default","source_id":"osm-cbd-buildings"},"geometry":{"type":"Polygon","coordinates":[[[103.8489322,1.2876477],[103.8489292,1.2876879],[103.8490999,1.2877291],[103.8490973,1.2876794],[103.8489322,1.2876477]]]}},{"type":"Feature","id":172775173,"properties":{"osm_id":172775173,"name":"Unnamed building","height_m":15.0,"height_basis":"osm-height","source_id":"osm-cbd-buildings"},"geometry":{"type":"Polygon","coordinates":[[[103.8485803,1.2867427],[103.8485584,1.2866981],[103.8483467,1.2867756],[103.8483685,1.2868203],[103.8485803,1.2867427]]]}},{"type":"Feature","id":172775174,"properties":{"osm_id":172775174,"name":"Unnamed building","height_m":15.0,"height_basis":"osm-height","source_id":"osm-cbd-buildings"},"geometry":{"type":"Polygon","coordinates":[[[103.8487667,1.286146],[103.8487207,1.2861687],[103.8488505,1.286369],[103.8488826,1.2863258],[103.8487667,1.286146]]]}},{"type":"Feature","id":172775175,"properties":{"osm_id":172775175,"name":"Unnamed building","height_m":16.0,"height_basis":"osm-height","source_id":"osm-cbd-buildings"},"geometry":{"type":"Polygon","coordinates":[[[103.848033,1.2884325],[103.8479569,1.2884875],[103.8481267,1.2887223],[103.8482028,1.2886673],[103.848033,1.2884325]]]}},{"type":"Feature","id":172775176,"properties":{"osm_id":172775176,"name":"Unnamed building","height_m":15.0,"height_basis":"osm-height","source_id":"osm-cbd-buildings"},"geometry":{"type":"Polygon","coordinates":[[[103.848932,1.2876012],[103.8489322,1.2876477],[103.8490973,1.2876794],[103.8490995,1.2876337],[103.848932,1.2876012]]]}},{"type":"Feature","id":172775180,"properties":{"osm_id":172775180,"name":"Unnamed building","height_m":15.0,"height_basis":"osm-height","source_id":"osm-cbd-buildings"},"geometry":{"type":"Polygon","coordinates":[[[103.8485584,1.2866981],[103.8485366,1.2866535],[103.8483248,1.286731],[103.8483467,1.2867756],[103.8485584,1.2866981]]]}},{"type":"Feature","id":172775181,"properties":{"osm_id":172775181,"name":"Unnamed building","height_m":16.0,"height_basis":"osm-height","source_id":"osm-cbd-buildings"},"geometry":{"type":"Polygon","coordinates":[[[103.8476346,1.2889808],[103.8476616,1.2890141],[103.847822,1.2888939],[103.8477976,1.2888581],[103.8476346,1.2889808]]]}},{"type":"Feature","id":172775182,"properties":{"osm_id":172775182,"name":"Unnamed building","height_m":15.0,"height_basis":"osm-height","source_id":"osm-cbd-buildings"},"geometry":{"type":"Polygon","coordinates":[[[103.8487207,1.2861687],[103.8486747,1.2861913],[103.8488015,1.2863886],[103.8488287,1.286394],[103.8488505,1.286369],[103.8487207,1.2861687]]]}},{"type":"Feature","id":172775183,"properties":{"osm_id":172775183,"name":"Unnamed building","height_m":16.0,"height_basis":"osm-height","source_id":"osm-cbd-buildings"},"geometry":{"type":"Polygon","coordinates":[[[103.8479569,1.2884875],[103.8479168,1.2885165],[103.8480866,1.2887513],[103.8481267,1.2887223],[103.8479569,1.2884875]]]}},{"type":"Feature","id":172775184,"properties":{"osm_id":172775184,"name":"Unnamed building","height_m":15.0,"height_basis":"osm-height","source_id":"osm-cbd-buildings"},"geometry":{"type":"Polygon","coordinates":[[[103.8489302,1.2875483],[103.848932,1.2876012],[103.8490995,1.2876337],[103.8491025,1.2875871],[103.8489302,1.2875483]]]}},{"type":"Feature","id":172775185,"properties":{"osm_id":172775185,"name":"Unnamed building","height_m":15.0,"height_basis":"osm-height","source_id":"osm-cbd-buildings"},"geometry":{"type":"Polygon","coordinates":[[[103.8485366,1.2866535],[103.8485147,1.2866088],[103.848303,1.2866864],[103.8483248,1.286731],[103.8485366,1.2866535]]]}},{"type":"Feature","id":172775186,"properties":{"osm_id":172775186,"name":"Unnamed building","height_m":16.0,"height_basis":"osm-height","source_id":"osm-cbd-buildings"},"geometry":{"type":"Polygon","coordinates":[[[103.8479168,1.2885165],[103.8478758,1.2885461],[103.8480457,1.2887809],[103.8480866,1.2887513],[103.8479168,1.2885165]]]}},{"type":"Feature","id":172775187,"properties":{"osm_id":172775187,"name":"EF Singapore","height_m":16.0,"height_basis":"osm-height","source_id":"osm-cbd-buildings"},"geometry":{"type":"Polygon","coordinates":[[[103.8478971,1.2881477],[103.8478019,1.2882136],[103.8479591,1.2884406],[103.8480542,1.2883747],[103.8478971,1.2881477]]]}},{"type":"Feature","id":172775188,"properties":{"osm_id":172775188,"name":"Unnamed building","height_m":15.0,"height_basis":"osm-height","source_id":"osm-cbd-buildings"},"geometry":{"type":"Polygon","coordinates":[[[103.8489301,1.2875082],[103.8489302,1.2875483],[103.8491025,1.2875871],[103.8491007,1.2875351],[103.8489301,1.2875082]]]}},{"type":"Feature","id":172775189,"properties":{"osm_id":172775189,"name":"Unnamed building","height_m":15.0,"height_basis":"osm-height","source_id":"osm-cbd-buildings"},"geometry":{"type":"Polygon","coordinates":[[[103.8485147,1.2866088],[103.8484929,1.2865642],[103.8482811,1.2866418],[103.848303,1.2866864],[103.8485147,1.2866088]]]}},{"type":"Feature","id":172775190,"properties":{"osm_id":172775190,"name":"Unnamed building","height_m":16.0,"height_basis":"osm-height","source_id":"osm-cbd-buildings"},"geometry":{"type":"Polygon","coordinates":[[[103.8476009,1.2889393],[103.8476346,1.2889808],[103.8477976,1.2888581],[103.8477682,1.2888151],[103.8476009,1.2889393]]]}},{"type":"Feature","id":172775191,"properties":{"osm_id":172775191,"name":"Unnamed building","height_m":16.0,"height_basis":"osm-height","source_id":"osm-cbd-buildings"},"geometry":{"type":"Polygon","coordinates":[[[103.8478019,1.2882136],[103.8477624,1.288241],[103.8479195,1.2884679],[103.8479591,1.2884406],[103.8478019,1.2882136]]]}},{"type":"Feature","id":172775192,"properties":{"osm_id":172775192,"name":"Unnamed building","height_m":15.0,"height_basis":"osm-height","source_id":"osm-cbd-buildings"},"geometry":{"type":"Polygon","coordinates":[[[103.8489267,1.287468],[103.8489301,1.2875082],[103.8491007,1.2875351],[103.849099,1.2875012],[103.8489267,1.287468]]]}},{"type":"Feature","id":172775193,"properties":{"osm_id":172775193,"name":"Unnamed building","height_m":16.0,"height_basis":"osm-height","source_id":"osm-cbd-buildings"},"geometry":{"type":"Polygon","coordinates":[[[103.8477624,1.288241],[103.8477167,1.2882726],[103.8478739,1.2884995],[103.8479195,1.2884679],[103.8477624,1.288241]]]}},{"type":"Feature","id":172775194,"properties":{"osm_id":172775194,"name":"Unnamed building","height_m":15.0,"height_basis":"osm-height","source_id":"osm-cbd-buildings"},"geometry":{"type":"Polygon","coordinates":[[[103.8489273,1.2874254],[103.8489267,1.287468],[103.849099,1.2875012],[103.849094,1.2874531],[103.8489273,1.2874254]]]}},{"type":"Feature","id":172775195,"properties":{"osm_id":172775195,"name":"Unnamed building","height_m":12.8,"height_basis":"levels-estimate","source_id":"osm-cbd-buildings"},"geometry":{"type":"Polygon","coordinates":[[[103.8475689,1.2888999],[103.8476009,1.2889393],[103.8477682,1.2888151],[103.8477396,1.2887732],[103.8475689,1.2888999]]]}},{"type":"Feature","id":172775196,"properties":{"osm_id":172775196,"name":"Unnamed building","height_m":16.0,"height_basis":"osm-height","source_id":"osm-cbd-buildings"},"geometry":{"type":"Polygon","coordinates":[[[103.8477167,1.2882726],[103.8476706,1.2883045],[103.8478277,1.2885315],[103.8478739,1.2884995],[103.8477167,1.2882726]]]}},{"type":"Feature","id":172775197,"properties":{"osm_id":172775197,"name":"Unnamed building","height_m":15.0,"height_basis":"osm-height","source_id":"osm-cbd-buildings"},"geometry":{"type":"Polygon","coordinates":[[[103.8489279,1.2873821],[103.8489273,1.2874254],[103.849094,1.2874531],[103.8490978,1.2874137],[103.8489279,1.2873821]]]}},{"type":"Feature","id":172775198,"properties":{"osm_id":172775198,"name":"Unnamed building","height_m":16.0,"height_basis":"osm-height","source_id":"osm-cbd-buildings"},"geometry":{"type":"Polygon","coordinates":[[[103.8476706,1.2883045],[103.8475497,1.2883881],[103.8477069,1.2886151],[103.8478277,1.2885315],[103.8476706,1.2883045]]]}},{"type":"Feature","id":172775199,"properties":{"osm_id":172775199,"name":"Unnamed building","height_m":16.0,"height_basis":"osm-height","source_id":"osm-cbd-buildings"},"geometry":{"type":"Polygon","coordinates":[[[103.8475391,1.2888632],[103.8475689,1.2888999],[103.8477396,1.2887732],[103.8477128,1.2887339],[103.8475391,1.2888632]]]}},{"type":"Feature","id":172775200,"properties":{"osm_id":172775200,"name":"Unnamed building","height_m":15.0,"height_basis":"osm-height","source_id":"osm-cbd-buildings"},"geometry":{"type":"Polygon","coordinates":[[[103.8488021,1.2871776],[103.8487803,1.287133],[103.8485762,1.2872117],[103.8485977,1.2872569],[103.8488021,1.2871776]]]}},{"type":"Feature","id":172775201,"properties":{"osm_id":172775201,"name":"Unnamed building","height_m":16.0,"height_basis":"osm-height","source_id":"osm-cbd-buildings"},"geometry":{"type":"Polygon","coordinates":[[[103.8475208,1.2888149],[103.8475078,1.2888246],[103.8475391,1.2888632],[103.8477128,1.2887339],[103.8476847,1.2886928],[103.8476764,1.288699],[103.8475208,1.2888149]]]}},{"type":"Feature","id":172775202,"properties":{"osm_id":172775202,"name":"Unnamed building","height_m":15.0,"height_basis":"osm-height","source_id":"osm-cbd-buildings"},"geometry":{"type":"Polygon","coordinates":[[[103.8489399,1.2872039],[103.8489399,1.2872438],[103.8490726,1.2872856],[103.8490692,1.2873042],[103.8490922,1.2873113],[103.8490944,1.287246],[103.8489399,1.2872039]]]}},{"type":"Feature","id":172775203,"properties":{"osm_id":172775203,"name":"Unnamed building","height_m":15.0,"height_basis":"osm-height","source_id":"osm-cbd-buildings"},"geometry":{"type":"Polygon","coordinates":[[[103.8489494,1.2871514],[103.8489399,1.2872039],[103.8490944,1.287246],[103.8491019,1.2872013],[103.8489494,1.2871514]]]}},{"type":"Feature","id":172775204,"properties":{"osm_id":172775204,"name":"Unnamed building","height_m":12.8,"height_basis":"levels-estimate","source_id":"osm-cbd-buildings"},"geometry":{"type":"Polygon","coordinates":[[[103.8474877,1.2887701],[103.8475208,1.2888149],[103.8476764,1.288699],[103.8476632,1.2886811],[103.8476549,1.2886871],[103.8476365,1.2886621],[103.8474877,1.2887701]]]}},{"type":"Feature","id":172775207,"properties":{"osm_id":172775207,"name":"Unnamed building","height_m":15.0,"height_basis":"osm-height","source_id":"osm-cbd-buildings"},"geometry":{"type":"Polygon","coordinates":[[[103.8489582,1.2871076],[103.8489494,1.2871514],[103.8491019,1.2872013],[103.8491142,1.2871529],[103.8489582,1.2871076]]]}},{"type":"Feature","id":172775208,"properties":{"osm_id":172775208,"name":"Unnamed building","height_m":15.0,"height_basis":"osm-height","source_id":"osm-cbd-buildings"},"geometry":{"type":"Polygon","coordinates":[[[103.848967,1.2870637],[103.8489582,1.2871076],[103.8491142,1.2871529],[103.849124,1.2871094],[103.848967,1.2870637]]]}},{"type":"Feature","id":172775211,"properties":{"osm_id":172775211,"name":"Jayleen Clarke Quay Hotel","height_m":16.0,"height_basis":"osm-height","source_id":"osm-cbd-buildings"},"geometry":{"type":"Polygon","coordinates":[[[103.8474341,1.2887383],[103.8474712,1.288782],[103.8474877,1.2887701],[103.8476365,1.2886621],[103.847662,1.2886436],[103.8476285,1.2885975],[103.8475346,1.2886655],[103.8474341,1.2887383]]]}},{"type":"Feature","id":172775213,"properties":{"osm_id":172775213,"name":"Unnamed building","height_m":15.0,"height_basis":"osm-height","source_id":"osm-cbd-buildings"},"geometry":{"type":"Polygon","coordinates":[[[103.8489737,1.2870219],[103.848967,1.2870637],[103.849124,1.2871094],[103.8491287,1.2870678],[103.8489737,1.2870219]]]}},{"type":"Feature","id":172775215,"properties":{"osm_id":172775215,"name":"Unnamed building","height_m":15.0,"height_basis":"osm-height","source_id":"osm-cbd-buildings"},"geometry":{"type":"Polygon","coordinates":[[[103.8489871,1.2869698],[103.8489737,1.2870219],[103.8491287,1.2870678],[103.8491374,1.2870223],[103.8489871,1.2869698]]]}},{"type":"Feature","id":172775217,"properties":{"osm_id":172775217,"name":"21 Carpenter","height_m":25.6,"height_basis":"levels-estimate","source_id":"osm-cbd-buildings"},"geometry":{"type":"Polygon","coordinates":[[[103.8473097,1.288592],[103.8474341,1.2887383],[103.8475346,1.2886655],[103.8476285,1.2885975],[103.8475486,1.2884757],[103.8475133,1.2884219],[103.8473175,1.2885511],[103.8473097,1.288592]]]}},{"type":"Feature","id":172775219,"properties":{"osm_id":172775219,"name":"Unnamed building","height_m":15.0,"height_basis":"osm-height","source_id":"osm-cbd-buildings"},"geometry":{"type":"Polygon","coordinates":[[[103.8489988,1.2869267],[103.8489871,1.2869698],[103.8491374,1.2870223],[103.8491524,1.2869802],[103.8489988,1.2869267]]]}},{"type":"Feature","id":172775221,"properties":{"osm_id":172775221,"name":"Unnamed building","height_m":15.0,"height_basis":"osm-height","source_id":"osm-cbd-buildings"},"geometry":{"type":"Polygon","coordinates":[[[103.8490187,1.2868699],[103.8489988,1.2869267],[103.8491524,1.2869802],[103.8491718,1.2869241],[103.8490187,1.2868699]]]}},{"type":"Feature","id":172775223,"properties":{"osm_id":172775223,"name":"Unnamed building","height_m":15.0,"height_basis":"osm-height","source_id":"osm-cbd-buildings"},"geometry":{"type":"Polygon","coordinates":[[[103.8487803,1.287133],[103.8487584,1.2870884],[103.8485527,1.287168],[103.8485762,1.2872117],[103.8487803,1.287133]]]}},{"type":"Feature","id":172775226,"properties":{"osm_id":172775226,"name":"Unnamed building","height_m":15.0,"height_basis":"osm-height","source_id":"osm-cbd-buildings"},"geometry":{"type":"Polygon","coordinates":[[[103.8497747,1.2859613],[103.8497423,1.286005],[103.8499002,1.2861216],[103.8499325,1.2860779],[103.8497747,1.2859613]]]}},{"type":"Feature","id":172775230,"properties":{"osm_id":172775230,"name":"Unnamed building","height_m":15.0,"height_basis":"osm-height","source_id":"osm-cbd-buildings"},"geometry":{"type":"Polygon","coordinates":[[[103.8490337,1.2868278],[103.8490187,1.2868699],[103.8491718,1.2869241],[103.8491868,1.286882],[103.8490337,1.2868278]]]}},{"type":"Feature","id":172775232,"properties":{"osm_id":172775232,"name":"Unnamed building","height_m":15.0,"height_basis":"osm-height","source_id":"osm-cbd-buildings"},"geometry":{"type":"Polygon","coordinates":[[[103.8497423,1.286005],[103.84971,1.2860488],[103.8498678,1.2861654],[103.8499002,1.2861216],[103.8497423,1.286005]]]}},{"type":"Feature","id":172775233,"properties":{"osm_id":172775233,"name":"Unnamed building","height_m":15.0,"height_basis":"osm-height","source_id":"osm-cbd-buildings"},"geometry":{"type":"Polygon","coordinates":[[[103.8490486,1.2867857],[103.8490337,1.2868278],[103.8491868,1.286882],[103.8492012,1.2868332],[103.8490486,1.2867857]]]}},{"type":"Feature","id":172775235,"properties":{"osm_id":172775235,"name":"Unnamed building","height_m":15.0,"height_basis":"osm-height","source_id":"osm-cbd-buildings"},"geometry":{"type":"Polygon","coordinates":[[[103.84971,1.2860488],[103.8496777,1.2860925],[103.8498355,1.2862091],[103.8498678,1.2861654],[103.84971,1.2860488]]]}},{"type":"Feature","id":172775237,"properties":{"osm_id":172775237,"name":"Unnamed building","height_m":15.0,"height_basis":"osm-height","source_id":"osm-cbd-buildings"},"geometry":{"type":"Polygon","coordinates":[[[103.8490703,1.2867212],[103.8490486,1.2867857],[103.8492012,1.2868332],[103.8492161,1.2867911],[103.8490703,1.2867212]]]}},{"type":"Feature","id":172775241,"properties":{"osm_id":172775241,"name":"Unnamed building","height_m":15.0,"height_basis":"osm-height","source_id":"osm-cbd-buildings"},"geometry":{"type":"Polygon","coordinates":[[[103.8496777,1.2860925],[103.8496453,1.2861363],[103.8498032,1.2862529],[103.8498355,1.2862091],[103.8496777,1.2860925]]]}},{"type":"Feature","id":172775242,"properties":{"osm_id":172775242,"name":"Unnamed building","height_m":15.0,"height_basis":"osm-height","source_id":"osm-cbd-buildings"},"geometry":{"type":"Polygon","coordinates":[[[103.8490853,1.2866791],[103.8490703,1.2867212],[103.8492161,1.2867911],[103.8492311,1.286749],[103.8490853,1.2866791]]]}},{"type":"Feature","id":172775244,"properties":{"osm_id":172775244,"name":"Unnamed building","height_m":15.0,"height_basis":"osm-height","source_id":"osm-cbd-buildings"},"geometry":{"type":"Polygon","coordinates":[[[103.8496453,1.2861363],[103.849613,1.2861801],[103.8497708,1.2862966],[103.8498032,1.2862529],[103.8496453,1.2861363]]]}},{"type":"Feature","id":172775245,"properties":{"osm_id":172775245,"name":"Unnamed building","height_m":15.0,"height_basis":"osm-height","source_id":"osm-cbd-buildings"},"geometry":{"type":"Polygon","coordinates":[[[103.8491002,1.286637],[103.8490853,1.2866791],[103.8492311,1.286749],[103.8492461,1.2867069],[103.8491002,1.286637]]]}},{"type":"Feature","id":172775246,"properties":{"osm_id":172775246,"name":"Unnamed building","height_m":15.0,"height_basis":"osm-height","source_id":"osm-cbd-buildings"},"geometry":{"type":"Polygon","coordinates":[[[103.849613,1.2861801],[103.8495807,1.2862238],[103.8497385,1.2863404],[103.8497708,1.2862966],[103.849613,1.2861801]]]}},{"type":"Feature","id":172775247,"properties":{"osm_id":172775247,"name":"Unnamed building","height_m":15.0,"height_basis":"osm-height","source_id":"osm-cbd-buildings"},"geometry":{"type":"Polygon","coordinates":[[[103.8491152,1.2865949],[103.8491002,1.286637],[103.8492461,1.2867069],[103.8492702,1.2866662],[103.8491152,1.2865949]]]}},{"type":"Feature","id":172775248,"properties":{"osm_id":172775248,"name":"Unnamed building","height_m":15.0,"height_basis":"osm-height","source_id":"osm-cbd-buildings"},"geometry":{"type":"Polygon","coordinates":[[[103.8495807,1.2862238],[103.8495483,1.2862676],[103.8497062,1.2863842],[103.8497385,1.2863404],[103.8495807,1.2862238]]]}},{"type":"Feature","id":172775249,"properties":{"osm_id":172775249,"name":"Unnamed building","height_m":15.0,"height_basis":"osm-height","source_id":"osm-cbd-buildings"},"geometry":{"type":"Polygon","coordinates":[[[103.8491363,1.286546],[103.8491152,1.2865949],[103.8492702,1.2866662],[103.8492884,1.2866254],[103.8491363,1.286546]]]}},{"type":"Feature","id":172775250,"properties":{"osm_id":172775250,"name":"Unnamed building","height_m":15.0,"height_basis":"osm-height","source_id":"osm-cbd-buildings"},"geometry":{"type":"Polygon","coordinates":[[[103.8495483,1.2862676],[103.849516,1.2863113],[103.8496738,1.2864279],[103.8497062,1.2863842],[103.8495483,1.2862676]]]}},{"type":"Feature","id":172775251,"properties":{"osm_id":172775251,"name":"Unnamed building","height_m":15.0,"height_basis":"osm-height","source_id":"osm-cbd-buildings"},"geometry":{"type":"Polygon","coordinates":[[[103.8491585,1.2864978],[103.8491363,1.286546],[103.8492884,1.2866254],[103.8493065,1.2865846],[103.8491585,1.2864978]]]}},{"type":"Feature","id":172775252,"properties":{"osm_id":172775252,"name":"Unnamed building","height_m":15.0,"height_basis":"osm-height","source_id":"osm-cbd-buildings"},"geometry":{"type":"Polygon","coordinates":[[[103.8496097,1.2865018],[103.8496279,1.286475],[103.8494833,1.2863708],[103.8494597,1.2863982],[103.8496097,1.2865018]]]}},{"type":"Feature","id":172775253,"properties":{"osm_id":172775253,"name":"Unnamed building","height_m":15.0,"height_basis":"osm-height","source_id":"osm-cbd-buildings"},"geometry":{"type":"Polygon","coordinates":[[[103.8491869,1.2864517],[103.8491585,1.2864978],[103.8493065,1.2865846],[103.8493247,1.2865438],[103.8491869,1.2864517]]]}},{"type":"Feature","id":172775254,"properties":{"osm_id":172775254,"name":"Unnamed building","height_m":15.0,"height_basis":"osm-height","source_id":"osm-cbd-buildings"},"geometry":{"type":"Polygon","coordinates":[[[103.8495944,1.2865378],[103.8496097,1.2865018],[103.8494597,1.2863982],[103.8494364,1.2864337],[103.8495944,1.2865378]]]}},{"type":"Feature","id":172775255,"properties":{"osm_id":172775255,"name":"Unnamed building","height_m":15.0,"height_basis":"osm-height","source_id":"osm-cbd-buildings"},"geometry":{"type":"Polygon","coordinates":[[[103.8492139,1.2864034],[103.8491869,1.2864517],[103.8493247,1.2865438],[103.8493519,1.2864911],[103.8492139,1.2864034]]]}},{"type":"Feature","id":172775256,"properties":{"osm_id":172775256,"name":"Unnamed building","height_m":15.0,"height_basis":"osm-height","source_id":"osm-cbd-buildings"},"geometry":{"type":"Polygon","coordinates":[[[103.8487584,1.2870884],[103.8487366,1.2870438],[103.8485291,1.2871243],[103.8485527,1.287168],[103.8487584,1.2870884]]]}},{"type":"Feature","id":172775257,"properties":{"osm_id":172775257,"name":"Unnamed building","height_m":15.0,"height_basis":"osm-height","source_id":"osm-cbd-buildings"},"geometry":{"type":"Polygon","coordinates":[[[103.8495741,1.2865814],[103.8495944,1.2865378],[103.8494364,1.2864337],[103.8494136,1.2864795],[103.8495741,1.2865814]]]}},{"type":"Feature","id":172775258,"properties":{"osm_id":172775258,"name":"Unnamed building","height_m":15.0,"height_basis":"osm-height","source_id":"osm-cbd-buildings"},"geometry":{"type":"Polygon","coordinates":[[[103.8492378,1.2863659],[103.8492139,1.2864034],[103.8493519,1.2864911],[103.8493757,1.2864536],[103.8493453,1.2864343],[103.8493143,1.2864145],[103.8492378,1.2863659]]]}},{"type":"Feature","id":172775259,"properties":{"osm_id":172775259,"name":"Unnamed building","height_m":15.0,"height_basis":"osm-height","source_id":"osm-cbd-buildings"},"geometry":{"type":"Polygon","coordinates":[[[103.8495527,1.2866169],[103.8495741,1.2865814],[103.8494136,1.2864795],[103.8493921,1.2865184],[103.8495527,1.2866169]]]}},{"type":"Feature","id":172775260,"properties":{"osm_id":172775260,"name":"Unnamed building","height_m":15.0,"height_basis":"osm-height","source_id":"osm-cbd-buildings"},"geometry":{"type":"Polygon","coordinates":[[[103.8495329,1.2866607],[103.8495527,1.2866169],[103.8493921,1.2865184],[103.8493695,1.2865646],[103.8495329,1.2866607]]]}},{"type":"Feature","id":172775261,"properties":{"osm_id":172775261,"name":"Unnamed building","height_m":15.0,"height_basis":"osm-height","source_id":"osm-cbd-buildings"},"geometry":{"type":"Polygon","coordinates":[[[103.8495159,1.2867057],[103.8495329,1.2866607],[103.8493695,1.2865646],[103.8493482,1.2866115],[103.8495159,1.2867057]]]}},{"type":"Feature","id":172775262,"properties":{"osm_id":172775262,"name":"Unnamed building","height_m":15.0,"height_basis":"osm-height","source_id":"osm-cbd-buildings"},"geometry":{"type":"Polygon","coordinates":[[[103.8494996,1.2867487],[103.8495159,1.2867057],[103.8493482,1.2866115],[103.8493289,1.286657],[103.8494996,1.2867487]]]}},{"type":"Feature","id":172775263,"properties":{"osm_id":172775263,"name":"Unnamed building","height_m":15.0,"height_basis":"osm-height","source_id":"osm-cbd-buildings"},"geometry":{"type":"Polygon","coordinates":[[[103.849478,1.2867916],[103.8494996,1.2867487],[103.8493289,1.286657],[103.8493094,1.2867046],[103.849478,1.2867916]]]}},{"type":"Feature","id":172775264,"properties":{"osm_id":172775264,"name":"Unnamed building","height_m":15.0,"height_basis":"osm-height","source_id":"osm-cbd-buildings"},"geometry":{"type":"Polygon","coordinates":[[[103.8493719,1.28613],[103.8494021,1.2860883],[103.849542,1.2861888],[103.8495129,1.2862328],[103.8493719,1.28613]]]}},{"type":"Feature","id":172775265,"properties":{"osm_id":172775265,"name":"Unnamed building","height_m":15.0,"height_basis":"osm-height","source_id":"osm-cbd-buildings"},"geometry":{"type":"Polygon","coordinates":[[[103.8494553,1.2868464],[103.849478,1.2867916],[103.8493094,1.2867046],[103.8492868,1.2867634],[103.8494553,1.2868464]]]}},{"type":"Feature","id":172775266,"properties":{"osm_id":172775266,"name":"Unnamed building","height_m":15.0,"height_basis":"osm-height","source_id":"osm-cbd-buildings"},"geometry":{"type":"Polygon","coordinates":[[[103.8494021,1.2860883],[103.849433,1.2860406],[103.8495768,1.2861417],[103.849542,1.2861888],[103.8494021,1.2860883]]]}},{"type":"Feature","id":172775267,"properties":{"osm_id":172775267,"name":"Unnamed building","height_m":15.0,"height_basis":"osm-height","source_id":"osm-cbd-buildings"},"geometry":{"type":"Polygon","coordinates":[[[103.8494388,1.2868916],[103.8494553,1.2868464],[103.8492868,1.2867634],[103.8492675,1.286811],[103.8494388,1.2868916]]]}},{"type":"Feature","id":172775268,"properties":{"osm_id":172775268,"name":"Unnamed building","height_m":15.0,"height_basis":"osm-height","source_id":"osm-cbd-buildings"},"geometry":{"type":"Polygon","coordinates":[[[103.849433,1.2860406],[103.8494632,1.2859978],[103.8496081,1.2860961],[103.8495768,1.2861417],[103.849433,1.2860406]]]}},{"type":"Feature","id":172775269,"properties":{"osm_id":172775269,"name":"Unnamed building","height_m":15.0,"height_basis":"osm-height","source_id":"osm-cbd-buildings"},"geometry":{"type":"Polygon","coordinates":[[[103.8494187,1.2869307],[103.8494388,1.2868916],[103.8492675,1.286811],[103.8492463,1.2868535],[103.8494187,1.2869307]]]}},{"type":"Feature","id":172775270,"properties":{"osm_id":172775270,"name":"Unnamed building","height_m":15.0,"height_basis":"osm-height","source_id":"osm-cbd-buildings"},"geometry":{"type":"Polygon","coordinates":[[[103.8494632,1.2859978],[103.8494959,1.2859522],[103.8496368,1.2860531],[103.8496081,1.2860961],[103.8494632,1.2859978]]]}},{"type":"Feature","id":172775271,"properties":{"osm_id":172775271,"name":"Unnamed building","height_m":15.0,"height_basis":"osm-height","source_id":"osm-cbd-buildings"},"geometry":{"type":"Polygon","coordinates":[[[103.8494083,1.2869776],[103.8494187,1.2869307],[103.8492463,1.2868535],[103.8492304,1.2869025],[103.8494083,1.2869776]]]}},{"type":"Feature","id":172775272,"properties":{"osm_id":172775272,"name":"Heisei Japanese Restaurant","height_m":15.0,"height_basis":"osm-height","source_id":"osm-cbd-buildings"},"geometry":{"type":"Polygon","coordinates":[[[103.8494959,1.2859522],[103.8495281,1.2859033],[103.8496672,1.2860117],[103.8496368,1.2860531],[103.8494959,1.2859522]]]}},{"type":"Feature","id":172775273,"properties":{"osm_id":172775273,"name":"Unnamed building","height_m":15.0,"height_basis":"osm-height","source_id":"osm-cbd-buildings"},"geometry":{"type":"Polygon","coordinates":[[[103.8487366,1.2870438],[103.8487147,1.2869992],[103.8485055,1.2870805],[103.8485291,1.2871243],[103.8487366,1.2870438]]]}},{"type":"Feature","id":172775275,"properties":{"osm_id":172775275,"name":"Unnamed building","height_m":15.0,"height_basis":"osm-height","source_id":"osm-cbd-buildings"},"geometry":{"type":"Polygon","coordinates":[[[103.8490886,1.2859876],[103.8490426,1.2860102],[103.8490984,1.2861069],[103.8491236,1.2860845],[103.8491259,1.2860529],[103.8490886,1.2859876]]]}},{"type":"Feature","id":172775278,"properties":{"osm_id":172775278,"name":"Unnamed building","height_m":15.0,"height_basis":"osm-height","source_id":"osm-cbd-buildings"},"geometry":{"type":"Polygon","coordinates":[[[103.8493896,1.2870282],[103.8494083,1.2869776],[103.8492304,1.2869025],[103.8492124,1.2869557],[103.8493896,1.2870282]]]}},{"type":"Feature","id":172775283,"properties":{"osm_id":172775283,"name":"Unnamed building","height_m":15.0,"height_basis":"osm-height","source_id":"osm-cbd-buildings"},"geometry":{"type":"Polygon","coordinates":[[[103.8495281,1.2859033],[103.8495535,1.2858619],[103.8496976,1.2859637],[103.8496672,1.2860117],[103.8495281,1.2859033]]]}},{"type":"Feature","id":172775284,"properties":{"osm_id":172775284,"name":"Unnamed building","height_m":15.0,"height_basis":"osm-height","source_id":"osm-cbd-buildings"},"geometry":{"type":"Polygon","coordinates":[[[103.8493759,1.2870783],[103.8493896,1.2870282],[103.8492124,1.2869557],[103.8492005,1.2870123],[103.8493759,1.2870783]]]}},{"type":"Feature","id":172775285,"properties":{"osm_id":172775285,"name":"Unnamed building","height_m":15.0,"height_basis":"osm-height","source_id":"osm-cbd-buildings"},"geometry":{"type":"Polygon","coordinates":[[[103.8495535,1.2858619],[103.8495825,1.2858157],[103.8497238,1.2859211],[103.8496976,1.2859637],[103.8495535,1.2858619]]]}},{"type":"Feature","id":172775286,"properties":{"osm_id":172775286,"name":"Unnamed building","height_m":15.0,"height_basis":"osm-height","source_id":"osm-cbd-buildings"},"geometry":{"type":"Polygon","coordinates":[[[103.849365,1.287119],[103.8493759,1.2870783],[103.8492005,1.2870123],[103.849187,1.2870548],[103.849365,1.287119]]]}},{"type":"Feature","id":172775289,"properties":{"osm_id":172775289,"name":"Unnamed building","height_m":15.0,"height_basis":"osm-height","source_id":"osm-cbd-buildings"},"geometry":{"type":"Polygon","coordinates":[[[103.8495825,1.2858157],[103.8497238,1.2859211],[103.8497532,1.2858716],[103.849698,1.285828],[103.8496179,1.2857641],[103.8495825,1.2858157]]]}},{"type":"Feature","id":172775294,"properties":{"osm_id":172775294,"name":"Unnamed building","height_m":15.0,"height_basis":"osm-height","source_id":"osm-cbd-buildings"},"geometry":{"type":"Polygon","coordinates":[[[103.8493529,1.2871655],[103.849365,1.287119],[103.849187,1.2870548],[103.8491765,1.2871052],[103.8493529,1.2871655]]]}},{"type":"Feature","id":172775295,"properties":{"osm_id":172775295,"name":"Unnamed building","height_m":15.0,"height_basis":"osm-height","source_id":"osm-cbd-buildings"},"geometry":{"type":"Polygon","coordinates":[[[103.8493444,1.2872058],[103.8493529,1.2871655],[103.8491765,1.2871052],[103.8491655,1.2871485],[103.8493444,1.2872058]]]}},{"type":"Feature","id":172775296,"properties":{"osm_id":172775296,"name":"Unnamed building","height_m":15.0,"height_basis":"osm-height","source_id":"osm-cbd-buildings"},"geometry":{"type":"Polygon","coordinates":[[[103.8493361,1.2872614],[103.8493444,1.2872058],[103.8491655,1.2871485],[103.8491531,1.287207],[103.8493361,1.2872614]]]}},{"type":"Feature","id":172775298,"properties":{"osm_id":172775298,"name":"Unnamed building","height_m":15.0,"height_basis":"osm-height","source_id":"osm-cbd-buildings"},"geometry":{"type":"Polygon","coordinates":[[[103.849331,1.2873092],[103.8493361,1.2872614],[103.8491531,1.287207],[103.8491474,1.2872579],[103.849331,1.2873092]]]}},{"type":"Feature","id":172775305,"properties":{"osm_id":172775305,"name":"Unnamed building","height_m":15.0,"height_basis":"osm-height","source_id":"osm-cbd-buildings"},"geometry":{"type":"Polygon","coordinates":[[[103.8493247,1.2873738],[103.849331,1.2873092],[103.8491474,1.2872579],[103.8491458,1.2873308],[103.8493247,1.2873738]]]}},{"type":"Feature","id":172775306,"properties":{"osm_id":172775306,"name":"Unnamed building","height_m":15.0,"height_basis":"osm-height","source_id":"osm-cbd-buildings"},"geometry":{"type":"Polygon","coordinates":[[[103.8493255,1.2874266],[103.8493247,1.2873738],[103.8491458,1.2873308],[103.8491458,1.2873823],[103.8493255,1.2874266]]]}},{"type":"Feature","id":172775307,"properties":{"osm_id":172775307,"name":"Unnamed building","height_m":15.0,"height_basis":"osm-height","source_id":"osm-cbd-buildings"},"geometry":{"type":"Polygon","coordinates":[[[103.8489055,1.2879079],[103.8488954,1.287952],[103.8490672,1.2879955],[103.8490802,1.2879514],[103.8489055,1.2879079]]]}},{"type":"Feature","id":172775308,"properties":{"osm_id":172775308,"name":"Unnamed building","height_m":15.0,"height_basis":"osm-height","source_id":"osm-cbd-buildings"},"geometry":{"type":"Polygon","coordinates":[[[103.8487147,1.2869992],[103.8486912,1.2869568],[103.8484819,1.2870368],[103.8485055,1.2870805],[103.8487147,1.2869992]]]}},{"type":"Feature","id":172775310,"properties":{"osm_id":172775310,"name":"Unnamed building","height_m":15.0,"height_basis":"osm-height","source_id":"osm-cbd-buildings"},"geometry":{"type":"Polygon","coordinates":[[[103.8490426,1.2860102],[103.8489966,1.2860329],[103.8490591,1.2861441],[103.8490984,1.2861069],[103.8490426,1.2860102]]]}},{"type":"Feature","id":172775317,"properties":{"osm_id":172775317,"name":"Unnamed building","height_m":15.0,"height_basis":"osm-height","source_id":"osm-cbd-buildings"},"geometry":{"type":"Polygon","coordinates":[[[103.8491511,1.2874672],[103.8493201,1.287508],[103.8493226,1.2874673],[103.8491513,1.2874308],[103.8491511,1.2874672]]]}},{"type":"Feature","id":172775318,"properties":{"osm_id":172775318,"name":"Unnamed building","height_m":15.0,"height_basis":"osm-height","source_id":"osm-cbd-buildings"},"geometry":{"type":"Polygon","coordinates":[[[103.8492123,1.2862206],[103.8492362,1.2861896],[103.8491303,1.2861185],[103.8491052,1.2861462],[103.8492123,1.2862206]]]}},{"type":"Feature","id":172775319,"properties":{"osm_id":172775319,"name":"Unnamed building","height_m":15.0,"height_basis":"osm-height","source_id":"osm-cbd-buildings"},"geometry":{"type":"Polygon","coordinates":[[[103.8491898,1.2862527],[103.8492123,1.2862206],[103.8491052,1.2861462],[103.8490789,1.2861726],[103.8491898,1.2862527]]]}},{"type":"Feature","id":172775320,"properties":{"osm_id":172775320,"name":"Unnamed building","height_m":15.0,"height_basis":"osm-height","source_id":"osm-cbd-buildings"},"geometry":{"type":"Polygon","coordinates":[[[103.8491368,1.2863322],[103.8491606,1.2862908],[103.8490422,1.2862043],[103.8490123,1.286236],[103.8491368,1.2863322]]]}},{"type":"Feature","id":172775322,"properties":{"osm_id":172775322,"name":"Unnamed building","height_m":15.0,"height_basis":"osm-height","source_id":"osm-cbd-buildings"},"geometry":{"type":"Polygon","coordinates":[[[103.8491144,1.2863644],[103.8491368,1.2863322],[103.8490123,1.286236],[103.8489881,1.2862644],[103.8491144,1.2863644]]]}},{"type":"Feature","id":172775328,"properties":{"osm_id":172775328,"name":"Unnamed building","height_m":15.0,"height_basis":"osm-height","source_id":"osm-cbd-buildings"},"geometry":{"type":"Polygon","coordinates":[[[103.8490926,1.2864003],[103.8491144,1.2863644],[103.8489881,1.2862644],[103.8489577,1.2862975],[103.8490926,1.2864003]]]}},{"type":"Feature","id":172775330,"properties":{"osm_id":172775330,"name":"Unnamed building","height_m":15.0,"height_basis":"osm-height","source_id":"osm-cbd-buildings"},"geometry":{"type":"Polygon","coordinates":[[[103.8490718,1.2864335],[103.8490926,1.2864003],[103.8489577,1.2862975],[103.848933,1.2863254],[103.8490718,1.2864335]]]}},{"type":"Feature","id":172775331,"properties":{"osm_id":172775331,"name":"GeoInstinct","height_m":15.0,"height_basis":"osm-height","source_id":"osm-cbd-buildings"},"geometry":{"type":"Polygon","coordinates":[[[103.8490506,1.2864665],[103.8490718,1.2864335],[103.848933,1.2863254],[103.8489097,1.2863585],[103.8490506,1.2864665]]]}},{"type":"Feature","id":172775332,"properties":{"osm_id":172775332,"name":"Unnamed building","height_m":15.0,"height_basis":"osm-height","source_id":"osm-cbd-buildings"},"geometry":{"type":"Polygon","coordinates":[[[103.8490298,1.2865036],[103.8490506,1.2864665],[103.8489097,1.2863585],[103.8488798,1.2863935],[103.8490298,1.2865036]]]}},{"type":"Feature","id":172775333,"properties":{"osm_id":172775333,"name":"Unnamed building","height_m":15.0,"height_basis":"osm-height","source_id":"osm-cbd-buildings"},"geometry":{"type":"Polygon","coordinates":[[[103.8490158,1.2865471],[103.8490298,1.2865036],[103.8488798,1.2863935],[103.8488648,1.2864255],[103.8490158,1.2865471]]]}},{"type":"Feature","id":172775340,"properties":{"osm_id":172775340,"name":"Unnamed building","height_m":15.0,"height_basis":"osm-height","source_id":"osm-cbd-buildings"},"geometry":{"type":"Polygon","coordinates":[[[103.8489133,1.2878621],[103.8489055,1.2879079],[103.8490802,1.2879514],[103.8490919,1.287912],[103.8489133,1.2878621]]]}},{"type":"Feature","id":172775341,"properties":{"osm_id":172775341,"name":"Unnamed building","height_m":15.0,"height_basis":"osm-height","source_id":"osm-cbd-buildings"},"geometry":{"type":"Polygon","coordinates":[[[103.8486912,1.2869568],[103.8486694,1.2869122],[103.8484583,1.2869931],[103.8484819,1.2870368],[103.8486912,1.2869568]]]}},{"type":"Feature","id":172775342,"properties":{"osm_id":172775342,"name":"Unnamed building","height_m":15.0,"height_basis":"osm-height","source_id":"osm-cbd-buildings"},"geometry":{"type":"Polygon","coordinates":[[[103.8489966,1.2860329],[103.8489506,1.2860555],[103.8490244,1.2861751],[103.8490591,1.2861441],[103.8489966,1.2860329]]]}},{"type":"Feature","id":172775343,"properties":{"osm_id":172775343,"name":"Unnamed building","height_m":15.0,"height_basis":"osm-height","source_id":"osm-cbd-buildings"},"geometry":{"type":"Polygon","coordinates":[[[103.8490013,1.2865835],[103.8490158,1.2865471],[103.8488648,1.2864255],[103.8488475,1.286469],[103.8490013,1.2865835]]]}},{"type":"Feature","id":172775345,"properties":{"osm_id":172775345,"name":"Unnamed building","height_m":15.0,"height_basis":"osm-height","source_id":"osm-cbd-buildings"},"geometry":{"type":"Polygon","coordinates":[[[103.8489871,1.28662],[103.8490013,1.2865835],[103.8488475,1.286469],[103.8488347,1.286504],[103.8489871,1.28662]]]}},{"type":"Feature","id":172775351,"properties":{"osm_id":172775351,"name":"Unnamed building","height_m":15.0,"height_basis":"osm-height","source_id":"osm-cbd-buildings"},"geometry":{"type":"Polygon","coordinates":[[[103.848973,1.2866566],[103.8489871,1.28662],[103.8488347,1.286504],[103.8488214,1.286539],[103.848973,1.2866566]]]}},{"type":"Feature","id":172775353,"properties":{"osm_id":172775353,"name":"Unnamed building","height_m":15.0,"height_basis":"osm-height","source_id":"osm-cbd-buildings"},"geometry":{"type":"Polygon","coordinates":[[[103.8489597,1.2866934],[103.848973,1.2866566],[103.8488214,1.286539],[103.8488065,1.2865806],[103.8489597,1.2866934]]]}},{"type":"Feature","id":172775355,"properties":{"osm_id":172775355,"name":"Unnamed building","height_m":15.0,"height_basis":"osm-height","source_id":"osm-cbd-buildings"},"geometry":{"type":"Polygon","coordinates":[[[103.8489446,1.286738],[103.8489597,1.2866934],[103.8488065,1.2865806],[103.84879,1.2866221],[103.8489446,1.286738]]]}},{"type":"Feature","id":172775356,"properties":{"osm_id":172775356,"name":"Unnamed building","height_m":15.0,"height_basis":"osm-height","source_id":"osm-cbd-buildings"},"geometry":{"type":"Polygon","coordinates":[[[103.8489316,1.286775],[103.8489446,1.286738],[103.84879,1.2866221],[103.8487815,1.2866468],[103.8489316,1.286775]]]}},{"type":"Feature","id":172775357,"properties":{"osm_id":172775357,"name":"Unnamed building","height_m":15.0,"height_basis":"osm-height","source_id":"osm-cbd-buildings"},"geometry":{"type":"Polygon","coordinates":[[[103.8489182,1.2868118],[103.8489316,1.286775],[103.8487815,1.2866468],[103.8487706,1.2866778],[103.8489182,1.2868118]]]}},{"type":"Feature","id":172775363,"properties":{"osm_id":172775363,"name":"Unnamed building","height_m":15.0,"height_basis":"osm-height","source_id":"osm-cbd-buildings"},"geometry":{"type":"Polygon","coordinates":[[[103.8489057,1.2868545],[103.8489182,1.2868118],[103.8487706,1.2866778],[103.8487589,1.2867096],[103.8489057,1.2868545]]]}},{"type":"Feature","id":172775365,"properties":{"osm_id":172775365,"name":"Unnamed building","height_m":15.0,"height_basis":"osm-height","source_id":"osm-cbd-buildings"},"geometry":{"type":"Polygon","coordinates":[[[103.8489187,1.2878219],[103.8489133,1.2878621],[103.8490919,1.287912],[103.8491028,1.2878623],[103.8489187,1.2878219]]]}},{"type":"Feature","id":172775366,"properties":{"osm_id":172775366,"name":"Unnamed building","height_m":15.0,"height_basis":"osm-height","source_id":"osm-cbd-buildings"},"geometry":{"type":"Polygon","coordinates":[[[103.8486694,1.2869122],[103.8486475,1.2868676],[103.8484341,1.2869541],[103.8484583,1.2869931],[103.8486694,1.2869122]]]}},{"type":"Feature","id":172775367,"properties":{"osm_id":172775367,"name":"Unnamed building","height_m":15.0,"height_basis":"osm-height","source_id":"osm-cbd-buildings"},"geometry":{"type":"Polygon","coordinates":[[[103.8489506,1.2860555],[103.8489047,1.2860781],[103.8489879,1.286209],[103.8490244,1.2861751],[103.8489506,1.2860555]]]}},{"type":"Feature","id":172775369,"properties":{"osm_id":172775369,"name":"Bake It Yourself","height_m":15.0,"height_basis":"osm-height","source_id":"osm-cbd-buildings"},"geometry":{"type":"Polygon","coordinates":[[[103.8489224,1.2877754],[103.8489187,1.2878219],[103.8491028,1.2878623],[103.849101,1.2878206],[103.8489224,1.2877754]]]}},{"type":"Feature","id":172775370,"properties":{"osm_id":172775370,"name":"Unnamed building","height_m":15.0,"height_basis":"osm-height","source_id":"osm-cbd-buildings"},"geometry":{"type":"Polygon","coordinates":[[[103.8486475,1.2868676],[103.8486257,1.2868229],[103.8484122,1.2869095],[103.8484341,1.2869541],[103.8486475,1.2868676]]]}},{"type":"Feature","id":172775371,"properties":{"osm_id":172775371,"name":"Unnamed building","height_m":15.0,"height_basis":"osm-height","source_id":"osm-cbd-buildings"},"geometry":{"type":"Polygon","coordinates":[[[103.8489047,1.2860781],[103.8488587,1.2861008],[103.8489548,1.286253],[103.8489879,1.286209],[103.8489047,1.2860781]]]}},{"type":"Feature","id":172775372,"properties":{"osm_id":172775372,"name":"Unnamed building","height_m":15.0,"height_basis":"osm-height","source_id":"osm-cbd-buildings"},"geometry":{"type":"Polygon","coordinates":[[[103.8491606,1.2862908],[103.8491898,1.2862527],[103.8490789,1.2861726],[103.8490422,1.2862043],[103.8491606,1.2862908]]]}},{"type":"Feature","id":172779689,"properties":{"osm_id":172779689,"name":"The Quay Hotel","height_m":15.0,"height_basis":"osm-height","source_id":"osm-cbd-buildings"},"geometry":{"type":"Polygon","coordinates":[[[103.8483978,1.2869604],[103.8482107,1.2870325],[103.8482616,1.2871272],[103.8484433,1.287051],[103.8483978,1.2869604]]]}},{"type":"Feature","id":172779695,"properties":{"osm_id":172779695,"name":"Unnamed building","height_m":15.0,"height_basis":"osm-height","source_id":"osm-cbd-buildings"},"geometry":{"type":"Polygon","coordinates":[[[103.8486034,1.2877449],[103.8486385,1.2878014],[103.8488186,1.287729],[103.8488225,1.2876661],[103.8486034,1.2877449]]]}},{"type":"Feature","id":172779696,"properties":{"osm_id":172779696,"name":"Unnamed building","height_m":15.0,"height_basis":"osm-height","source_id":"osm-cbd-buildings"},"geometry":{"type":"Polygon","coordinates":[[[103.8485817,1.2876973],[103.8486034,1.2877449],[103.8488225,1.2876661],[103.8488216,1.287611],[103.8485817,1.2876973]]]}},{"type":"Feature","id":172779697,"properties":{"osm_id":172779697,"name":"Unnamed building","height_m":15.0,"height_basis":"osm-height","source_id":"osm-cbd-buildings"},"geometry":{"type":"Polygon","coordinates":[[[103.8485486,1.2876424],[103.8485817,1.2876973],[103.8488216,1.287611],[103.8488224,1.2875516],[103.8486748,1.287599],[103.8485486,1.2876424]]]}},{"type":"Feature","id":172779698,"properties":{"osm_id":172779698,"name":"Unnamed building","height_m":15.0,"height_basis":"osm-height","source_id":"osm-cbd-buildings"},"geometry":{"type":"Polygon","coordinates":[[[103.8485222,1.2876016],[103.8485486,1.2876424],[103.8486748,1.287599],[103.8486603,1.2875495],[103.8485222,1.2876016]]]}},{"type":"Feature","id":172779703,"properties":{"osm_id":172779703,"name":"Unnamed building","height_m":15.0,"height_basis":"osm-height","source_id":"osm-cbd-buildings"},"geometry":{"type":"Polygon","coordinates":[[[103.848499,1.2875572],[103.8485222,1.2876016],[103.8486603,1.2875495],[103.8486513,1.2875023],[103.848499,1.2875572]]]}},{"type":"Feature","id":172779705,"properties":{"osm_id":172779705,"name":"Unnamed building","height_m":15.0,"height_basis":"osm-height","source_id":"osm-cbd-buildings"},"geometry":{"type":"Polygon","coordinates":[[[103.8484761,1.287515],[103.848499,1.2875572],[103.8486513,1.2875023],[103.8486356,1.2874548],[103.8484761,1.287515]]]}},{"type":"Feature","id":172779706,"properties":{"osm_id":172779706,"name":"Unnamed building","height_m":15.0,"height_basis":"osm-height","source_id":"osm-cbd-buildings"},"geometry":{"type":"Polygon","coordinates":[[[103.8484479,1.2874617],[103.8484761,1.287515],[103.8486356,1.2874548],[103.8486238,1.2874072],[103.8484479,1.2874617]]]}},{"type":"Feature","id":172779707,"properties":{"osm_id":172779707,"name":"Unnamed building","height_m":15.0,"height_basis":"osm-height","source_id":"osm-cbd-buildings"},"geometry":{"type":"Polygon","coordinates":[[[103.8484284,1.2874234],[103.8484479,1.2874617],[103.8486238,1.2874072],[103.8486118,1.2873604],[103.8484284,1.2874234]]]}},{"type":"Feature","id":172779708,"properties":{"osm_id":172779708,"name":"Unnamed building","height_m":15.0,"height_basis":"osm-height","source_id":"osm-cbd-buildings"},"geometry":{"type":"Polygon","coordinates":[[[103.848405,1.2873805],[103.8484284,1.2874234],[103.8486118,1.2873604],[103.8485944,1.28732],[103.848405,1.2873805]]]}},{"type":"Feature","id":172779715,"properties":{"osm_id":172779715,"name":"Unnamed building","height_m":15.0,"height_basis":"osm-height","source_id":"osm-cbd-buildings"},"geometry":{"type":"Polygon","coordinates":[[[103.8483796,1.2873302],[103.848405,1.2873805],[103.8485944,1.28732],[103.848566,1.2872643],[103.8483796,1.2873302]]]}},{"type":"Feature","id":172779716,"properties":{"osm_id":172779716,"name":"Leong Sen & Co.","height_m":15.0,"height_basis":"osm-height","source_id":"osm-cbd-buildings"},"geometry":{"type":"Polygon","coordinates":[[[103.8483523,1.2872845],[103.8483796,1.2873302],[103.848566,1.2872643],[103.8485385,1.2872139],[103.8483523,1.2872845]]]}},{"type":"Feature","id":172779717,"properties":{"osm_id":172779717,"name":"Tak Heng Co. Ltd","height_m":15.0,"height_basis":"osm-height","source_id":"osm-cbd-buildings"},"geometry":{"type":"Polygon","coordinates":[[[103.8483259,1.2872409],[103.8483523,1.2872845],[103.8485385,1.2872139],[103.8485149,1.2871697],[103.8483259,1.2872409]]]}},{"type":"Feature","id":172779718,"properties":{"osm_id":172779718,"name":"Unnamed building","height_m":15.0,"height_basis":"osm-height","source_id":"osm-cbd-buildings"},"geometry":{"type":"Polygon","coordinates":[[[103.848305,1.2872053],[103.8483259,1.2872409],[103.8485149,1.2871697],[103.8484924,1.2871299],[103.848305,1.2872053]]]}},{"type":"Feature","id":172779722,"properties":{"osm_id":172779722,"name":"Unnamed building","height_m":15.0,"height_basis":"osm-height","source_id":"osm-cbd-buildings"},"geometry":{"type":"Polygon","coordinates":[[[103.8482806,1.287156],[103.848305,1.2872053],[103.8484924,1.2871299],[103.8484647,1.2870834],[103.8482806,1.287156]]]}},{"type":"Feature","id":172779724,"properties":{"osm_id":172779724,"name":"Unnamed building","height_m":15.0,"height_basis":"osm-height","source_id":"osm-cbd-buildings"},"geometry":{"type":"Polygon","coordinates":[[[103.8482616,1.2871272],[103.8482806,1.287156],[103.8484647,1.2870834],[103.8484433,1.287051],[103.8482616,1.2871272]]]}},{"type":"Feature","id":172779725,"properties":{"osm_id":172779725,"name":"Unnamed building","height_m":15.0,"height_basis":"osm-height","source_id":"osm-cbd-buildings"},"geometry":{"type":"Polygon","coordinates":[[[103.8481701,1.2869985],[103.8481948,1.2870387],[103.8482107,1.2870325],[103.8483978,1.2869604],[103.8483748,1.2869133],[103.8481701,1.2869985]]]}},{"type":"Feature","id":172779726,"properties":{"osm_id":172779726,"name":"Unnamed building","height_m":15.0,"height_basis":"osm-height","source_id":"osm-cbd-buildings"},"geometry":{"type":"Polygon","coordinates":[[[103.8481426,1.2869576],[103.8481701,1.2869985],[103.8483748,1.2869133],[103.8483518,1.286872],[103.8481426,1.2869576]]]}},{"type":"Feature","id":172779728,"properties":{"osm_id":172779728,"name":"Unnamed building","height_m":15.0,"height_basis":"osm-height","source_id":"osm-cbd-buildings"},"geometry":{"type":"Polygon","coordinates":[[[103.8481173,1.2869168],[103.8481426,1.2869576],[103.8483518,1.286872],[103.8483344,1.2868322],[103.8481173,1.2869168]]]}},{"type":"Feature","id":172779731,"properties":{"osm_id":172779731,"name":"Unnamed building","height_m":15.0,"height_basis":"osm-height","source_id":"osm-cbd-buildings"},"geometry":{"type":"Polygon","coordinates":[[[103.8481022,1.2868877],[103.8481173,1.2869168],[103.8483344,1.2868322],[103.8483169,1.2868048],[103.8481022,1.2868877]]]}},{"type":"Feature","id":172779733,"properties":{"osm_id":172779733,"name":"Unnamed building","height_m":15.0,"height_basis":"osm-height","source_id":"osm-cbd-buildings"},"geometry":{"type":"Polygon","coordinates":[[[103.8480814,1.2868519],[103.8481022,1.2868877],[103.8483169,1.2868048],[103.8483001,1.2867691],[103.8480814,1.2868519]]]}},{"type":"Feature","id":172779734,"properties":{"osm_id":172779734,"name":"Unnamed building","height_m":15.0,"height_basis":"osm-height","source_id":"osm-cbd-buildings"},"geometry":{"type":"Polygon","coordinates":[[[103.8480606,1.2868161],[103.8480814,1.2868519],[103.8483001,1.2867691],[103.8482849,1.2867394],[103.8480606,1.2868161]]]}},{"type":"Feature","id":172779735,"properties":{"osm_id":172779735,"name":"Unnamed building","height_m":15.0,"height_basis":"osm-height","source_id":"osm-cbd-buildings"},"geometry":{"type":"Polygon","coordinates":[[[103.8480398,1.2867803],[103.8480606,1.2868161],[103.8482849,1.2867394],[103.8482624,1.2866997],[103.8480398,1.2867803]]]}},{"type":"Feature","id":172779738,"properties":{"osm_id":172779738,"name":"Unnamed building","height_m":15.0,"height_basis":"osm-height","source_id":"osm-cbd-buildings"},"geometry":{"type":"Polygon","coordinates":[[[103.848019,1.2867446],[103.8480398,1.2867803],[103.8482624,1.2866997],[103.8482361,1.2866639],[103.848019,1.2867446]]]}},{"type":"Feature","id":172779739,"properties":{"osm_id":172779739,"name":"Unnamed building","height_m":15.0,"height_basis":"osm-height","source_id":"osm-cbd-buildings"},"geometry":{"type":"Polygon","coordinates":[[[103.8479887,1.2867015],[103.848019,1.2867446],[103.8482361,1.2866639],[103.8482102,1.2866236],[103.8479887,1.2867015]]]}},{"type":"Feature","id":172779741,"properties":{"osm_id":172779741,"name":"Unnamed building","height_m":15.0,"height_basis":"osm-height","source_id":"osm-cbd-buildings"},"geometry":{"type":"Polygon","coordinates":[[[103.8479634,1.2866584],[103.8479887,1.2867015],[103.8482102,1.2866236],[103.8481855,1.2865727],[103.8479634,1.2866584]]]}},{"type":"Feature","id":172779742,"properties":{"osm_id":172779742,"name":"Unnamed building","height_m":15.0,"height_basis":"osm-height","source_id":"osm-cbd-buildings"},"geometry":{"type":"Polygon","coordinates":[[[103.8479409,1.2866107],[103.8479634,1.2866584],[103.8481855,1.2865727],[103.8481647,1.2865246],[103.8479409,1.2866107]]]}},{"type":"Feature","id":172781425,"properties":{"osm_id":172781425,"name":"Unnamed building","height_m":18.0,"height_basis":"osm-height","source_id":"osm-cbd-buildings"},"geometry":{"type":"Polygon","coordinates":[[[103.8477098,1.2877602],[103.8477516,1.2877336],[103.8475972,1.2874912],[103.8475554,1.2875178],[103.8477098,1.2877602]]]}},{"type":"Feature","id":172781426,"properties":{"osm_id":172781426,"name":"Unnamed building","height_m":18.0,"height_basis":"osm-height","source_id":"osm-cbd-buildings"},"geometry":{"type":"Polygon","coordinates":[[[103.8476666,1.2877877],[103.8477098,1.2877602],[103.8475554,1.2875178],[103.8475122,1.2875453],[103.8476666,1.2877877]]]}},{"type":"Feature","id":172781427,"properties":{"osm_id":172781427,"name":"Unnamed building","height_m":18.0,"height_basis":"osm-height","source_id":"osm-cbd-buildings"},"geometry":{"type":"Polygon","coordinates":[[[103.8476277,1.2878125],[103.8476666,1.2877877],[103.8475122,1.2875453],[103.8474733,1.2875701],[103.8476277,1.2878125]]]}},{"type":"Feature","id":172781428,"properties":{"osm_id":172781428,"name":"Unnamed building","height_m":18.0,"height_basis":"osm-height","source_id":"osm-cbd-buildings"},"geometry":{"type":"Polygon","coordinates":[[[103.8475836,1.2878405],[103.8476277,1.2878125],[103.8474733,1.2875701],[103.8474293,1.2875981],[103.8475836,1.2878405]]]}},{"type":"Feature","id":172781429,"properties":{"osm_id":172781429,"name":"The Novelty House","height_m":18.0,"height_basis":"osm-height","source_id":"osm-cbd-buildings"},"geometry":{"type":"Polygon","coordinates":[[[103.8474628,1.2879174],[103.8475836,1.2878405],[103.8474293,1.2875981],[103.8473084,1.2876751],[103.8474628,1.2879174]]]}},{"type":"Feature","id":172781430,"properties":{"osm_id":172781430,"name":"Unnamed building","height_m":18.0,"height_basis":"osm-height","source_id":"osm-cbd-buildings"},"geometry":{"type":"Polygon","coordinates":[[[103.8474202,1.2879445],[103.8474628,1.2879174],[103.8473084,1.2876751],[103.8472659,1.2877022],[103.8474202,1.2879445]]]}},{"type":"Feature","id":172781431,"properties":{"osm_id":172781431,"name":"Unnamed building","height_m":18.0,"height_basis":"osm-height","source_id":"osm-cbd-buildings"},"geometry":{"type":"Polygon","coordinates":[[[103.8473792,1.2879707],[103.8474202,1.2879445],[103.8472659,1.2877022],[103.8472248,1.2877283],[103.8473792,1.2879707]]]}},{"type":"Feature","id":172781432,"properties":{"osm_id":172781432,"name":"Unnamed building","height_m":18.0,"height_basis":"osm-height","source_id":"osm-cbd-buildings"},"geometry":{"type":"Polygon","coordinates":[[[103.8473401,1.2879955],[103.8473792,1.2879707],[103.8472248,1.2877283],[103.8471858,1.2877531],[103.8473401,1.2879955]]]}},{"type":"Feature","id":172781433,"properties":{"osm_id":172781433,"name":"Unnamed building","height_m":18.0,"height_basis":"osm-height","source_id":"osm-cbd-buildings"},"geometry":{"type":"Polygon","coordinates":[[[103.8472977,1.2880225],[103.8473401,1.2879955],[103.8471858,1.2877531],[103.8471434,1.2877801],[103.8472977,1.2880225]]]}},{"type":"Feature","id":172781435,"properties":{"osm_id":172781435,"name":"ibis Budget Hotel Clarke Quay","height_m":19.200000000000003,"height_basis":"levels-estimate","source_id":"osm-cbd-buildings"},"geometry":{"type":"Polygon","coordinates":[[[103.8471249,1.2879443],[103.847213,1.2880536],[103.8472391,1.2880578],[103.8472977,1.2880225],[103.8471434,1.2877801],[103.8470787,1.2878201],[103.8470684,1.2878506],[103.8471249,1.2879443]]]}},{"type":"Feature","id":172781436,"properties":{"osm_id":172781436,"name":"Unnamed building","height_m":18.0,"height_basis":"osm-height","source_id":"osm-cbd-buildings"},"geometry":{"type":"Polygon","coordinates":[[[103.8468974,1.2877342],[103.8469405,1.2877088],[103.8467969,1.2874652],[103.8467537,1.2874906],[103.8468974,1.2877342]]]}},{"type":"Feature","id":172781437,"properties":{"osm_id":172781437,"name":"Unnamed building","height_m":18.0,"height_basis":"osm-height","source_id":"osm-cbd-buildings"},"geometry":{"type":"Polygon","coordinates":[[[103.8469405,1.2877088],[103.8469845,1.2876804],[103.8468458,1.287435],[103.8467969,1.2874652],[103.8469405,1.2877088]]]}},{"type":"Feature","id":172781438,"properties":{"osm_id":172781438,"name":"Safra@29","height_m":18.0,"height_basis":"osm-height","source_id":"osm-cbd-buildings"},"geometry":{"type":"Polygon","coordinates":[[[103.847535,1.288265],[103.8473899,1.288039],[103.8472788,1.2881104],[103.8474239,1.2883363],[103.847535,1.288265]]]}},{"type":"Feature","id":172781439,"properties":{"osm_id":172781439,"name":"Unnamed building","height_m":18.0,"height_basis":"osm-height","source_id":"osm-cbd-buildings"},"geometry":{"type":"Polygon","coordinates":[[[103.8469845,1.2876804],[103.8470047,1.287669],[103.8470289,1.2876554],[103.84689,1.28741],[103.8468458,1.287435],[103.8469845,1.2876804]]]}},{"type":"Feature","id":172781440,"properties":{"osm_id":172781440,"name":"See Hoy Chan Equities Pte Ltd","height_m":18.0,"height_basis":"osm-height","source_id":"osm-cbd-buildings"},"geometry":{"type":"Polygon","coordinates":[[[103.847535,1.288265],[103.8475809,1.2882355],[103.8474359,1.2880095],[103.8473899,1.288039],[103.847535,1.288265]]]}},{"type":"Feature","id":172781441,"properties":{"osm_id":172781441,"name":"Unnamed building","height_m":18.0,"height_basis":"osm-height","source_id":"osm-cbd-buildings"},"geometry":{"type":"Polygon","coordinates":[[[103.8470289,1.2876554],[103.8470723,1.2876299],[103.8469344,1.2873857],[103.84689,1.28741],[103.8470289,1.2876554]]]}},{"type":"Feature","id":172781442,"properties":{"osm_id":172781442,"name":"Wing Joo Loong Ginseng Hong","height_m":18.0,"height_basis":"osm-height","source_id":"osm-cbd-buildings"},"geometry":{"type":"Polygon","coordinates":[[[103.8473903,1.2868027],[103.8473453,1.2868253],[103.8474578,1.2870387],[103.8475026,1.2870135],[103.847404,1.2868268],[103.8473903,1.2868027]]]}},{"type":"Feature","id":172781443,"properties":{"osm_id":172781443,"name":"Unnamed building","height_m":18.0,"height_basis":"osm-height","source_id":"osm-cbd-buildings"},"geometry":{"type":"Polygon","coordinates":[[[103.8475809,1.2882355],[103.8476236,1.288208],[103.8474786,1.2879821],[103.8474359,1.2880095],[103.8475809,1.2882355]]]}},{"type":"Feature","id":172781444,"properties":{"osm_id":172781444,"name":"Unnamed building","height_m":18.0,"height_basis":"osm-height","source_id":"osm-cbd-buildings"},"geometry":{"type":"Polygon","coordinates":[[[103.8470723,1.2876299],[103.8471175,1.2876033],[103.8469806,1.2873605],[103.8469344,1.2873857],[103.8470723,1.2876299]]]}},{"type":"Feature","id":172781445,"properties":{"osm_id":172781445,"name":"Unnamed building","height_m":18.0,"height_basis":"osm-height","source_id":"osm-cbd-buildings"},"geometry":{"type":"Polygon","coordinates":[[[103.8473453,1.2868253],[103.8473092,1.2868435],[103.8474212,1.2870584],[103.8474578,1.2870387],[103.8473453,1.2868253]]]}},{"type":"Feature","id":172781446,"properties":{"osm_id":172781446,"name":"Unnamed building","height_m":18.0,"height_basis":"osm-height","source_id":"osm-cbd-buildings"},"geometry":{"type":"Polygon","coordinates":[[[103.8476236,1.288208],[103.8476696,1.2881785],[103.8475245,1.2879526],[103.8474786,1.2879821],[103.8476236,1.288208]]]}},{"type":"Feature","id":172781447,"properties":{"osm_id":172781447,"name":"Unnamed building","height_m":18.0,"height_basis":"osm-height","source_id":"osm-cbd-buildings"},"geometry":{"type":"Polygon","coordinates":[[[103.8471175,1.2876033],[103.8471603,1.2875781],[103.8470248,1.2873395],[103.8469806,1.2873605],[103.8471175,1.2876033]]]}},{"type":"Feature","id":172781448,"properties":{"osm_id":172781448,"name":"Unnamed building","height_m":18.0,"height_basis":"osm-height","source_id":"osm-cbd-buildings"},"geometry":{"type":"Polygon","coordinates":[[[103.8473092,1.2868435],[103.8472569,1.2868699],[103.8473688,1.2870865],[103.8474212,1.2870584],[103.8473092,1.2868435]]]}},{"type":"Feature","id":172781449,"properties":{"osm_id":172781449,"name":"Unnamed building","height_m":18.0,"height_basis":"osm-height","source_id":"osm-cbd-buildings"},"geometry":{"type":"Polygon","coordinates":[[[103.8476696,1.2881785],[103.8477033,1.2881569],[103.8475582,1.287931],[103.8475245,1.2879526],[103.8476696,1.2881785]]]}},{"type":"Feature","id":172781451,"properties":{"osm_id":172781451,"name":"Unnamed building","height_m":18.0,"height_basis":"osm-height","source_id":"osm-cbd-buildings"},"geometry":{"type":"Polygon","coordinates":[[[103.8471603,1.2875781],[103.847204,1.2875533],[103.8470686,1.2873147],[103.8470248,1.2873395],[103.8471603,1.2875781]]]}},{"type":"Feature","id":172781452,"properties":{"osm_id":172781452,"name":"Unnamed building","height_m":18.0,"height_basis":"osm-height","source_id":"osm-cbd-buildings"},"geometry":{"type":"Polygon","coordinates":[[[103.8472569,1.2868699],[103.8472178,1.2868896],[103.8473297,1.2871076],[103.8473688,1.2870865],[103.8472569,1.2868699]]]}},{"type":"Feature","id":172781453,"properties":{"osm_id":172781453,"name":"Unnamed building","height_m":18.0,"height_basis":"osm-height","source_id":"osm-cbd-buildings"},"geometry":{"type":"Polygon","coordinates":[[[103.847204,1.2875533],[103.847248,1.2875276],[103.8471133,1.2872899],[103.8470686,1.2873147],[103.847204,1.2875533]]]}},{"type":"Feature","id":172781455,"properties":{"osm_id":172781455,"name":"Unnamed building","height_m":18.0,"height_basis":"osm-height","source_id":"osm-cbd-buildings"},"geometry":{"type":"Polygon","coordinates":[[[103.8472178,1.2868896],[103.8471707,1.2869133],[103.8472837,1.2871322],[103.8473297,1.2871076],[103.8472178,1.2868896]]]}},{"type":"Feature","id":172781457,"properties":{"osm_id":172781457,"name":"Unnamed building","height_m":18.0,"height_basis":"osm-height","source_id":"osm-cbd-buildings"},"geometry":{"type":"Polygon","coordinates":[[[103.847248,1.2875276],[103.8472877,1.287504],[103.8471527,1.2872678],[103.8471133,1.2872899],[103.847248,1.2875276]]]}},{"type":"Feature","id":172781462,"properties":{"osm_id":172781462,"name":"Unnamed building","height_m":18.0,"height_basis":"osm-height","source_id":"osm-cbd-buildings"},"geometry":{"type":"Polygon","coordinates":[[[103.8471707,1.2869133],[103.8471304,1.2869336],[103.8472468,1.2871521],[103.8472837,1.2871322],[103.8471707,1.2869133]]]}},{"type":"Feature","id":172781463,"properties":{"osm_id":172781463,"name":"Unnamed building","height_m":18.0,"height_basis":"osm-height","source_id":"osm-cbd-buildings"},"geometry":{"type":"Polygon","coordinates":[[[103.8478377,1.2880706],[103.8476927,1.2878447],[103.8475582,1.287931],[103.8477033,1.2881569],[103.8478377,1.2880706]]]}},{"type":"Feature","id":172781464,"properties":{"osm_id":172781464,"name":"Unnamed building","height_m":18.0,"height_basis":"osm-height","source_id":"osm-cbd-buildings"},"geometry":{"type":"Polygon","coordinates":[[[103.8472877,1.287504],[103.8473278,1.2874811],[103.8471927,1.2872449],[103.8471527,1.2872678],[103.8472877,1.287504]]]}},{"type":"Feature","id":172781466,"properties":{"osm_id":172781466,"name":"Unnamed building","height_m":18.0,"height_basis":"osm-height","source_id":"osm-cbd-buildings"},"geometry":{"type":"Polygon","coordinates":[[[103.8471304,1.2869336],[103.8470795,1.2869592],[103.8471967,1.287179],[103.8472468,1.2871521],[103.8471304,1.2869336]]]}},{"type":"Feature","id":172781470,"properties":{"osm_id":172781470,"name":"Hui Seng Building","height_m":18.0,"height_basis":"osm-height","source_id":"osm-cbd-buildings"},"geometry":{"type":"Polygon","coordinates":[[[103.8478377,1.2880706],[103.8479129,1.2880224],[103.8477678,1.2877965],[103.8476927,1.2878447],[103.8478377,1.2880706]]]}},{"type":"Feature","id":172781471,"properties":{"osm_id":172781471,"name":"Unnamed building","height_m":18.0,"height_basis":"osm-height","source_id":"osm-cbd-buildings"},"geometry":{"type":"Polygon","coordinates":[[[103.8473278,1.2874811],[103.8473765,1.2874534],[103.8472394,1.2872202],[103.8471927,1.2872449],[103.8473278,1.2874811]]]}},{"type":"Feature","id":172781472,"properties":{"osm_id":172781472,"name":"Champion Hotel City","height_m":18.0,"height_basis":"osm-height","source_id":"osm-cbd-buildings"},"geometry":{"type":"Polygon","coordinates":[[[103.8470795,1.2869592],[103.8470334,1.2869825],[103.8471524,1.2872028],[103.8471967,1.287179],[103.8470795,1.2869592]]]}},{"type":"Feature","id":172781473,"properties":{"osm_id":172781473,"name":"Unnamed building","height_m":18.0,"height_basis":"osm-height","source_id":"osm-cbd-buildings"},"geometry":{"type":"Polygon","coordinates":[[[103.8473765,1.2874534],[103.8474193,1.2874273],[103.8472833,1.287195],[103.8472394,1.2872202],[103.8473765,1.2874534]]]}},{"type":"Feature","id":172781474,"properties":{"osm_id":172781474,"name":"Unnamed building","height_m":18.0,"height_basis":"osm-height","source_id":"osm-cbd-buildings"},"geometry":{"type":"Polygon","coordinates":[[[103.8470334,1.2869825],[103.8469876,1.2870055],[103.8471106,1.2872253],[103.8471524,1.2872028],[103.8470334,1.2869825]]]}},{"type":"Feature","id":172781475,"properties":{"osm_id":172781475,"name":"Unnamed building","height_m":18.0,"height_basis":"osm-height","source_id":"osm-cbd-buildings"},"geometry":{"type":"Polygon","coordinates":[[[103.8479129,1.2880224],[103.8479588,1.2879929],[103.8478138,1.287767],[103.8477678,1.2877965],[103.8479129,1.2880224]]]}},{"type":"Feature","id":172781476,"properties":{"osm_id":172781476,"name":"Unnamed building","height_m":18.0,"height_basis":"osm-height","source_id":"osm-cbd-buildings"},"geometry":{"type":"Polygon","coordinates":[[[103.8474193,1.2874273],[103.8474807,1.2873907],[103.847345,1.28716],[103.8472833,1.287195],[103.8474193,1.2874273]]]}},{"type":"Feature","id":172781477,"properties":{"osm_id":172781477,"name":"Habyt Clarke Quay","height_m":18.0,"height_basis":"osm-height","source_id":"osm-cbd-buildings"},"geometry":{"type":"Polygon","coordinates":[[[103.8469876,1.2870055],[103.8469393,1.2870298],[103.847063,1.2872509],[103.8471106,1.2872253],[103.8469876,1.2870055]]]}},{"type":"Feature","id":172781479,"properties":{"osm_id":172781479,"name":"Unnamed building","height_m":18.0,"height_basis":"osm-height","source_id":"osm-cbd-buildings"},"geometry":{"type":"Polygon","coordinates":[[[103.8479588,1.2879929],[103.847998,1.2879678],[103.8478529,1.2877419],[103.8478138,1.287767],[103.8479588,1.2879929]]]}},{"type":"Feature","id":172781480,"properties":{"osm_id":172781480,"name":"Unnamed building","height_m":18.0,"height_basis":"osm-height","source_id":"osm-cbd-buildings"},"geometry":{"type":"Polygon","coordinates":[[[103.8474807,1.2873907],[103.8475233,1.2873627],[103.8473913,1.287134],[103.847345,1.28716],[103.8474807,1.2873907]]]}},{"type":"Feature","id":172781481,"properties":{"osm_id":172781481,"name":"Unnamed building","height_m":18.0,"height_basis":"osm-height","source_id":"osm-cbd-buildings"},"geometry":{"type":"Polygon","coordinates":[[[103.8469393,1.2870298],[103.8468965,1.2870514],[103.8470244,1.2872716],[103.847063,1.2872509],[103.8469393,1.2870298]]]}},{"type":"Feature","id":172781482,"properties":{"osm_id":172781482,"name":"Jayleen 1918 Hotel","height_m":18.0,"height_basis":"osm-height","source_id":"osm-cbd-buildings"},"geometry":{"type":"Polygon","coordinates":[[[103.847998,1.2879678],[103.8480818,1.287914],[103.8479367,1.287688],[103.8478529,1.2877419],[103.847998,1.2879678]]]}},{"type":"Feature","id":172781483,"properties":{"osm_id":172781483,"name":"Unnamed building","height_m":18.0,"height_basis":"osm-height","source_id":"osm-cbd-buildings"},"geometry":{"type":"Polygon","coordinates":[[[103.8475233,1.2873627],[103.8475796,1.2873296],[103.8474487,1.2871021],[103.8473913,1.287134],[103.8475233,1.2873627]]]}},{"type":"Feature","id":172781484,"properties":{"osm_id":172781484,"name":"Unnamed building","height_m":18.0,"height_basis":"osm-height","source_id":"osm-cbd-buildings"},"geometry":{"type":"Polygon","coordinates":[[[103.8468965,1.2870514],[103.8468531,1.2870733],[103.846985,1.2872928],[103.8470244,1.2872716],[103.8468965,1.2870514]]]}},{"type":"Feature","id":172781485,"properties":{"osm_id":172781485,"name":"Unnamed building","height_m":18.0,"height_basis":"osm-height","source_id":"osm-cbd-buildings"},"geometry":{"type":"Polygon","coordinates":[[[103.8475796,1.2873296],[103.8476222,1.2873051],[103.8474915,1.2870777],[103.8474487,1.2871021],[103.8475796,1.2873296]]]}},{"type":"Feature","id":172781486,"properties":{"osm_id":172781486,"name":"Unnamed building","height_m":18.0,"height_basis":"osm-height","source_id":"osm-cbd-buildings"},"geometry":{"type":"Polygon","coordinates":[[[103.8468531,1.2870733],[103.846819,1.2870904],[103.8469512,1.2873109],[103.846985,1.2872928],[103.8468531,1.2870733]]]}},{"type":"Feature","id":172781487,"properties":{"osm_id":172781487,"name":"Unnamed building","height_m":18.0,"height_basis":"osm-height","source_id":"osm-cbd-buildings"},"geometry":{"type":"Polygon","coordinates":[[[103.8479367,1.287688],[103.8480818,1.287914],[103.8481595,1.2878641],[103.8480145,1.2876381],[103.8479367,1.287688]]]}},{"type":"Feature","id":172781488,"properties":{"osm_id":172781488,"name":"Unnamed building","height_m":18.0,"height_basis":"osm-height","source_id":"osm-cbd-buildings"},"geometry":{"type":"Polygon","coordinates":[[[103.8476222,1.2873051],[103.8476681,1.2872787],[103.8475377,1.2870514],[103.8474915,1.2870777],[103.8476222,1.2873051]]]}},{"type":"Feature","id":172781489,"properties":{"osm_id":172781489,"name":"Unnamed building","height_m":18.0,"height_basis":"osm-height","source_id":"osm-cbd-buildings"},"geometry":{"type":"Polygon","coordinates":[[[103.846819,1.2870904],[103.8467694,1.2871154],[103.8468962,1.2873405],[103.8469512,1.2873109],[103.846819,1.2870904]]]}},{"type":"Feature","id":172781490,"properties":{"osm_id":172781490,"name":"Unnamed building","height_m":18.0,"height_basis":"osm-height","source_id":"osm-cbd-buildings"},"geometry":{"type":"Polygon","coordinates":[[[103.8476681,1.2872787],[103.8477127,1.287253],[103.8475826,1.287026],[103.8475377,1.2870514],[103.8476681,1.2872787]]]}},{"type":"Feature","id":172781491,"properties":{"osm_id":172781491,"name":"Unnamed building","height_m":18.0,"height_basis":"osm-height","source_id":"osm-cbd-buildings"},"geometry":{"type":"Polygon","coordinates":[[[103.8467694,1.2871154],[103.8467202,1.2871402],[103.8468467,1.2873671],[103.8468962,1.2873405],[103.8467694,1.2871154]]]}},{"type":"Feature","id":172781492,"properties":{"osm_id":172781492,"name":"Unnamed building","height_m":18.0,"height_basis":"osm-height","source_id":"osm-cbd-buildings"},"geometry":{"type":"Polygon","coordinates":[[[103.8477127,1.287253],[103.8477568,1.2872275],[103.8476265,1.2870008],[103.8475826,1.287026],[103.8477127,1.287253]]]}},{"type":"Feature","id":172781493,"properties":{"osm_id":172781493,"name":"Lew Building","height_m":18.0,"height_basis":"osm-height","source_id":"osm-cbd-buildings"},"geometry":{"type":"Polygon","coordinates":[[[103.8467202,1.2871402],[103.8466818,1.2871595],[103.8468088,1.2873874],[103.8468467,1.2873671],[103.8467202,1.2871402]]]}},{"type":"Feature","id":172781494,"properties":{"osm_id":172781494,"name":"Unnamed building","height_m":18.0,"height_basis":"osm-height","source_id":"osm-cbd-buildings"},"geometry":{"type":"Polygon","coordinates":[[[103.8477568,1.2872275],[103.8478,1.2872027],[103.8476697,1.286976],[103.8476265,1.2870008],[103.8477568,1.2872275]]]}},{"type":"Feature","id":172781495,"properties":{"osm_id":172781495,"name":"Unnamed building","height_m":18.0,"height_basis":"osm-height","source_id":"osm-cbd-buildings"},"geometry":{"type":"Polygon","coordinates":[[[103.8477652,1.2873843],[103.8479196,1.2876266],[103.8480058,1.2875717],[103.8478515,1.2873294],[103.8477652,1.2873843]]]}},{"type":"Feature","id":172781496,"properties":{"osm_id":172781496,"name":"Unnamed building","height_m":18.0,"height_basis":"osm-height","source_id":"osm-cbd-buildings"},"geometry":{"type":"Polygon","coordinates":[[[103.8478764,1.2876541],[103.8479196,1.2876266],[103.8477652,1.2873843],[103.8477221,1.2874117],[103.8478764,1.2876541]]]}},{"type":"Feature","id":172781497,"properties":{"osm_id":172781497,"name":"Unnamed building","height_m":18.0,"height_basis":"osm-height","source_id":"osm-cbd-buildings"},"geometry":{"type":"Polygon","coordinates":[[[103.8478347,1.2876806],[103.8478764,1.2876541],[103.8477221,1.2874117],[103.8476804,1.2874383],[103.8478347,1.2876806]]]}},{"type":"Feature","id":172781498,"properties":{"osm_id":172781498,"name":"MMI Building","height_m":18.0,"height_basis":"osm-height","source_id":"osm-cbd-buildings"},"geometry":{"type":"Polygon","coordinates":[[[103.8478237,1.2871047],[103.8479709,1.2870205],[103.8479405,1.2869674],[103.8477933,1.2870515],[103.8478237,1.2871047]]]}},{"type":"Feature","id":172781499,"properties":{"osm_id":172781499,"name":"Unnamed building","height_m":18.0,"height_basis":"osm-height","source_id":"osm-cbd-buildings"},"geometry":{"type":"Polygon","coordinates":[[[103.8477948,1.2877061],[103.8478347,1.2876806],[103.8476804,1.2874383],[103.8476404,1.2874637],[103.8477948,1.2877061]]]}},{"type":"Feature","id":172781500,"properties":{"osm_id":172781500,"name":"Unnamed building","height_m":18.0,"height_basis":"osm-height","source_id":"osm-cbd-buildings"},"geometry":{"type":"Polygon","coordinates":[[[103.8477516,1.2877336],[103.8477948,1.2877061],[103.8476404,1.2874637],[103.8475972,1.2874912],[103.8477516,1.2877336]]]}},{"type":"Feature","id":172782333,"properties":{"osm_id":172782333,"name":"Unnamed building","height_m":10.0,"height_basis":"osm-height","source_id":"osm-cbd-buildings"},"geometry":{"type":"Polygon","coordinates":[[[103.8454087,1.281673],[103.8453486,1.2815683],[103.8453946,1.2815557],[103.8454466,1.2816473],[103.8454087,1.281673]]]}},{"type":"Feature","id":172782334,"properties":{"osm_id":172782334,"name":"Unnamed building","height_m":10.0,"height_basis":"osm-height","source_id":"osm-cbd-buildings"},"geometry":{"type":"Polygon","coordinates":[[[103.8453343,1.2812494],[103.8453698,1.2812189],[103.8454818,1.2813884],[103.8455162,1.2814467],[103.8454725,1.2814596],[103.8453343,1.2812494]]]}},{"type":"Feature","id":172782339,"properties":{"osm_id":172782339,"name":"Unnamed building","height_m":10.0,"height_basis":"osm-height","source_id":"osm-cbd-buildings"},"geometry":{"type":"Polygon","coordinates":[[[103.8453946,1.2815557],[103.8454702,1.2815311],[103.8455048,1.2815418],[103.8455325,1.2815891],[103.8454466,1.2816473],[103.8453946,1.2815557]]]}},{"type":"Feature","id":172782340,"properties":{"osm_id":172782340,"name":"Unnamed building","height_m":10.0,"height_basis":"osm-height","source_id":"osm-cbd-buildings"},"geometry":{"type":"Polygon","coordinates":[[[103.8458718,1.2824905],[103.8458949,1.2825313],[103.8460849,1.2824072],[103.846056,1.2823702],[103.8458718,1.2824905]]]}},{"type":"Feature","id":172782341,"properties":{"osm_id":172782341,"name":"Unnamed building","height_m":10.0,"height_basis":"osm-height","source_id":"osm-cbd-buildings"},"geometry":{"type":"Polygon","coordinates":[[[103.8452389,1.2813333],[103.8452634,1.2813103],[103.8453734,1.2814894],[103.8453262,1.2815039],[103.8453074,1.2814741],[103.8452407,1.2813684],[103.8452389,1.2813333]]]}},{"type":"Feature","id":172782343,"properties":{"osm_id":172782343,"name":"Unnamed building","height_m":10.0,"height_basis":"osm-height","source_id":"osm-cbd-buildings"},"geometry":{"type":"Polygon","coordinates":[[[103.8458486,1.2824496],[103.8458718,1.2824905],[103.846056,1.2823702],[103.8460302,1.2823301],[103.8458486,1.2824496]]]}},{"type":"Feature","id":172782345,"properties":{"osm_id":172782345,"name":"Unnamed building","height_m":10.0,"height_basis":"osm-height","source_id":"osm-cbd-buildings"},"geometry":{"type":"Polygon","coordinates":[[[103.8458254,1.2824141],[103.8458486,1.2824496],[103.8460302,1.2823301],[103.8460069,1.2822979],[103.8458254,1.2824141]]]}},{"type":"Feature","id":172782352,"properties":{"osm_id":172782352,"name":"Unnamed building","height_m":10.0,"height_basis":"osm-height","source_id":"osm-cbd-buildings"},"geometry":{"type":"Polygon","coordinates":[[[103.8458047,1.2823819],[103.8458254,1.2824141],[103.8460069,1.2822979],[103.8459774,1.2822614],[103.8458047,1.2823819]]]}},{"type":"Feature","id":172782354,"properties":{"osm_id":172782354,"name":"Unnamed building","height_m":10.0,"height_basis":"osm-height","source_id":"osm-cbd-buildings"},"geometry":{"type":"Polygon","coordinates":[[[103.8457798,1.2823421],[103.8458047,1.2823819],[103.8459774,1.2822614],[103.8459478,1.2822248],[103.8457798,1.2823421]]]}},{"type":"Feature","id":172782356,"properties":{"osm_id":172782356,"name":"Unnamed building","height_m":10.0,"height_basis":"osm-height","source_id":"osm-cbd-buildings"},"geometry":{"type":"Polygon","coordinates":[[[103.8457521,1.282293],[103.8457798,1.2823421],[103.8459478,1.2822248],[103.8459218,1.2821831],[103.8457521,1.282293]]]}},{"type":"Feature","id":172782358,"properties":{"osm_id":172782358,"name":"Unnamed building","height_m":10.0,"height_basis":"osm-height","source_id":"osm-cbd-buildings"},"geometry":{"type":"Polygon","coordinates":[[[103.8457305,1.2822483],[103.8457521,1.282293],[103.8459218,1.2821831],[103.8458956,1.2821441],[103.8457305,1.2822483]]]}},{"type":"Feature","id":172782364,"properties":{"osm_id":172782364,"name":"Unnamed building","height_m":10.0,"height_basis":"osm-height","source_id":"osm-cbd-buildings"},"geometry":{"type":"Polygon","coordinates":[[[103.8457051,1.2822067],[103.8457305,1.2822483],[103.8458956,1.2821441],[103.8458695,1.2821051],[103.8457051,1.2822067]]]}},{"type":"Feature","id":172782366,"properties":{"osm_id":172782366,"name":"Unnamed building","height_m":10.0,"height_basis":"osm-height","source_id":"osm-cbd-buildings"},"geometry":{"type":"Polygon","coordinates":[[[103.8456849,1.2821755],[103.8457051,1.2822067],[103.8458695,1.2821051],[103.8458455,1.2820685],[103.8456849,1.2821755]]]}},{"type":"Feature","id":172782369,"properties":{"osm_id":172782369,"name":"Unnamed building","height_m":10.0,"height_basis":"osm-height","source_id":"osm-cbd-buildings"},"geometry":{"type":"Polygon","coordinates":[[[103.8456641,1.2821334],[103.8456849,1.2821755],[103.8458455,1.2820685],[103.8458185,1.2820307],[103.8456641,1.2821334]]]}},{"type":"Feature","id":172782371,"properties":{"osm_id":172782371,"name":"Unnamed building","height_m":10.0,"height_basis":"osm-height","source_id":"osm-cbd-buildings"},"geometry":{"type":"Polygon","coordinates":[[[103.845648,1.2820958],[103.8456641,1.2821334],[103.8458185,1.2820307],[103.8457961,1.2819983],[103.845648,1.2820958]]]}},{"type":"Feature","id":172782373,"properties":{"osm_id":172782373,"name":"Unnamed building","height_m":10.0,"height_basis":"osm-height","source_id":"osm-cbd-buildings"},"geometry":{"type":"Polygon","coordinates":[[[103.8452634,1.2813103],[103.8452988,1.2812798],[103.8454208,1.2814733],[103.8453734,1.2814894],[103.8452634,1.2813103]]]}},{"type":"Feature","id":172782379,"properties":{"osm_id":172782379,"name":"Unnamed building","height_m":10.0,"height_basis":"osm-height","source_id":"osm-cbd-buildings"},"geometry":{"type":"Polygon","coordinates":[[[103.845624,1.2820516],[103.845648,1.2820958],[103.8457961,1.2819983],[103.8457699,1.2819543],[103.845624,1.2820516]]]}},{"type":"Feature","id":172782381,"properties":{"osm_id":172782381,"name":"Unnamed building","height_m":10.0,"height_basis":"osm-height","source_id":"osm-cbd-buildings"},"geometry":{"type":"Polygon","coordinates":[[[103.8452988,1.2812798],[103.8453343,1.2812494],[103.8454725,1.2814596],[103.8454208,1.2814733],[103.8452988,1.2812798]]]}},{"type":"Feature","id":172782383,"properties":{"osm_id":172782383,"name":"Unnamed building","height_m":10.0,"height_basis":"osm-height","source_id":"osm-cbd-buildings"},"geometry":{"type":"Polygon","coordinates":[[[103.8456039,1.2820176],[103.845624,1.2820516],[103.8457699,1.2819543],[103.8457437,1.2819181],[103.8456039,1.2820176]]]}},{"type":"Feature","id":172782384,"properties":{"osm_id":172782384,"name":"Unnamed building","height_m":10.0,"height_basis":"osm-height","source_id":"osm-cbd-buildings"},"geometry":{"type":"Polygon","coordinates":[[[103.8455823,1.2819775],[103.8456039,1.2820176],[103.8457437,1.2819181],[103.8457228,1.2818833],[103.8455823,1.2819775]]]}},{"type":"Feature","id":172782389,"properties":{"osm_id":172782389,"name":"Unnamed building","height_m":10.0,"height_basis":"osm-height","source_id":"osm-cbd-buildings"},"geometry":{"type":"Polygon","coordinates":[[[103.8455637,1.281942],[103.8455823,1.2819775],[103.8457228,1.2818833],[103.8456996,1.2818532],[103.8455637,1.281942]]]}},{"type":"Feature","id":172782391,"properties":{"osm_id":172782391,"name":"Unnamed building","height_m":10.0,"height_basis":"osm-height","source_id":"osm-cbd-buildings"},"geometry":{"type":"Polygon","coordinates":[[[103.8455429,1.2819058],[103.8455637,1.281942],[103.8456996,1.2818532],[103.8456786,1.2818136],[103.8455429,1.2819058]]]}},{"type":"Feature","id":172782393,"properties":{"osm_id":172782393,"name":"Unnamed building","height_m":10.0,"height_basis":"osm-height","source_id":"osm-cbd-buildings"},"geometry":{"type":"Polygon","coordinates":[[[103.845512,1.2818511],[103.8455429,1.2819058],[103.8456786,1.2818136],[103.845652,1.2817682],[103.845512,1.2818511]]]}},{"type":"Feature","id":172782395,"properties":{"osm_id":172782395,"name":"Unnamed building","height_m":6.4,"height_basis":"levels-estimate","source_id":"osm-cbd-buildings"},"geometry":{"type":"Polygon","coordinates":[[[103.8454873,1.2818071],[103.845512,1.2818511],[103.845652,1.2817682],[103.84562,1.2817198],[103.8454873,1.2818071]]]}},{"type":"Feature","id":172782396,"properties":{"osm_id":172782396,"name":"Unnamed building","height_m":10.0,"height_basis":"osm-height","source_id":"osm-cbd-buildings"},"geometry":{"type":"Polygon","coordinates":[[[103.845455,1.2817548],[103.8454873,1.2818071],[103.84562,1.2817198],[103.8455842,1.2816675],[103.845455,1.2817548]]]}},{"type":"Feature","id":172782400,"properties":{"osm_id":172782400,"name":"Unnamed building","height_m":10.0,"height_basis":"osm-height","source_id":"osm-cbd-buildings"},"geometry":{"type":"Polygon","coordinates":[[[103.8454318,1.2817139],[103.845455,1.2817548],[103.8455842,1.2816675],[103.8455583,1.2816283],[103.8454318,1.2817139]]]}},{"type":"Feature","id":172782403,"properties":{"osm_id":172782403,"name":"Unnamed building","height_m":10.0,"height_basis":"osm-height","source_id":"osm-cbd-buildings"},"geometry":{"type":"Polygon","coordinates":[[[103.8454087,1.281673],[103.8454318,1.2817139],[103.8455583,1.2816283],[103.8455325,1.2815891],[103.8454466,1.2816473],[103.8454087,1.281673]]]}},{"type":"Feature","id":172892179,"properties":{"osm_id":172892179,"name":"Unnamed building","height_m":10.0,"height_basis":"osm-height","source_id":"osm-cbd-buildings"},"geometry":{"type":"Polygon","coordinates":[[[103.8457651,1.2811634],[103.84574,1.2812018],[103.8458975,1.281313],[103.8459288,1.2812795],[103.8457651,1.2811634]]]}},{"type":"Feature","id":172892180,"properties":{"osm_id":172892180,"name":"Unnamed building","height_m":10.0,"height_basis":"osm-height","source_id":"osm-cbd-buildings"},"geometry":{"type":"Polygon","coordinates":[[[103.8455778,1.2806793],[103.8455612,1.2807295],[103.8453594,1.280654],[103.8453731,1.2806118],[103.8455778,1.2806793]]]}},{"type":"Feature","id":172892184,"properties":{"osm_id":172892184,"name":"Unnamed building","height_m":10.0,"height_basis":"osm-height","source_id":"osm-cbd-buildings"},"geometry":{"type":"Polygon","coordinates":[[[103.8457888,1.281128],[103.8457651,1.2811634],[103.8459288,1.2812795],[103.8459668,1.2812498],[103.8457888,1.281128]]]}},{"type":"Feature","id":172892186,"properties":{"osm_id":172892186,"name":"Unnamed building","height_m":10.0,"height_basis":"osm-height","source_id":"osm-cbd-buildings"},"geometry":{"type":"Polygon","coordinates":[[[103.8455612,1.2807295],[103.8455482,1.2807733],[103.8453446,1.2806982],[103.8453594,1.280654],[103.8455612,1.2807295]]]}},{"type":"Feature","id":172892190,"properties":{"osm_id":172892190,"name":"Unnamed building","height_m":10.0,"height_basis":"osm-height","source_id":"osm-cbd-buildings"},"geometry":{"type":"Polygon","coordinates":[[[103.845581,1.2812584],[103.8456061,1.2812146],[103.8454519,1.2811081],[103.8454262,1.2811517],[103.845581,1.2812584]]]}},{"type":"Feature","id":172892195,"properties":{"osm_id":172892195,"name":"Unnamed building","height_m":9.600000000000001,"height_basis":"levels-estimate","source_id":"osm-cbd-buildings"},"geometry":{"type":"Polygon","coordinates":[[[103.8458144,1.28109],[103.8457888,1.281128],[103.8459668,1.2812498],[103.8459931,1.2812162],[103.8458144,1.28109]]]}},{"type":"Feature","id":172892196,"properties":{"osm_id":172892196,"name":"Unnamed building","height_m":10.0,"height_basis":"osm-height","source_id":"osm-cbd-buildings"},"geometry":{"type":"Polygon","coordinates":[[[103.8455482,1.2807733],[103.8455295,1.2808207],[103.8453299,1.2807423],[103.8453446,1.2806982],[103.8455482,1.2807733]]]}},{"type":"Feature","id":172892197,"properties":{"osm_id":172892197,"name":"Unnamed building","height_m":10.0,"height_basis":"osm-height","source_id":"osm-cbd-buildings"},"geometry":{"type":"Polygon","coordinates":[[[103.8456061,1.2812146],[103.8456364,1.2811705],[103.84548,1.2810702],[103.8454519,1.2811081],[103.8456061,1.2812146]]]}},{"type":"Feature","id":172892201,"properties":{"osm_id":172892201,"name":"Unnamed building","height_m":10.0,"height_basis":"osm-height","source_id":"osm-cbd-buildings"},"geometry":{"type":"Polygon","coordinates":[[[103.8458401,1.2810519],[103.8458144,1.28109],[103.8459931,1.2812162],[103.8460189,1.2811785],[103.8458401,1.2810519]]]}},{"type":"Feature","id":172892202,"properties":{"osm_id":172892202,"name":"Unnamed building","height_m":10.0,"height_basis":"osm-height","source_id":"osm-cbd-buildings"},"geometry":{"type":"Polygon","coordinates":[[[103.8455295,1.2808207],[103.8455148,1.2808658],[103.8453151,1.2807865],[103.8453299,1.2807423],[103.8455295,1.2808207]]]}},{"type":"Feature","id":172892203,"properties":{"osm_id":172892203,"name":"Unnamed building","height_m":10.0,"height_basis":"osm-height","source_id":"osm-cbd-buildings"},"geometry":{"type":"Polygon","coordinates":[[[103.8456364,1.2811705],[103.8456667,1.2811263],[103.8454924,1.2810145],[103.8454816,1.2810359],[103.84548,1.2810702],[103.8456364,1.2811705]]]}},{"type":"Feature","id":172892205,"properties":{"osm_id":172892205,"name":"Unnamed building","height_m":10.0,"height_basis":"osm-height","source_id":"osm-cbd-buildings"},"geometry":{"type":"Polygon","coordinates":[[[103.8458608,1.2810165],[103.8458401,1.2810519],[103.8460189,1.2811785],[103.8460438,1.2811437],[103.8458608,1.2810165]]]}},{"type":"Feature","id":172892206,"properties":{"osm_id":172892206,"name":"Unnamed building","height_m":10.0,"height_basis":"osm-height","source_id":"osm-cbd-buildings"},"geometry":{"type":"Polygon","coordinates":[[[103.8455148,1.2808658],[103.8454928,1.2809147],[103.8453003,1.2808308],[103.8453151,1.2807865],[103.8455148,1.2808658]]]}},{"type":"Feature","id":172892208,"properties":{"osm_id":172892208,"name":"Unnamed building","height_m":10.0,"height_basis":"osm-height","source_id":"osm-cbd-buildings"},"geometry":{"type":"Polygon","coordinates":[[[103.8456667,1.2811263],[103.8456969,1.2810822],[103.8455158,1.2809612],[103.8454924,1.2810145],[103.8456667,1.2811263]]]}},{"type":"Feature","id":172892210,"properties":{"osm_id":172892210,"name":"Unnamed building","height_m":10.0,"height_basis":"osm-height","source_id":"osm-cbd-buildings"},"geometry":{"type":"Polygon","coordinates":[[[103.8458859,1.2809781],[103.8458608,1.2810165],[103.8460438,1.2811437],[103.8460723,1.2811077],[103.8458859,1.2809781]]]}},{"type":"Feature","id":172892211,"properties":{"osm_id":172892211,"name":"Unnamed building","height_m":10.0,"height_basis":"osm-height","source_id":"osm-cbd-buildings"},"geometry":{"type":"Polygon","coordinates":[[[103.8454928,1.2809147],[103.8454718,1.2809671],[103.845279,1.2808709],[103.8453003,1.2808308],[103.8454928,1.2809147]]]}},{"type":"Feature","id":172892212,"properties":{"osm_id":172892212,"name":"Unnamed building","height_m":10.0,"height_basis":"osm-height","source_id":"osm-cbd-buildings"},"geometry":{"type":"Polygon","coordinates":[[[103.8456969,1.2810822],[103.8457307,1.2810332],[103.8455415,1.2809106],[103.8455158,1.2809612],[103.8456969,1.2810822]]]}},{"type":"Feature","id":172892214,"properties":{"osm_id":172892214,"name":"Unnamed building","height_m":10.0,"height_basis":"osm-height","source_id":"osm-cbd-buildings"},"geometry":{"type":"Polygon","coordinates":[[[103.8459109,1.2809396],[103.8458859,1.2809781],[103.8460723,1.2811077],[103.8461007,1.2810716],[103.8459109,1.2809396]]]}},{"type":"Feature","id":172892215,"properties":{"osm_id":172892215,"name":"Unnamed building","height_m":10.0,"height_basis":"osm-height","source_id":"osm-cbd-buildings"},"geometry":{"type":"Polygon","coordinates":[[[103.8454718,1.2809671],[103.8454535,1.2810037],[103.845258,1.2809125],[103.845279,1.2808709],[103.8454718,1.2809671]]]}},{"type":"Feature","id":172892216,"properties":{"osm_id":172892216,"name":"Unnamed building","height_m":10.0,"height_basis":"osm-height","source_id":"osm-cbd-buildings"},"geometry":{"type":"Polygon","coordinates":[[[103.8457307,1.2810332],[103.8457605,1.2809885],[103.8455658,1.2808628],[103.8455415,1.2809106],[103.8457307,1.2810332]]]}},{"type":"Feature","id":172892218,"properties":{"osm_id":172892218,"name":"Unnamed building","height_m":10.0,"height_basis":"osm-height","source_id":"osm-cbd-buildings"},"geometry":{"type":"Polygon","coordinates":[[[103.8459345,1.2809056],[103.8459109,1.2809396],[103.8461007,1.2810716],[103.8461252,1.2810373],[103.8459345,1.2809056]]]}},{"type":"Feature","id":172892219,"properties":{"osm_id":172892219,"name":"Unnamed building","height_m":10.0,"height_basis":"osm-height","source_id":"osm-cbd-buildings"},"geometry":{"type":"Polygon","coordinates":[[[103.8454535,1.2810037],[103.8454327,1.2810469],[103.8452341,1.2809537],[103.845258,1.2809125],[103.8454535,1.2810037]]]}},{"type":"Feature","id":172892220,"properties":{"osm_id":172892220,"name":"Unnamed building","height_m":10.0,"height_basis":"osm-height","source_id":"osm-cbd-buildings"},"geometry":{"type":"Polygon","coordinates":[[[103.8457605,1.2809885],[103.8457943,1.2809391],[103.8455907,1.2808088],[103.8455658,1.2808628],[103.8457605,1.2809885]]]}},{"type":"Feature","id":172892222,"properties":{"osm_id":172892222,"name":"Unnamed building","height_m":10.0,"height_basis":"osm-height","source_id":"osm-cbd-buildings"},"geometry":{"type":"Polygon","coordinates":[[[103.8459596,1.2808672],[103.8459345,1.2809056],[103.8461252,1.2810373],[103.8461481,1.2809975],[103.8459596,1.2808672]]]}},{"type":"Feature","id":172892223,"properties":{"osm_id":172892223,"name":"Unnamed building","height_m":10.0,"height_basis":"osm-height","source_id":"osm-cbd-buildings"},"geometry":{"type":"Polygon","coordinates":[[[103.8454327,1.2810469],[103.8453417,1.2811697],[103.8452128,1.280985],[103.8452341,1.2809537],[103.8454327,1.2810469]]]}},{"type":"Feature","id":172892225,"properties":{"osm_id":172892225,"name":"Unnamed building","height_m":10.0,"height_basis":"osm-height","source_id":"osm-cbd-buildings"},"geometry":{"type":"Polygon","coordinates":[[[103.8459847,1.2808288],[103.8459596,1.2808672],[103.8461481,1.2809975],[103.846171,1.2809577],[103.8459847,1.2808288]]]}},{"type":"Feature","id":172892226,"properties":{"osm_id":172892226,"name":"Unnamed building","height_m":10.0,"height_basis":"osm-height","source_id":"osm-cbd-buildings"},"geometry":{"type":"Polygon","coordinates":[[[103.8453417,1.2811697],[103.8453045,1.2812005],[103.8451882,1.2810212],[103.8452128,1.280985],[103.8453417,1.2811697]]]}},{"type":"Feature","id":172892227,"properties":{"osm_id":172892227,"name":"Unnamed building","height_m":10.0,"height_basis":"osm-height","source_id":"osm-cbd-buildings"},"geometry":{"type":"Polygon","coordinates":[[[103.8460074,1.2807935],[103.8459847,1.2808288],[103.846171,1.2809577],[103.8461941,1.2809251],[103.8460074,1.2807935]]]}},{"type":"Feature","id":172892228,"properties":{"osm_id":172892228,"name":"Unnamed building","height_m":10.0,"height_basis":"osm-height","source_id":"osm-cbd-buildings"},"geometry":{"type":"Polygon","coordinates":[[[103.8453045,1.2812005],[103.8452665,1.2812352],[103.8451595,1.2810613],[103.8451882,1.2810212],[103.8453045,1.2812005]]]}},{"type":"Feature","id":172892230,"properties":{"osm_id":172892230,"name":"Unnamed building","height_m":10.0,"height_basis":"osm-height","source_id":"osm-cbd-buildings"},"geometry":{"type":"Polygon","coordinates":[[[103.8460324,1.280755],[103.8460074,1.2807935],[103.8461941,1.2809251],[103.8462192,1.2808867],[103.8460324,1.280755]]]}},{"type":"Feature","id":172892231,"properties":{"osm_id":172892231,"name":"Unnamed building","height_m":10.0,"height_basis":"osm-height","source_id":"osm-cbd-buildings"},"geometry":{"type":"Polygon","coordinates":[[[103.8452665,1.2812352],[103.845229,1.281266],[103.8451294,1.281103],[103.8451595,1.2810613],[103.8452665,1.2812352]]]}},{"type":"Feature","id":172892233,"properties":{"osm_id":172892233,"name":"Unnamed building","height_m":10.0,"height_basis":"osm-height","source_id":"osm-cbd-buildings"},"geometry":{"type":"Polygon","coordinates":[[[103.8460553,1.280722],[103.8460324,1.280755],[103.8462192,1.2808867],[103.8462443,1.2808482],[103.8460553,1.280722]]]}},{"type":"Feature","id":172892234,"properties":{"osm_id":172892234,"name":"Unnamed building","height_m":10.0,"height_basis":"osm-height","source_id":"osm-cbd-buildings"},"geometry":{"type":"Polygon","coordinates":[[[103.845229,1.281266],[103.8451871,1.2813002],[103.8451003,1.2811461],[103.8451294,1.281103],[103.845229,1.281266]]]}},{"type":"Feature","id":172892236,"properties":{"osm_id":172892236,"name":"Unnamed building","height_m":10.0,"height_basis":"osm-height","source_id":"osm-cbd-buildings"},"geometry":{"type":"Polygon","coordinates":[[[103.8460804,1.2806836],[103.8460553,1.280722],[103.8462443,1.2808482],[103.8462694,1.2808098],[103.8460804,1.2806836]]]}},{"type":"Feature","id":172892238,"properties":{"osm_id":172892238,"name":"Unnamed building","height_m":10.0,"height_basis":"osm-height","source_id":"osm-cbd-buildings"},"geometry":{"type":"Polygon","coordinates":[[[103.8461055,1.2806452],[103.8460804,1.2806836],[103.8462694,1.2808098],[103.846293,1.2807782],[103.8461055,1.2806452]]]}},{"type":"Feature","id":172892241,"properties":{"osm_id":172892241,"name":"Unnamed building","height_m":10.0,"height_basis":"osm-height","source_id":"osm-cbd-buildings"},"geometry":{"type":"Polygon","coordinates":[[[103.8461285,1.2806095],[103.8461055,1.2806452],[103.846293,1.2807782],[103.8463069,1.2807341],[103.8461285,1.2806095]]]}},{"type":"Feature","id":172892244,"properties":{"osm_id":172892244,"name":"Unnamed building","height_m":10.0,"height_basis":"osm-height","source_id":"osm-cbd-buildings"},"geometry":{"type":"Polygon","coordinates":[[[103.8461557,1.2805683],[103.8461285,1.2806095],[103.8463069,1.2807341],[103.8463028,1.2806755],[103.8461557,1.2805683]]]}},{"type":"Feature","id":172892250,"properties":{"osm_id":172892250,"name":"Unnamed building","height_m":10.0,"height_basis":"osm-height","source_id":"osm-cbd-buildings"},"geometry":{"type":"Polygon","coordinates":[[[103.8461808,1.2805298],[103.8461557,1.2805683],[103.8463028,1.2806755],[103.8463395,1.2807063],[103.8463494,1.2806828],[103.8463434,1.2806377],[103.8461808,1.2805298]]]}},{"type":"Feature","id":172892255,"properties":{"osm_id":172892255,"name":"Unnamed building","height_m":10.0,"height_basis":"osm-height","source_id":"osm-cbd-buildings"},"geometry":{"type":"Polygon","coordinates":[[[103.8462058,1.2804914],[103.8461808,1.2805298],[103.8463434,1.2806377],[103.8463397,1.280592],[103.8462058,1.2804914]]]}},{"type":"Feature","id":172892264,"properties":{"osm_id":172892264,"name":"Unnamed building","height_m":10.0,"height_basis":"osm-height","source_id":"osm-cbd-buildings"},"geometry":{"type":"Polygon","coordinates":[[[103.845629,1.2813757],[103.8456668,1.2813994],[103.8456996,1.2813897],[103.8457305,1.2813429],[103.8457629,1.2813694],[103.8457901,1.2813618],[103.8456876,1.2812878],[103.845629,1.2813757]]]}},{"type":"Feature","id":172892297,"properties":{"osm_id":172892297,"name":"Unnamed building","height_m":10.0,"height_basis":"osm-height","source_id":"osm-cbd-buildings"},"geometry":{"type":"Polygon","coordinates":[[[103.8457149,1.2812403],[103.8456876,1.2812878],[103.8457901,1.2813618],[103.8458463,1.2813404],[103.8457149,1.2812403]]]}},{"type":"Feature","id":172892298,"properties":{"osm_id":172892298,"name":"Unnamed building","height_m":10.0,"height_basis":"osm-height","source_id":"osm-cbd-buildings"},"geometry":{"type":"Polygon","coordinates":[[[103.845618,1.2805706],[103.8455979,1.2806249],[103.8453879,1.2805677],[103.8454028,1.2805235],[103.845618,1.2805706]]]}},{"type":"Feature","id":172892311,"properties":{"osm_id":172892311,"name":"Unnamed building","height_m":10.0,"height_basis":"osm-height","source_id":"osm-cbd-buildings"},"geometry":{"type":"Polygon","coordinates":[[[103.84574,1.2812018],[103.8457149,1.2812403],[103.8458463,1.2813404],[103.8458975,1.281313],[103.84574,1.2812018]]]}},{"type":"Feature","id":172892312,"properties":{"osm_id":172892312,"name":"Unnamed building","height_m":10.0,"height_basis":"osm-height","source_id":"osm-cbd-buildings"},"geometry":{"type":"Polygon","coordinates":[[[103.8455979,1.2806249],[103.8455778,1.2806793],[103.8453731,1.2806118],[103.8453879,1.2805677],[103.8455979,1.2806249]]]}},{"type":"Feature","id":172904280,"properties":{"osm_id":172904280,"name":"Unnamed building","height_m":10.0,"height_basis":"osm-height","source_id":"osm-cbd-buildings"},"geometry":{"type":"Polygon","coordinates":[[[103.8478167,1.2818955],[103.8477825,1.2819173],[103.847664,1.2817318],[103.8476997,1.281709],[103.8478167,1.2818955]]]}},{"type":"Feature","id":172904285,"properties":{"osm_id":172904285,"name":"Unnamed building","height_m":10.0,"height_basis":"osm-height","source_id":"osm-cbd-buildings"},"geometry":{"type":"Polygon","coordinates":[[[103.8471883,1.2827199],[103.8472258,1.2827517],[103.8472962,1.2826762],[103.8472686,1.2826302],[103.8471883,1.2827199]]]}},{"type":"Feature","id":172904287,"properties":{"osm_id":172904287,"name":"Unnamed building","height_m":10.0,"height_basis":"osm-height","source_id":"osm-cbd-buildings"},"geometry":{"type":"Polygon","coordinates":[[[103.8475197,1.2798091],[103.8475423,1.2798482],[103.8475713,1.2798326],[103.8476707,1.2797725],[103.8476477,1.2797376],[103.8475733,1.2797792],[103.8475197,1.2798091]]]}},{"type":"Feature","id":172904288,"properties":{"osm_id":172904288,"name":"Unnamed building","height_m":10.0,"height_basis":"osm-height","source_id":"osm-cbd-buildings"},"geometry":{"type":"Polygon","coordinates":[[[103.8470642,1.2824816],[103.8470827,1.2824493],[103.8469014,1.2823576],[103.8468816,1.282397],[103.8470642,1.2824816]]]}},{"type":"Feature","id":172904289,"properties":{"osm_id":172904289,"name":"Unnamed building","height_m":10.0,"height_basis":"osm-height","source_id":"osm-cbd-buildings"},"geometry":{"type":"Polygon","coordinates":[[[103.84772,1.2802491],[103.8477468,1.280298],[103.8479332,1.2802004],[103.8479024,1.2801494],[103.84772,1.2802491]]]}},{"type":"Feature","id":172904291,"properties":{"osm_id":172904291,"name":"Unnamed building","height_m":10.0,"height_basis":"osm-height","source_id":"osm-cbd-buildings"},"geometry":{"type":"Polygon","coordinates":[[[103.8471651,1.2816803],[103.8471382,1.2816338],[103.8473821,1.2814962],[103.8474058,1.2815426],[103.8471651,1.2816803]]]}},{"type":"Feature","id":172904292,"properties":{"osm_id":172904292,"name":"Unnamed building","height_m":10.0,"height_basis":"osm-height","source_id":"osm-cbd-buildings"},"geometry":{"type":"Polygon","coordinates":[[[103.8471925,1.2817298],[103.8471651,1.2816803],[103.8474058,1.2815426],[103.8474279,1.2815789],[103.8471925,1.2817298]]]}},{"type":"Feature","id":172904294,"properties":{"osm_id":172904294,"name":"Unnamed building","height_m":10.0,"height_basis":"osm-height","source_id":"osm-cbd-buildings"},"geometry":{"type":"Polygon","coordinates":[[[103.8484059,1.2818974],[103.8483815,1.281857],[103.8486298,1.2817154],[103.8486389,1.2817399],[103.8486351,1.2817649],[103.8484059,1.2818974]]]}},{"type":"Feature","id":172904296,"properties":{"osm_id":172904296,"name":"Unnamed building","height_m":10.0,"height_basis":"osm-height","source_id":"osm-cbd-buildings"},"geometry":{"type":"Polygon","coordinates":[[[103.8472177,1.2817699],[103.8471925,1.2817298],[103.8474279,1.2815789],[103.8474555,1.2816264],[103.8472177,1.2817699]]]}},{"type":"Feature","id":172904298,"properties":{"osm_id":172904298,"name":"Unnamed building","height_m":10.0,"height_basis":"osm-height","source_id":"osm-cbd-buildings"},"geometry":{"type":"Polygon","coordinates":[[[103.847244,1.2818233],[103.8472177,1.2817699],[103.8474555,1.2816264],[103.8474765,1.2816672],[103.847244,1.2818233]]]}},{"type":"Feature","id":172904300,"properties":{"osm_id":172904300,"name":"Unnamed building","height_m":10.0,"height_basis":"osm-height","source_id":"osm-cbd-buildings"},"geometry":{"type":"Polygon","coordinates":[[[103.8483815,1.281857],[103.8483572,1.2818165],[103.8486061,1.2816766],[103.8486298,1.2817154],[103.8483815,1.281857]]]}},{"type":"Feature","id":172904301,"properties":{"osm_id":172904301,"name":"Unnamed building","height_m":10.0,"height_basis":"osm-height","source_id":"osm-cbd-buildings"},"geometry":{"type":"Polygon","coordinates":[[[103.8472641,1.2818586],[103.847244,1.2818233],[103.8474765,1.2816672],[103.847503,1.2817085],[103.8472641,1.2818586]]]}},{"type":"Feature","id":172904302,"properties":{"osm_id":172904302,"name":"Unnamed building","height_m":10.0,"height_basis":"osm-height","source_id":"osm-cbd-buildings"},"geometry":{"type":"Polygon","coordinates":[[[103.8472842,1.2819006],[103.8472641,1.2818586],[103.847503,1.2817085],[103.8475318,1.2817498],[103.8472842,1.2819006]]]}},{"type":"Feature","id":172904304,"properties":{"osm_id":172904304,"name":"Unnamed building","height_m":10.0,"height_basis":"osm-height","source_id":"osm-cbd-buildings"},"geometry":{"type":"Polygon","coordinates":[[[103.8483572,1.2818165],[103.8483329,1.2817761],[103.8485824,1.2816377],[103.8486061,1.2816766],[103.8483572,1.2818165]]]}},{"type":"Feature","id":172904306,"properties":{"osm_id":172904306,"name":"Unnamed building","height_m":10.0,"height_basis":"osm-height","source_id":"osm-cbd-buildings"},"geometry":{"type":"Polygon","coordinates":[[[103.8473066,1.2819465],[103.8472842,1.2819006],[103.8475318,1.2817498],[103.84756,1.2817912],[103.8473066,1.2819465]]]}},{"type":"Feature","id":172904312,"properties":{"osm_id":172904312,"name":"Unnamed building","height_m":10.0,"height_basis":"osm-height","source_id":"osm-cbd-buildings"},"geometry":{"type":"Polygon","coordinates":[[[103.8473261,1.2819946],[103.8473066,1.2819465],[103.84756,1.2817912],[103.8475871,1.2818314],[103.8473261,1.2819946]]]}},{"type":"Feature","id":172904314,"properties":{"osm_id":172904314,"name":"Unnamed building","height_m":10.0,"height_basis":"osm-height","source_id":"osm-cbd-buildings"},"geometry":{"type":"Polygon","coordinates":[[[103.8483329,1.2817761],[103.8483086,1.2817357],[103.8485587,1.2815989],[103.8485824,1.2816377],[103.8483329,1.2817761]]]}},{"type":"Feature","id":172904315,"properties":{"osm_id":172904315,"name":"Unnamed building","height_m":10.0,"height_basis":"osm-height","source_id":"osm-cbd-buildings"},"geometry":{"type":"Polygon","coordinates":[[[103.8473446,1.2820389],[103.8473261,1.2819946],[103.8475871,1.2818314],[103.8476175,1.2818755],[103.8473446,1.2820389]]]}},{"type":"Feature","id":172904316,"properties":{"osm_id":172904316,"name":"Unnamed building","height_m":10.0,"height_basis":"osm-height","source_id":"osm-cbd-buildings"},"geometry":{"type":"Polygon","coordinates":[[[103.8473692,1.2820915],[103.8473446,1.2820389],[103.8476175,1.2818755],[103.8476502,1.2819264],[103.8473692,1.2820915]]]}},{"type":"Feature","id":172904317,"properties":{"osm_id":172904317,"name":"Unnamed building","height_m":10.0,"height_basis":"osm-height","source_id":"osm-cbd-buildings"},"geometry":{"type":"Polygon","coordinates":[[[103.8483086,1.2817357],[103.8482848,1.2816979],[103.8484668,1.2815934],[103.8485136,1.2815665],[103.8485339,1.2815578],[103.8485587,1.2815989],[103.8483086,1.2817357]]]}},{"type":"Feature","id":172904321,"properties":{"osm_id":172904321,"name":"Unnamed building","height_m":10.0,"height_basis":"osm-height","source_id":"osm-cbd-buildings"},"geometry":{"type":"Polygon","coordinates":[[[103.8482939,1.2814013],[103.8482528,1.2814249],[103.8483068,1.2815188],[103.8483479,1.2814953],[103.8482939,1.2814013]]]}},{"type":"Feature","id":172904325,"properties":{"osm_id":172904325,"name":"Unnamed building","height_m":12,"height_basis":"illustrative-default","source_id":"osm-cbd-buildings"},"geometry":{"type":"Polygon","coordinates":[[[103.8468338,1.2825945],[103.8468751,1.2826112],[103.8469039,1.2825531],[103.8469256,1.2825105],[103.8468858,1.2824906],[103.8468338,1.2825945]]]}},{"type":"Feature","id":172904326,"properties":{"osm_id":172904326,"name":"Unnamed building","height_m":10.0,"height_basis":"osm-height","source_id":"osm-cbd-buildings"},"geometry":{"type":"Polygon","coordinates":[[[103.8477468,1.280298],[103.8477733,1.2803457],[103.84796,1.2802464],[103.8479332,1.2802004],[103.8477468,1.280298]]]}},{"type":"Feature","id":172904327,"properties":{"osm_id":172904327,"name":"Unnamed building","height_m":10.0,"height_basis":"osm-height","source_id":"osm-cbd-buildings"},"geometry":{"type":"Polygon","coordinates":[[[103.8473906,1.2821359],[103.8473692,1.2820915],[103.8476502,1.2819264],[103.8476762,1.2819688],[103.8473906,1.2821359]]]}},{"type":"Feature","id":172904328,"properties":{"osm_id":172904328,"name":"Unnamed building","height_m":6.4,"height_basis":"levels-estimate","source_id":"osm-cbd-buildings"},"geometry":{"type":"Polygon","coordinates":[[[103.848178,1.2821807],[103.8481621,1.282156],[103.8483099,1.2820647],[103.848328,1.2820913],[103.848178,1.2821807]]]}},{"type":"Feature","id":172904331,"properties":{"osm_id":172904331,"name":"Unnamed building","height_m":10.0,"height_basis":"osm-height","source_id":"osm-cbd-buildings"},"geometry":{"type":"Polygon","coordinates":[[[103.8474143,1.2821792],[103.8473906,1.2821359],[103.8476762,1.2819688],[103.8477021,1.2820113],[103.8474143,1.2821792]]]}},{"type":"Feature","id":172904333,"properties":{"osm_id":172904333,"name":"Unnamed building","height_m":10.0,"height_basis":"osm-height","source_id":"osm-cbd-buildings"},"geometry":{"type":"Polygon","coordinates":[[[103.8482848,1.2816979],[103.8482603,1.2816553],[103.8484424,1.2815509],[103.8484668,1.2815934],[103.8482848,1.2816979]]]}},{"type":"Feature","id":172904335,"properties":{"osm_id":172904335,"name":"Unnamed building","height_m":10.0,"height_basis":"osm-height","source_id":"osm-cbd-buildings"},"geometry":{"type":"Polygon","coordinates":[[[103.847438,1.2822225],[103.8474143,1.2821792],[103.8477021,1.2820113],[103.8477253,1.2820504],[103.847438,1.2822225]]]}},{"type":"Feature","id":172904338,"properties":{"osm_id":172904338,"name":"Unnamed building","height_m":10.0,"height_basis":"osm-height","source_id":"osm-cbd-buildings"},"geometry":{"type":"Polygon","coordinates":[[[103.8481621,1.282156],[103.8481425,1.2821343],[103.8482912,1.2820365],[103.8483099,1.2820647],[103.8481621,1.282156]]]}},{"type":"Feature","id":172904339,"properties":{"osm_id":172904339,"name":"Unnamed building","height_m":10.0,"height_basis":"osm-height","source_id":"osm-cbd-buildings"},"geometry":{"type":"Polygon","coordinates":[[[103.8474616,1.2822658],[103.847438,1.2822225],[103.8477253,1.2820504],[103.8477518,1.282094],[103.8474616,1.2822658]]]}},{"type":"Feature","id":172904340,"properties":{"osm_id":172904340,"name":"Unnamed building","height_m":10.0,"height_basis":"osm-height","source_id":"osm-cbd-buildings"},"geometry":{"type":"Polygon","coordinates":[[[103.8482603,1.2816553],[103.8482375,1.2816155],[103.8484195,1.281511],[103.8484424,1.2815509],[103.8482603,1.2816553]]]}},{"type":"Feature","id":172904341,"properties":{"osm_id":172904341,"name":"Unnamed building","height_m":10.0,"height_basis":"osm-height","source_id":"osm-cbd-buildings"},"geometry":{"type":"Polygon","coordinates":[[[103.8474898,1.2823141],[103.8474616,1.2822658],[103.8477518,1.282094],[103.8477801,1.2821387],[103.8474898,1.2823141]]]}},{"type":"Feature","id":172904343,"properties":{"osm_id":172904343,"name":"Unnamed building","height_m":10.0,"height_basis":"osm-height","source_id":"osm-cbd-buildings"},"geometry":{"type":"Polygon","coordinates":[[[103.8481425,1.2821343],[103.8480928,1.2821163],[103.8482719,1.2820032],[103.8482912,1.2820365],[103.8481425,1.2821343]]]}},{"type":"Feature","id":172904345,"properties":{"osm_id":172904345,"name":"Unnamed building","height_m":10.0,"height_basis":"osm-height","source_id":"osm-cbd-buildings"},"geometry":{"type":"Polygon","coordinates":[[[103.847509,1.2823523],[103.8474898,1.2823141],[103.8477801,1.2821387],[103.847806,1.2821811],[103.847509,1.2823523]]]}},{"type":"Feature","id":172904346,"properties":{"osm_id":172904346,"name":"Unnamed building","height_m":10.0,"height_basis":"osm-height","source_id":"osm-cbd-buildings"},"geometry":{"type":"Polygon","coordinates":[[[103.8482375,1.2816155],[103.8482129,1.2815727],[103.8482658,1.2815423],[103.8483068,1.2815188],[103.8483479,1.2814953],[103.8483949,1.2814682],[103.8484195,1.281511],[103.8482375,1.2816155]]]}},{"type":"Feature","id":172904350,"properties":{"osm_id":172904350,"name":"Unnamed building","height_m":10.0,"height_basis":"osm-height","source_id":"osm-cbd-buildings"},"geometry":{"type":"Polygon","coordinates":[[[103.8475584,1.2823811],[103.8475257,1.2823771],[103.847509,1.2823523],[103.847806,1.2821811],[103.847832,1.2822236],[103.8477619,1.2822657],[103.8475584,1.2823811]]]}},{"type":"Feature","id":172904351,"properties":{"osm_id":172904351,"name":"Unnamed building","height_m":10.0,"height_basis":"osm-height","source_id":"osm-cbd-buildings"},"geometry":{"type":"Polygon","coordinates":[[[103.8480928,1.2821163],[103.8480728,1.2820852],[103.8482544,1.2819694],[103.8482719,1.2820032],[103.8480928,1.2821163]]]}},{"type":"Feature","id":172904352,"properties":{"osm_id":172904352,"name":"Unnamed building","height_m":10.0,"height_basis":"osm-height","source_id":"osm-cbd-buildings"},"geometry":{"type":"Polygon","coordinates":[[[103.848058,1.2813742],[103.8480307,1.2813279],[103.8482285,1.2812112],[103.8482558,1.2812575],[103.848058,1.2813742]]]}},{"type":"Feature","id":172904354,"properties":{"osm_id":172904354,"name":"Unnamed building","height_m":10.0,"height_basis":"osm-height","source_id":"osm-cbd-buildings"},"geometry":{"type":"Polygon","coordinates":[[[103.8480728,1.2820852],[103.8480522,1.2820468],[103.8482357,1.2819305],[103.8482544,1.2819694],[103.8480728,1.2820852]]]}},{"type":"Feature","id":172904355,"properties":{"osm_id":172904355,"name":"Unnamed building","height_m":10.0,"height_basis":"osm-height","source_id":"osm-cbd-buildings"},"geometry":{"type":"Polygon","coordinates":[[[103.8480307,1.2813279],[103.8480068,1.2812874],[103.8482046,1.2811707],[103.8482285,1.2812112],[103.8480307,1.2813279]]]}},{"type":"Feature","id":172904356,"properties":{"osm_id":172904356,"name":"Unnamed building","height_m":6.4,"height_basis":"levels-estimate","source_id":"osm-cbd-buildings"},"geometry":{"type":"Polygon","coordinates":[[[103.8470827,1.2824493],[103.847105,1.2824112],[103.8469291,1.2823218],[103.8469213,1.2823179],[103.8469178,1.2823248],[103.8469014,1.2823576],[103.8470827,1.2824493]]]}},{"type":"Feature","id":172904357,"properties":{"osm_id":172904357,"name":"Unnamed building","height_m":10.0,"height_basis":"osm-height","source_id":"osm-cbd-buildings"},"geometry":{"type":"Polygon","coordinates":[[[103.8477733,1.2803457],[103.8478015,1.2803939],[103.8479869,1.2802924],[103.84796,1.2802464],[103.8477733,1.2803457]]]}},{"type":"Feature","id":172904358,"properties":{"osm_id":172904358,"name":"Unnamed building","height_m":10.0,"height_basis":"osm-height","source_id":"osm-cbd-buildings"},"geometry":{"type":"Polygon","coordinates":[[[103.8480522,1.2820468],[103.8480294,1.282009],[103.8482125,1.2818933],[103.8482357,1.2819305],[103.8480522,1.2820468]]]}},{"type":"Feature","id":172904359,"properties":{"osm_id":172904359,"name":"Unnamed building","height_m":10.0,"height_basis":"osm-height","source_id":"osm-cbd-buildings"},"geometry":{"type":"Polygon","coordinates":[[[103.8480068,1.2812874],[103.8479809,1.2812436],[103.8481788,1.2811269],[103.8482046,1.2811707],[103.8480068,1.2812874]]]}},{"type":"Feature","id":172904360,"properties":{"osm_id":172904360,"name":"Unnamed building","height_m":10.0,"height_basis":"osm-height","source_id":"osm-cbd-buildings"},"geometry":{"type":"Polygon","coordinates":[[[103.8480294,1.282009],[103.8480066,1.2819712],[103.8481893,1.2818561],[103.8482125,1.2818933],[103.8480294,1.282009]]]}},{"type":"Feature","id":172904361,"properties":{"osm_id":172904361,"name":"Unnamed building","height_m":10.0,"height_basis":"osm-height","source_id":"osm-cbd-buildings"},"geometry":{"type":"Polygon","coordinates":[[[103.8479809,1.2812436],[103.8479516,1.2811939],[103.8481494,1.2810772],[103.8481788,1.2811269],[103.8479809,1.2812436]]]}},{"type":"Feature","id":172904362,"properties":{"osm_id":172904362,"name":"Unnamed building","height_m":10.0,"height_basis":"osm-height","source_id":"osm-cbd-buildings"},"geometry":{"type":"Polygon","coordinates":[[[103.8480066,1.2819712],[103.8479849,1.2819351],[103.8481645,1.2818206],[103.8481893,1.2818561],[103.8480066,1.2819712]]]}},{"type":"Feature","id":172904363,"properties":{"osm_id":172904363,"name":"Unnamed building","height_m":10.0,"height_basis":"osm-height","source_id":"osm-cbd-buildings"},"geometry":{"type":"Polygon","coordinates":[[[103.8479516,1.2811939],[103.8479243,1.2811476],[103.8481221,1.2810309],[103.8481494,1.2810772],[103.8479516,1.2811939]]]}},{"type":"Feature","id":172904364,"properties":{"osm_id":172904364,"name":"Unnamed building","height_m":10.0,"height_basis":"osm-height","source_id":"osm-cbd-buildings"},"geometry":{"type":"Polygon","coordinates":[[[103.8479849,1.2819351],[103.8479621,1.2818973],[103.8481414,1.2817834],[103.8481645,1.2818206],[103.8479849,1.2819351]]]}},{"type":"Feature","id":172904365,"properties":{"osm_id":172904365,"name":"Unnamed building","height_m":10.0,"height_basis":"osm-height","source_id":"osm-cbd-buildings"},"geometry":{"type":"Polygon","coordinates":[[[103.8479243,1.2811476],[103.8478939,1.2810962],[103.8480918,1.2809795],[103.8481221,1.2810309],[103.8479243,1.2811476]]]}},{"type":"Feature","id":172904366,"properties":{"osm_id":172904366,"name":"Unnamed building","height_m":10.0,"height_basis":"osm-height","source_id":"osm-cbd-buildings"},"geometry":{"type":"Polygon","coordinates":[[[103.8479621,1.2818973],[103.8479337,1.2818567],[103.8481176,1.2817435],[103.8481414,1.2817834],[103.8479621,1.2818973]]]}},{"type":"Feature","id":172904367,"properties":{"osm_id":172904367,"name":"Unnamed building","height_m":10.0,"height_basis":"osm-height","source_id":"osm-cbd-buildings"},"geometry":{"type":"Polygon","coordinates":[[[103.8467954,1.2825777],[103.8468338,1.2825945],[103.8468858,1.2824906],[103.846845,1.2824702],[103.8467954,1.2825777]]]}},{"type":"Feature","id":172904368,"properties":{"osm_id":172904368,"name":"Unnamed building","height_m":10.0,"height_basis":"osm-height","source_id":"osm-cbd-buildings"},"geometry":{"type":"Polygon","coordinates":[[[103.8478015,1.2803939],[103.8478296,1.280442],[103.8480138,1.2803384],[103.8479869,1.2802924],[103.8478015,1.2803939]]]}},{"type":"Feature","id":172904369,"properties":{"osm_id":172904369,"name":"Unnamed building","height_m":10.0,"height_basis":"osm-height","source_id":"osm-cbd-buildings"},"geometry":{"type":"Polygon","coordinates":[[[103.8479337,1.2818567],[103.8479109,1.2818189],[103.8480934,1.2817024],[103.8481176,1.2817435],[103.8479337,1.2818567]]]}},{"type":"Feature","id":172904370,"properties":{"osm_id":172904370,"name":"Unnamed building","height_m":10.0,"height_basis":"osm-height","source_id":"osm-cbd-buildings"},"geometry":{"type":"Polygon","coordinates":[[[103.8479109,1.2818189],[103.8478764,1.2817666],[103.8480613,1.2816562],[103.8480934,1.2817024],[103.8479109,1.2818189]]]}},{"type":"Feature","id":172904371,"properties":{"osm_id":172904371,"name":"Unnamed building","height_m":10.0,"height_basis":"osm-height","source_id":"osm-cbd-buildings"},"geometry":{"type":"Polygon","coordinates":[[[103.8478764,1.2817666],[103.8478536,1.2817288],[103.8480381,1.281619],[103.8480613,1.2816562],[103.8478764,1.2817666]]]}},{"type":"Feature","id":172904372,"properties":{"osm_id":172904372,"name":"Unnamed building","height_m":10.0,"height_basis":"osm-height","source_id":"osm-cbd-buildings"},"geometry":{"type":"Polygon","coordinates":[[[103.8478536,1.2817288],[103.8478308,1.281691],[103.8480149,1.2815819],[103.8480381,1.281619],[103.8478536,1.2817288]]]}},{"type":"Feature","id":172904373,"properties":{"osm_id":172904373,"name":"Unnamed building","height_m":10.0,"height_basis":"osm-height","source_id":"osm-cbd-buildings"},"geometry":{"type":"Polygon","coordinates":[[[103.8478308,1.281691],[103.8478052,1.2816498],[103.847984,1.2815301],[103.8480149,1.2815819],[103.8478308,1.281691]]]}},{"type":"Feature","id":172904374,"properties":{"osm_id":172904374,"name":"Unnamed building","height_m":10.0,"height_basis":"osm-height","source_id":"osm-cbd-buildings"},"geometry":{"type":"Polygon","coordinates":[[[103.847105,1.2824112],[103.8471284,1.2823721],[103.8470525,1.282204],[103.8469291,1.2823218],[103.847105,1.2824112]]]}},{"type":"Feature","id":172904375,"properties":{"osm_id":172904375,"name":"Unnamed building","height_m":10.0,"height_basis":"osm-height","source_id":"osm-cbd-buildings"},"geometry":{"type":"Polygon","coordinates":[[[103.8478296,1.280442],[103.8478548,1.2804889],[103.848045,1.2803847],[103.8480138,1.2803384],[103.8478296,1.280442]]]}},{"type":"Feature","id":172904376,"properties":{"osm_id":172904376,"name":"Unnamed building","height_m":10.0,"height_basis":"osm-height","source_id":"osm-cbd-buildings"},"geometry":{"type":"Polygon","coordinates":[[[103.8476877,1.2807023],[103.8477168,1.2807515],[103.8478889,1.2806549],[103.8478644,1.2806085],[103.8476877,1.2807023]]]}},{"type":"Feature","id":172904377,"properties":{"osm_id":172904377,"name":"Unnamed building","height_m":10.0,"height_basis":"osm-height","source_id":"osm-cbd-buildings"},"geometry":{"type":"Polygon","coordinates":[[[103.8476621,1.2806541],[103.8476877,1.2807023],[103.8478644,1.2806085],[103.8478388,1.2805603],[103.8476621,1.2806541]]]}},{"type":"Feature","id":172904378,"properties":{"osm_id":172904378,"name":"Unnamed building","height_m":10.0,"height_basis":"osm-height","source_id":"osm-cbd-buildings"},"geometry":{"type":"Polygon","coordinates":[[[103.8476366,1.280606],[103.8476621,1.2806541],[103.8478388,1.2805603],[103.8478133,1.2805122],[103.8476366,1.280606]]]}},{"type":"Feature","id":172904379,"properties":{"osm_id":172904379,"name":"Unnamed building","height_m":10.0,"height_basis":"osm-height","source_id":"osm-cbd-buildings"},"geometry":{"type":"Polygon","coordinates":[[[103.848341,1.2813743],[103.8482939,1.2814013],[103.8483479,1.2814953],[103.8483949,1.2814682],[103.848341,1.2813743]]]}},{"type":"Feature","id":172904380,"properties":{"osm_id":172904380,"name":"Unnamed building","height_m":10.0,"height_basis":"osm-height","source_id":"osm-cbd-buildings"},"geometry":{"type":"Polygon","coordinates":[[[103.8467538,1.282563],[103.8467954,1.2825777],[103.846845,1.2824702],[103.8468638,1.2824339],[103.8468816,1.282397],[103.8469014,1.2823576],[103.8469178,1.2823248],[103.8468617,1.2823036],[103.8467538,1.282563]]]}},{"type":"Feature","id":172904381,"properties":{"osm_id":172904381,"name":"Unnamed building","height_m":10.0,"height_basis":"osm-height","source_id":"osm-cbd-buildings"},"geometry":{"type":"Polygon","coordinates":[[[103.8478548,1.2804889],[103.8478808,1.2805382],[103.8480762,1.2804336],[103.848045,1.2803847],[103.8478548,1.2804889]]]}},{"type":"Feature","id":172904382,"properties":{"osm_id":172904382,"name":"Unnamed building","height_m":10.0,"height_basis":"osm-height","source_id":"osm-cbd-buildings"},"geometry":{"type":"Polygon","coordinates":[[[103.8476112,1.2805582],[103.8476366,1.280606],[103.8478133,1.2805122],[103.8477879,1.2804645],[103.8476112,1.2805582]]]}},{"type":"Feature","id":172904383,"properties":{"osm_id":172904383,"name":"Unnamed building","height_m":10.0,"height_basis":"osm-height","source_id":"osm-cbd-buildings"},"geometry":{"type":"Polygon","coordinates":[[[103.847584,1.280507],[103.8476112,1.2805582],[103.8477879,1.2804645],[103.8477607,1.2804133],[103.847584,1.280507]]]}},{"type":"Feature","id":172904384,"properties":{"osm_id":172904384,"name":"Unnamed building","height_m":10.0,"height_basis":"osm-height","source_id":"osm-cbd-buildings"},"geometry":{"type":"Polygon","coordinates":[[[103.847558,1.2804579],[103.847584,1.280507],[103.8477607,1.2804133],[103.8477346,1.2803642],[103.847558,1.2804579]]]}},{"type":"Feature","id":172904386,"properties":{"osm_id":172904386,"name":"Unnamed building","height_m":10.0,"height_basis":"osm-height","source_id":"osm-cbd-buildings"},"geometry":{"type":"Polygon","coordinates":[[[103.8475324,1.2804098],[103.847558,1.2804579],[103.8477346,1.2803642],[103.8477091,1.2803161],[103.8475324,1.2804098]]]}},{"type":"Feature","id":172904387,"properties":{"osm_id":172904387,"name":"Unnamed building","height_m":10.0,"height_basis":"osm-height","source_id":"osm-cbd-buildings"},"geometry":{"type":"Polygon","coordinates":[[[103.8475061,1.2803604],[103.8475324,1.2804098],[103.8477091,1.2803161],[103.8476828,1.2802666],[103.8475061,1.2803604]]]}},{"type":"Feature","id":172904388,"properties":{"osm_id":172904388,"name":"Unnamed building","height_m":10.0,"height_basis":"osm-height","source_id":"osm-cbd-buildings"},"geometry":{"type":"Polygon","coordinates":[[[103.8471284,1.2823721],[103.8471751,1.2823313],[103.8470935,1.28215],[103.8470453,1.2821912],[103.8470525,1.282204],[103.8471284,1.2823721]]]}},{"type":"Feature","id":172904389,"properties":{"osm_id":172904389,"name":"Unnamed building","height_m":10.0,"height_basis":"osm-height","source_id":"osm-cbd-buildings"},"geometry":{"type":"Polygon","coordinates":[[[103.8478808,1.2805382],[103.8479067,1.2805876],[103.8481052,1.2804809],[103.8480762,1.2804336],[103.8478808,1.2805382]]]}},{"type":"Feature","id":172904390,"properties":{"osm_id":172904390,"name":"Unnamed building","height_m":10.0,"height_basis":"osm-height","source_id":"osm-cbd-buildings"},"geometry":{"type":"Polygon","coordinates":[[[103.8474806,1.2803123],[103.8475061,1.2803604],[103.8476828,1.2802666],[103.8476573,1.2802185],[103.8474806,1.2803123]]]}},{"type":"Feature","id":172904391,"properties":{"osm_id":172904391,"name":"Unnamed building","height_m":10.0,"height_basis":"osm-height","source_id":"osm-cbd-buildings"},"geometry":{"type":"Polygon","coordinates":[[[103.8474544,1.2802629],[103.8474806,1.2803123],[103.8476573,1.2802185],[103.847631,1.2801691],[103.8474544,1.2802629]]]}},{"type":"Feature","id":172904392,"properties":{"osm_id":172904392,"name":"Unnamed building","height_m":10.0,"height_basis":"osm-height","source_id":"osm-cbd-buildings"},"geometry":{"type":"Polygon","coordinates":[[[103.8474281,1.2802134],[103.8474544,1.2802629],[103.847631,1.2801691],[103.8476048,1.2801196],[103.8474281,1.2802134]]]}},{"type":"Feature","id":172904393,"properties":{"osm_id":172904393,"name":"Unnamed building","height_m":10.0,"height_basis":"osm-height","source_id":"osm-cbd-buildings"},"geometry":{"type":"Polygon","coordinates":[[[103.8474049,1.2801697],[103.8474281,1.2802134],[103.8476048,1.2801196],[103.8475816,1.280076],[103.8474049,1.2801697]]]}},{"type":"Feature","id":172904394,"properties":{"osm_id":172904394,"name":"Unnamed building","height_m":10.0,"height_basis":"osm-height","source_id":"osm-cbd-buildings"},"geometry":{"type":"Polygon","coordinates":[[[103.8473786,1.2801202],[103.8474049,1.2801697],[103.8475816,1.280076],[103.8475553,1.2800265],[103.8473786,1.2801202]]]}},{"type":"Feature","id":172904395,"properties":{"osm_id":172904395,"name":"Unnamed building","height_m":10.0,"height_basis":"osm-height","source_id":"osm-cbd-buildings"},"geometry":{"type":"Polygon","coordinates":[[[103.8483879,1.2813474],[103.848341,1.2813743],[103.8483949,1.2814682],[103.8484195,1.281511],[103.8484424,1.2815509],[103.8484668,1.2815934],[103.8485136,1.2815665],[103.8483879,1.2813474]]]}},{"type":"Feature","id":172904396,"properties":{"osm_id":172904396,"name":"Unnamed building","height_m":10.0,"height_basis":"osm-height","source_id":"osm-cbd-buildings"},"geometry":{"type":"Polygon","coordinates":[[[103.8467134,1.2825464],[103.8467538,1.282563],[103.8468617,1.2823036],[103.8468258,1.2822869],[103.8467134,1.2825464]]]}},{"type":"Feature","id":172904397,"properties":{"osm_id":172904397,"name":"Unnamed building","height_m":10.0,"height_basis":"osm-height","source_id":"osm-cbd-buildings"},"geometry":{"type":"Polygon","coordinates":[[[103.8479067,1.2805876],[103.8479303,1.2806315],[103.8481317,1.2805183],[103.8481052,1.2804809],[103.8479067,1.2805876]]]}},{"type":"Feature","id":172904398,"properties":{"osm_id":172904398,"name":"Unnamed building","height_m":10.0,"height_basis":"osm-height","source_id":"osm-cbd-buildings"},"geometry":{"type":"Polygon","coordinates":[[[103.8473527,1.2800714],[103.8473786,1.2801202],[103.8475553,1.2800265],[103.8475294,1.2799777],[103.8473527,1.2800714]]]}},{"type":"Feature","id":172904399,"properties":{"osm_id":172904399,"name":"Unnamed building","height_m":10.0,"height_basis":"osm-height","source_id":"osm-cbd-buildings"},"geometry":{"type":"Polygon","coordinates":[[[103.8473261,1.2800213],[103.8473527,1.2800714],[103.8475294,1.2799777],[103.8475028,1.2799275],[103.8473261,1.2800213]]]}},{"type":"Feature","id":172904400,"properties":{"osm_id":172904400,"name":"Unnamed building","height_m":10.0,"height_basis":"osm-height","source_id":"osm-cbd-buildings"},"geometry":{"type":"Polygon","coordinates":[[[103.8473006,1.2799732],[103.8473261,1.2800213],[103.8475028,1.2799275],[103.8474773,1.2798795],[103.8473006,1.2799732]]]}},{"type":"Feature","id":172904401,"properties":{"osm_id":172904401,"name":"Unnamed building","height_m":10.0,"height_basis":"osm-height","source_id":"osm-cbd-buildings"},"geometry":{"type":"Polygon","coordinates":[[[103.847339,1.2807362],[103.8473192,1.2806944],[103.8475244,1.2805971],[103.8475443,1.2806389],[103.8475239,1.2806486],[103.847339,1.2807362]]]}},{"type":"Feature","id":172904402,"properties":{"osm_id":172904402,"name":"Unnamed building","height_m":10.0,"height_basis":"osm-height","source_id":"osm-cbd-buildings"},"geometry":{"type":"Polygon","coordinates":[[[103.8472736,1.2799225],[103.8473006,1.2799732],[103.8474773,1.2798795],[103.8474962,1.2798694],[103.8474692,1.2798187],[103.8472736,1.2799225]]]}},{"type":"Feature","id":172904403,"properties":{"osm_id":172904403,"name":"Unnamed building","height_m":10.0,"height_basis":"osm-height","source_id":"osm-cbd-buildings"},"geometry":{"type":"Polygon","coordinates":[[[103.8473192,1.2806944],[103.847297,1.2806477],[103.8475023,1.2805504],[103.8475244,1.2805971],[103.8473192,1.2806944]]]}},{"type":"Feature","id":172904404,"properties":{"osm_id":172904404,"name":"Unnamed building","height_m":10.0,"height_basis":"osm-height","source_id":"osm-cbd-buildings"},"geometry":{"type":"Polygon","coordinates":[[[103.8472474,1.279873],[103.8472736,1.2799225],[103.8474692,1.2798187],[103.8474429,1.2797692],[103.8472474,1.279873]]]}},{"type":"Feature","id":172904405,"properties":{"osm_id":172904405,"name":"Unnamed building","height_m":10.0,"height_basis":"osm-height","source_id":"osm-cbd-buildings"},"geometry":{"type":"Polygon","coordinates":[[[103.8471751,1.2823313],[103.847225,1.2822962],[103.847143,1.2821072],[103.8470935,1.28215],[103.8471751,1.2823313]]]}},{"type":"Feature","id":172904406,"properties":{"osm_id":172904406,"name":"Unnamed building","height_m":10.0,"height_basis":"osm-height","source_id":"osm-cbd-buildings"},"geometry":{"type":"Polygon","coordinates":[[[103.847297,1.2806477],[103.8472743,1.2805998],[103.8474795,1.2805024],[103.8475023,1.2805504],[103.847297,1.2806477]]]}},{"type":"Feature","id":172904407,"properties":{"osm_id":172904407,"name":"Unnamed building","height_m":10.0,"height_basis":"osm-height","source_id":"osm-cbd-buildings"},"geometry":{"type":"Polygon","coordinates":[[[103.8472325,1.2798218],[103.8472474,1.279873],[103.8474429,1.2797692],[103.8474029,1.2797083],[103.847245,1.2797939],[103.8472325,1.2798218]]]}},{"type":"Feature","id":172904409,"properties":{"osm_id":172904409,"name":"Unnamed building","height_m":10.0,"height_basis":"osm-height","source_id":"osm-cbd-buildings"},"geometry":{"type":"Polygon","coordinates":[[[103.8472743,1.2805998],[103.8472537,1.2805565],[103.847459,1.2804592],[103.8474795,1.2805024],[103.8472743,1.2805998]]]}},{"type":"Feature","id":172904410,"properties":{"osm_id":172904410,"name":"Unnamed building","height_m":10.0,"height_basis":"osm-height","source_id":"osm-cbd-buildings"},"geometry":{"type":"Polygon","coordinates":[[[103.8472537,1.2805565],[103.84723,1.2805065],[103.8474353,1.2804092],[103.847459,1.2804592],[103.8472537,1.2805565]]]}},{"type":"Feature","id":172904411,"properties":{"osm_id":172904411,"name":"Hatha vidya traditional Yoga","height_m":10.0,"height_basis":"osm-height","source_id":"osm-cbd-buildings"},"geometry":{"type":"Polygon","coordinates":[[[103.84723,1.2805065],[103.8472098,1.2804639],[103.847415,1.2803665],[103.8474353,1.2804092],[103.84723,1.2805065]]]}},{"type":"Feature","id":172904412,"properties":{"osm_id":172904412,"name":"Unnamed building","height_m":10.0,"height_basis":"osm-height","source_id":"osm-cbd-buildings"},"geometry":{"type":"Polygon","coordinates":[[[103.8472098,1.2804639],[103.8471893,1.2804207],[103.8473945,1.2803233],[103.847415,1.2803665],[103.8472098,1.2804639]]]}},{"type":"Feature","id":172904414,"properties":{"osm_id":172904414,"name":"Unnamed building","height_m":10.0,"height_basis":"osm-height","source_id":"osm-cbd-buildings"},"geometry":{"type":"Polygon","coordinates":[[[103.848577,1.2815237],[103.8485426,1.2815451],[103.8485136,1.281538],[103.8483954,1.2813363],[103.8484478,1.2813059],[103.848577,1.2815237]]]}},{"type":"Feature","id":172904415,"properties":{"osm_id":172904415,"name":"Unnamed building","height_m":6.4,"height_basis":"levels-estimate","source_id":"osm-cbd-buildings"},"geometry":{"type":"Polygon","coordinates":[[[103.846673,1.2825297],[103.8467134,1.2825464],[103.8468258,1.2822869],[103.8467881,1.2822697],[103.846673,1.2825297]]]}},{"type":"Feature","id":172904416,"properties":{"osm_id":172904416,"name":"Masjid Al-Abrar","height_m":3.2,"height_basis":"levels-estimate","source_id":"osm-cbd-buildings"},"geometry":{"type":"Polygon","coordinates":[[[103.8473945,1.2803233],[103.8471893,1.2804207],[103.8471276,1.2802924],[103.8473323,1.2801947],[103.8473945,1.2803233]]]}},{"type":"Feature","id":172904417,"properties":{"osm_id":172904417,"name":"Unnamed building","height_m":10.0,"height_basis":"osm-height","source_id":"osm-cbd-buildings"},"geometry":{"type":"Polygon","coordinates":[[[103.8471276,1.2802924],[103.8471026,1.2802399],[103.8473072,1.2801422],[103.8473323,1.2801947],[103.8471276,1.2802924]]]}},{"type":"Feature","id":172904418,"properties":{"osm_id":172904418,"name":"Unnamed building","height_m":10.0,"height_basis":"osm-height","source_id":"osm-cbd-buildings"},"geometry":{"type":"Polygon","coordinates":[[[103.8469696,1.2826469],[103.8469984,1.282597],[103.8469039,1.2825531],[103.8468751,1.2826112],[103.8469696,1.2826469]]]}},{"type":"Feature","id":172904419,"properties":{"osm_id":172904419,"name":"Unnamed building","height_m":10.0,"height_basis":"osm-height","source_id":"osm-cbd-buildings"},"geometry":{"type":"Polygon","coordinates":[[[103.8475197,1.2798091],[103.8475733,1.2797792],[103.8474973,1.2796522],[103.8474436,1.2796829],[103.8475197,1.2798091]]]}},{"type":"Feature","id":172904420,"properties":{"osm_id":172904420,"name":"Unnamed building","height_m":10.0,"height_basis":"osm-height","source_id":"osm-cbd-buildings"},"geometry":{"type":"Polygon","coordinates":[[[103.8475713,1.2798326],[103.8475848,1.2798527],[103.8475401,1.2798812],[103.8475343,1.2799126],[103.8477014,1.2798235],[103.8476707,1.2797725],[103.8475713,1.2798326]]]}},{"type":"Feature","id":172904421,"properties":{"osm_id":172904421,"name":"Unnamed building","height_m":10.0,"height_basis":"osm-height","source_id":"osm-cbd-buildings"},"geometry":{"type":"Polygon","coordinates":[[[103.8478465,1.2821042],[103.8478702,1.2821459],[103.8480189,1.2820477],[103.8479944,1.2820083],[103.8478465,1.2821042]]]}},{"type":"Feature","id":172904422,"properties":{"osm_id":172904422,"name":"Unnamed building","height_m":10.0,"height_basis":"osm-height","source_id":"osm-cbd-buildings"},"geometry":{"type":"Polygon","coordinates":[[[103.847225,1.2822962],[103.8472689,1.2822571],[103.8471958,1.2820721],[103.847143,1.2821072],[103.847225,1.2822962]]]}},{"type":"Feature","id":172904423,"properties":{"osm_id":172904423,"name":"Unnamed building","height_m":10.0,"height_basis":"osm-height","source_id":"osm-cbd-buildings"},"geometry":{"type":"Polygon","coordinates":[[[103.8471026,1.2802399],[103.8470814,1.2801955],[103.847286,1.2800978],[103.8473072,1.2801422],[103.8471026,1.2802399]]]}},{"type":"Feature","id":172904424,"properties":{"osm_id":172904424,"name":"Unnamed building","height_m":10.0,"height_basis":"osm-height","source_id":"osm-cbd-buildings"},"geometry":{"type":"Polygon","coordinates":[[[103.8470814,1.2801955],[103.8470558,1.280142],[103.8472605,1.2800443],[103.847286,1.2800978],[103.8470814,1.2801955]]]}},{"type":"Feature","id":172904425,"properties":{"osm_id":172904425,"name":"Unnamed building","height_m":10.0,"height_basis":"osm-height","source_id":"osm-cbd-buildings"},"geometry":{"type":"Polygon","coordinates":[[[103.8470558,1.280142],[103.8470353,1.280099],[103.84724,1.2800013],[103.8472605,1.2800443],[103.8470558,1.280142]]]}},{"type":"Feature","id":172904426,"properties":{"osm_id":172904426,"name":"Unnamed building","height_m":10.0,"height_basis":"osm-height","source_id":"osm-cbd-buildings"},"geometry":{"type":"Polygon","coordinates":[[[103.8470353,1.280099],[103.8470155,1.2800575],[103.8472202,1.2799598],[103.84724,1.2800013],[103.8470353,1.280099]]]}},{"type":"Feature","id":172904427,"properties":{"osm_id":172904427,"name":"Unnamed building","height_m":10.0,"height_basis":"osm-height","source_id":"osm-cbd-buildings"},"geometry":{"type":"Polygon","coordinates":[[[103.8470155,1.2800575],[103.846994,1.2800124],[103.8471986,1.2799147],[103.8472202,1.2799598],[103.8470155,1.2800575]]]}},{"type":"Feature","id":172904428,"properties":{"osm_id":172904428,"name":"Unnamed building","height_m":10.0,"height_basis":"osm-height","source_id":"osm-cbd-buildings"},"geometry":{"type":"Polygon","coordinates":[[[103.8478228,1.2820625],[103.8478465,1.2821042],[103.8479944,1.2820083],[103.8479699,1.2819674],[103.8478228,1.2820625]]]}},{"type":"Feature","id":172904429,"properties":{"osm_id":172904429,"name":"Unnamed building","height_m":10.0,"height_basis":"osm-height","source_id":"osm-cbd-buildings"},"geometry":{"type":"Polygon","coordinates":[[[103.8486237,1.281496],[103.848577,1.2815237],[103.8484478,1.2813059],[103.8484945,1.2812782],[103.8486237,1.281496]]]}},{"type":"Feature","id":172904430,"properties":{"osm_id":172904430,"name":"Unnamed building","height_m":10.0,"height_basis":"osm-height","source_id":"osm-cbd-buildings"},"geometry":{"type":"Polygon","coordinates":[[[103.8466326,1.2825131],[103.846673,1.2825297],[103.8467881,1.2822697],[103.8467505,1.2822536],[103.8466326,1.2825131]]]}},{"type":"Feature","id":172904431,"properties":{"osm_id":172904431,"name":"Unnamed building","height_m":10.0,"height_basis":"osm-height","source_id":"osm-cbd-buildings"},"geometry":{"type":"Polygon","coordinates":[[[103.846994,1.2800124],[103.8469772,1.2799773],[103.8471819,1.2798796],[103.8471986,1.2799147],[103.846994,1.2800124]]]}},{"type":"Feature","id":172904432,"properties":{"osm_id":172904432,"name":"Unnamed building","height_m":10.0,"height_basis":"osm-height","source_id":"osm-cbd-buildings"},"geometry":{"type":"Polygon","coordinates":[[[103.8469772,1.2799773],[103.8469467,1.2799133],[103.8471326,1.2798344],[103.8471702,1.2798509],[103.8471819,1.2798796],[103.8469772,1.2799773]]]}},{"type":"Feature","id":172904433,"properties":{"osm_id":172904433,"name":"Unnamed building","height_m":10.0,"height_basis":"osm-height","source_id":"osm-cbd-buildings"},"geometry":{"type":"Polygon","coordinates":[[[103.847799,1.2820208],[103.8478228,1.2820625],[103.8479699,1.2819674],[103.8479422,1.2819296],[103.847799,1.2820208]]]}},{"type":"Feature","id":172904434,"properties":{"osm_id":172904434,"name":"Unnamed building","height_m":10.0,"height_basis":"osm-height","source_id":"osm-cbd-buildings"},"geometry":{"type":"Polygon","coordinates":[[[103.8472689,1.2822571],[103.8473395,1.2822219],[103.8472485,1.2820369],[103.8471958,1.2820721],[103.8472689,1.2822571]]]}},{"type":"Feature","id":172904435,"properties":{"osm_id":172904435,"name":"Unnamed building","height_m":10.0,"height_basis":"osm-height","source_id":"osm-cbd-buildings"},"geometry":{"type":"Polygon","coordinates":[[[103.8459064,1.2825369],[103.8458765,1.2825531],[103.845952,1.2826919],[103.8459819,1.2826756],[103.8459064,1.2825369]]]}},{"type":"Feature","id":172904436,"properties":{"osm_id":172904436,"name":"Unnamed building","height_m":10.0,"height_basis":"osm-height","source_id":"osm-cbd-buildings"},"geometry":{"type":"Polygon","coordinates":[[[103.8477714,1.2819735],[103.847799,1.2820208],[103.8479422,1.2819296],[103.8479255,1.2819009],[103.8479066,1.2818927],[103.8477714,1.2819735]]]}},{"type":"Feature","id":172904437,"properties":{"osm_id":172904437,"name":"Unnamed building","height_m":10.0,"height_basis":"osm-height","source_id":"osm-cbd-buildings"},"geometry":{"type":"Polygon","coordinates":[[[103.848671,1.2814679],[103.8486237,1.281496],[103.8484945,1.2812782],[103.8485418,1.2812502],[103.848671,1.2814679]]]}},{"type":"Feature","id":172904438,"properties":{"osm_id":172904438,"name":"Unnamed building","height_m":10.0,"height_basis":"osm-height","source_id":"osm-cbd-buildings"},"geometry":{"type":"Polygon","coordinates":[[[103.8465776,1.2824903],[103.8466326,1.2825131],[103.8467505,1.2822536],[103.846714,1.2822386],[103.8465776,1.2824903]]]}},{"type":"Feature","id":172904439,"properties":{"osm_id":172904439,"name":"Unnamed building","height_m":10.0,"height_basis":"osm-height","source_id":"osm-cbd-buildings"},"geometry":{"type":"Polygon","coordinates":[[[103.8487181,1.28144],[103.848671,1.2814679],[103.8485418,1.2812502],[103.8485889,1.2812222],[103.8487181,1.28144]]]}},{"type":"Feature","id":172904440,"properties":{"osm_id":172904440,"name":"Unnamed building","height_m":10.0,"height_basis":"osm-height","source_id":"osm-cbd-buildings"},"geometry":{"type":"Polygon","coordinates":[[[103.8465383,1.2824736],[103.8465776,1.2824903],[103.846714,1.2822386],[103.8466613,1.2822153],[103.8465383,1.2824736]]]}},{"type":"Feature","id":172904441,"properties":{"osm_id":172904441,"name":"Unnamed building","height_m":10.0,"height_basis":"osm-height","source_id":"osm-cbd-buildings"},"geometry":{"type":"Polygon","coordinates":[[[103.8487663,1.2814114],[103.8487181,1.28144],[103.8485889,1.2812222],[103.8486371,1.2811937],[103.8487663,1.2814114]]]}},{"type":"Feature","id":172904442,"properties":{"osm_id":172904442,"name":"Unnamed building","height_m":9.600000000000001,"height_basis":"levels-estimate","source_id":"osm-cbd-buildings"},"geometry":{"type":"Polygon","coordinates":[[[103.8464862,1.2824519],[103.8465383,1.2824736],[103.8466613,1.2822153],[103.8466086,1.2821941],[103.8464862,1.2824519]]]}},{"type":"Feature","id":172904443,"properties":{"osm_id":172904443,"name":"Unnamed building","height_m":10.0,"height_basis":"osm-height","source_id":"osm-cbd-buildings"},"geometry":{"type":"Polygon","coordinates":[[[103.8483308,1.2808425],[103.8483607,1.2808931],[103.848159,1.2810126],[103.848129,1.280962],[103.8483308,1.2808425]]]}},{"type":"Feature","id":172904444,"properties":{"osm_id":172904444,"name":"Unnamed building","height_m":10.0,"height_basis":"osm-height","source_id":"osm-cbd-buildings"},"geometry":{"type":"Polygon","coordinates":[[[103.8488139,1.2813832],[103.8487663,1.2814114],[103.8486371,1.2811937],[103.8486846,1.2811654],[103.8488139,1.2813832]]]}},{"type":"Feature","id":172904445,"properties":{"osm_id":172904445,"name":"Unnamed building","height_m":10.0,"height_basis":"osm-height","source_id":"osm-cbd-buildings"},"geometry":{"type":"Polygon","coordinates":[[[103.8464357,1.2824314],[103.8464862,1.2824519],[103.8466086,1.2821941],[103.8465458,1.282197],[103.8464357,1.2824314]]]}},{"type":"Feature","id":172904446,"properties":{"osm_id":172904446,"name":"Unnamed building","height_m":10.0,"height_basis":"osm-height","source_id":"osm-cbd-buildings"},"geometry":{"type":"Polygon","coordinates":[[[103.8483607,1.2808931],[103.848388,1.2809391],[103.8481863,1.2810586],[103.848159,1.2810126],[103.8483607,1.2808931]]]}},{"type":"Feature","id":172904447,"properties":{"osm_id":172904447,"name":"Unnamed building","height_m":10.0,"height_basis":"osm-height","source_id":"osm-cbd-buildings"},"geometry":{"type":"Polygon","coordinates":[[[103.8471682,1.2827011],[103.8471883,1.2827199],[103.8472686,1.2826302],[103.8472565,1.2826095],[103.8471682,1.2827011]]]}},{"type":"Feature","id":172904448,"properties":{"osm_id":172904448,"name":"Unnamed building","height_m":10.0,"height_basis":"osm-height","source_id":"osm-cbd-buildings"},"geometry":{"type":"Polygon","coordinates":[[[103.8475733,1.2797792],[103.8476477,1.2797376],[103.8475778,1.2796214],[103.8475585,1.2796159],[103.8474973,1.2796522],[103.8475733,1.2797792]]]}},{"type":"Feature","id":172904449,"properties":{"osm_id":172904449,"name":"Unnamed building","height_m":10.0,"height_basis":"osm-height","source_id":"osm-cbd-buildings"},"geometry":{"type":"Polygon","coordinates":[[[103.8475343,1.2799126],[103.8475619,1.2799624],[103.8477283,1.2798695],[103.8477014,1.2798235],[103.8475343,1.2799126]]]}},{"type":"Feature","id":172904450,"properties":{"osm_id":172904450,"name":"Unnamed building","height_m":10.0,"height_basis":"osm-height","source_id":"osm-cbd-buildings"},"geometry":{"type":"Polygon","coordinates":[[[103.848388,1.2809391],[103.8484139,1.2809827],[103.8482121,1.2811022],[103.8481863,1.2810586],[103.848388,1.2809391]]]}},{"type":"Feature","id":172904451,"properties":{"osm_id":172904451,"name":"Eagles Center","height_m":10.0,"height_basis":"osm-height","source_id":"osm-cbd-buildings"},"geometry":{"type":"Polygon","coordinates":[[[103.8488534,1.2813561],[103.8488139,1.2813832],[103.8486846,1.2811654],[103.84874,1.281136],[103.8488563,1.2813304],[103.8488534,1.2813561]]]}},{"type":"Feature","id":172904452,"properties":{"osm_id":172904452,"name":"Unnamed building","height_m":10.0,"height_basis":"osm-height","source_id":"osm-cbd-buildings"},"geometry":{"type":"Polygon","coordinates":[[[103.8484139,1.2809827],[103.8482121,1.2811022],[103.8482938,1.2812401],[103.8484956,1.2811206],[103.8484139,1.2809827]]]}},{"type":"Feature","id":172904453,"properties":{"osm_id":172904453,"name":"Unnamed building","height_m":10.0,"height_basis":"osm-height","source_id":"osm-cbd-buildings"},"geometry":{"type":"Polygon","coordinates":[[[103.8472781,1.2806818],[103.8472546,1.2806378],[103.8470668,1.2807197],[103.847091,1.2807665],[103.8472781,1.2806818]]]}},{"type":"Feature","id":172904454,"properties":{"osm_id":172904454,"name":"Unnamed building","height_m":10.0,"height_basis":"osm-height","source_id":"osm-cbd-buildings"},"geometry":{"type":"Polygon","coordinates":[[[103.8472546,1.2806378],[103.847232,1.2805989],[103.8470426,1.2806718],[103.8470668,1.2807197],[103.8472546,1.2806378]]]}},{"type":"Feature","id":172904455,"properties":{"osm_id":172904455,"name":"Ajoomma Korean Charcoal BBQ","height_m":10.0,"height_basis":"osm-height","source_id":"osm-cbd-buildings"},"geometry":{"type":"Polygon","coordinates":[[[103.8469984,1.282597],[103.8470228,1.2825592],[103.8469256,1.2825105],[103.8469039,1.2825531],[103.8469984,1.282597]]]}},{"type":"Feature","id":172904456,"properties":{"osm_id":172904456,"name":"Unnamed building","height_m":10.0,"height_basis":"osm-height","source_id":"osm-cbd-buildings"},"geometry":{"type":"Polygon","coordinates":[[[103.8475619,1.2799624],[103.847586,1.280004],[103.8477624,1.2799159],[103.8477283,1.2798695],[103.8475619,1.2799624]]]}},{"type":"Feature","id":172904457,"properties":{"osm_id":172904457,"name":"Unnamed building","height_m":10.0,"height_basis":"osm-height","source_id":"osm-cbd-buildings"},"geometry":{"type":"Polygon","coordinates":[[[103.847232,1.2805989],[103.847205,1.2805489],[103.8470195,1.2806306],[103.8470426,1.2806718],[103.847232,1.2805989]]]}},{"type":"Feature","id":172904458,"properties":{"osm_id":172904458,"name":"Unnamed building","height_m":10.0,"height_basis":"osm-height","source_id":"osm-cbd-buildings"},"geometry":{"type":"Polygon","coordinates":[[[103.847205,1.2805489],[103.8471787,1.2805049],[103.8469929,1.28058],[103.8470195,1.2806306],[103.847205,1.2805489]]]}},{"type":"Feature","id":172904459,"properties":{"osm_id":172904459,"name":"Unnamed building","height_m":10.0,"height_basis":"osm-height","source_id":"osm-cbd-buildings"},"geometry":{"type":"Polygon","coordinates":[[[103.8471787,1.2805049],[103.8471588,1.2804712],[103.8469781,1.2805483],[103.8469929,1.28058],[103.8471787,1.2805049]]]}},{"type":"Feature","id":172904460,"properties":{"osm_id":172904460,"name":"Unnamed building","height_m":10.0,"height_basis":"osm-height","source_id":"osm-cbd-buildings"},"geometry":{"type":"Polygon","coordinates":[[[103.8471588,1.2804712],[103.8471425,1.2804366],[103.8469646,1.2805142],[103.8469781,1.2805483],[103.8471588,1.2804712]]]}},{"type":"Feature","id":172904461,"properties":{"osm_id":172904461,"name":"Unnamed building","height_m":10.0,"height_basis":"osm-height","source_id":"osm-cbd-buildings"},"geometry":{"type":"Polygon","coordinates":[[[103.8471425,1.2804366],[103.8471254,1.2804033],[103.846951,1.2804821],[103.8469646,1.2805142],[103.8471425,1.2804366]]]}},{"type":"Feature","id":172904462,"properties":{"osm_id":172904462,"name":"Unnamed building","height_m":10.0,"height_basis":"osm-height","source_id":"osm-cbd-buildings"},"geometry":{"type":"Polygon","coordinates":[[[103.8461442,1.282143],[103.8462565,1.2822478],[103.8461889,1.2823136],[103.8460783,1.2822137],[103.8461442,1.282143]]]}},{"type":"Feature","id":172904463,"properties":{"osm_id":172904463,"name":"Unnamed building","height_m":10.0,"height_basis":"osm-height","source_id":"osm-cbd-buildings"},"geometry":{"type":"Polygon","coordinates":[[[103.8471254,1.2804033],[103.8471106,1.2803769],[103.8469383,1.2804473],[103.846951,1.2804821],[103.8471254,1.2804033]]]}},{"type":"Feature","id":172904464,"properties":{"osm_id":172904464,"name":"Unnamed building","height_m":10.0,"height_basis":"osm-height","source_id":"osm-cbd-buildings"},"geometry":{"type":"Polygon","coordinates":[[[103.8471106,1.2803769],[103.8470962,1.2803408],[103.8469238,1.2804094],[103.8469383,1.2804473],[103.8471106,1.2803769]]]}},{"type":"Feature","id":172904465,"properties":{"osm_id":172904465,"name":"Unnamed building","height_m":10.0,"height_basis":"osm-height","source_id":"osm-cbd-buildings"},"geometry":{"type":"Polygon","coordinates":[[[103.8461714,1.2820112],[103.8462183,1.2820518],[103.8461442,1.282143],[103.8460783,1.2822137],[103.8460259,1.2821627],[103.8461714,1.2820112]]]}},{"type":"Feature","id":172904466,"properties":{"osm_id":172904466,"name":"Unnamed building","height_m":10.0,"height_basis":"osm-height","source_id":"osm-cbd-buildings"},"geometry":{"type":"Polygon","coordinates":[[[103.8470962,1.2803408],[103.8470811,1.2803035],[103.8469111,1.280373],[103.8469238,1.2804094],[103.8470962,1.2803408]]]}},{"type":"Feature","id":172904467,"properties":{"osm_id":172904467,"name":"Unnamed building","height_m":10.0,"height_basis":"osm-height","source_id":"osm-cbd-buildings"},"geometry":{"type":"Polygon","coordinates":[[[103.8470811,1.2803035],[103.8470553,1.2802476],[103.8468898,1.2803137],[103.8469111,1.280373],[103.8470811,1.2803035]]]}},{"type":"Feature","id":172904468,"properties":{"osm_id":172904468,"name":"Unnamed building","height_m":10.0,"height_basis":"osm-height","source_id":"osm-cbd-buildings"},"geometry":{"type":"Polygon","coordinates":[[[103.8470553,1.2802476],[103.8470374,1.2802063],[103.8468752,1.2802746],[103.8468898,1.2803137],[103.8470553,1.2802476]]]}},{"type":"Feature","id":172904469,"properties":{"osm_id":172904469,"name":"Unnamed building","height_m":10.0,"height_basis":"osm-height","source_id":"osm-cbd-buildings"},"geometry":{"type":"Polygon","coordinates":[[[103.8477305,1.2816894],[103.8477677,1.2816681],[103.8478765,1.2818396],[103.8478648,1.2818647],[103.847849,1.2818749],[103.8477305,1.2816894]]]}},{"type":"Feature","id":172904470,"properties":{"osm_id":172904470,"name":"Unnamed building","height_m":10.0,"height_basis":"osm-height","source_id":"osm-cbd-buildings"},"geometry":{"type":"Polygon","coordinates":[[[103.8471331,1.2826713],[103.8471682,1.2827011],[103.8472565,1.2826095],[103.84724,1.2825884],[103.8472107,1.2825639],[103.8471331,1.2826713]]]}},{"type":"Feature","id":172904471,"properties":{"osm_id":172904471,"name":"Unnamed building","height_m":10.0,"height_basis":"osm-height","source_id":"osm-cbd-buildings"},"geometry":{"type":"Polygon","coordinates":[[[103.847586,1.280004],[103.8476103,1.2800527],[103.8477867,1.2799646],[103.8477624,1.2799159],[103.847586,1.280004]]]}},{"type":"Feature","id":172904473,"properties":{"osm_id":172904473,"name":"Smash Street","height_m":10.0,"height_basis":"osm-height","source_id":"osm-cbd-buildings"},"geometry":{"type":"Polygon","coordinates":[[[103.8470374,1.2802063],[103.847018,1.28016],[103.846861,1.2802323],[103.8468681,1.2802535],[103.8468752,1.2802746],[103.8470374,1.2802063]]]}},{"type":"Feature","id":172904474,"properties":{"osm_id":172904474,"name":"Unnamed building","height_m":10.0,"height_basis":"osm-height","source_id":"osm-cbd-buildings"},"geometry":{"type":"Polygon","coordinates":[[[103.847018,1.28016],[103.8470034,1.2801274],[103.8468485,1.2801897],[103.846861,1.2802323],[103.847018,1.28016]]]}},{"type":"Feature","id":172904476,"properties":{"osm_id":172904476,"name":"Unnamed building","height_m":10.0,"height_basis":"osm-height","source_id":"osm-cbd-buildings"},"geometry":{"type":"Polygon","coordinates":[[[103.8470034,1.2801274],[103.8469842,1.280083],[103.8468361,1.2801509],[103.8468485,1.2801897],[103.8470034,1.2801274]]]}},{"type":"Feature","id":172904479,"properties":{"osm_id":172904479,"name":"Unnamed building","height_m":10.0,"height_basis":"osm-height","source_id":"osm-cbd-buildings"},"geometry":{"type":"Polygon","coordinates":[[[103.8469842,1.280083],[103.846969,1.2800458],[103.8468232,1.2801098],[103.8468361,1.2801509],[103.8469842,1.280083]]]}},{"type":"Feature","id":172904481,"properties":{"osm_id":172904481,"name":"Unnamed building","height_m":10.0,"height_basis":"osm-height","source_id":"osm-cbd-buildings"},"geometry":{"type":"Polygon","coordinates":[[[103.846969,1.2800458],[103.8469522,1.2800039],[103.8469216,1.2800188],[103.8468894,1.280033],[103.846859,1.2800457],[103.8468123,1.2800714],[103.8468232,1.2801098],[103.846969,1.2800458]]]}},{"type":"Feature","id":172904484,"properties":{"osm_id":172904484,"name":"Unnamed building","height_m":10.0,"height_basis":"osm-height","source_id":"osm-cbd-buildings"},"geometry":{"type":"Polygon","coordinates":[[[103.8468123,1.2800714],[103.846859,1.2800457],[103.8468261,1.279946],[103.8467898,1.2799655],[103.8467969,1.2799989],[103.8468123,1.2800714]]]}},{"type":"Feature","id":172904487,"properties":{"osm_id":172904487,"name":"Unnamed building","height_m":10.0,"height_basis":"osm-height","source_id":"osm-cbd-buildings"},"geometry":{"type":"Polygon","coordinates":[[[103.846859,1.2800457],[103.8468894,1.280033],[103.8468567,1.2799373],[103.8468261,1.279946],[103.846859,1.2800457]]]}},{"type":"Feature","id":172904489,"properties":{"osm_id":172904489,"name":"Unnamed building","height_m":10.0,"height_basis":"osm-height","source_id":"osm-cbd-buildings"},"geometry":{"type":"Polygon","coordinates":[[[103.8468894,1.280033],[103.8469216,1.2800188],[103.8468905,1.2799276],[103.8468567,1.2799373],[103.8468894,1.280033]]]}},{"type":"Feature","id":172904490,"properties":{"osm_id":172904490,"name":"Unnamed building","height_m":10.0,"height_basis":"osm-height","source_id":"osm-cbd-buildings"},"geometry":{"type":"Polygon","coordinates":[[[103.8469216,1.2800188],[103.8469522,1.2800039],[103.8469181,1.2799207],[103.8468905,1.2799276],[103.8469216,1.2800188]]]}},{"type":"Feature","id":172904491,"properties":{"osm_id":172904491,"name":"Unnamed building","height_m":10.0,"height_basis":"osm-height","source_id":"osm-cbd-buildings"},"geometry":{"type":"Polygon","coordinates":[[[103.8462257,1.2819399],[103.8462664,1.2818976],[103.8460625,1.2817017],[103.8460218,1.281744],[103.8462257,1.2819399]]]}},{"type":"Feature","id":172904492,"properties":{"osm_id":172904492,"name":"Unnamed building","height_m":6.4,"height_basis":"levels-estimate","source_id":"osm-cbd-buildings"},"geometry":{"type":"Polygon","coordinates":[[[103.8470228,1.2825592],[103.8470416,1.2825229],[103.8468638,1.2824339],[103.846845,1.2824702],[103.8468858,1.2824906],[103.8469256,1.2825105],[103.8470228,1.2825592]]]}},{"type":"Feature","id":172904493,"properties":{"osm_id":172904493,"name":"Unnamed building","height_m":10.0,"height_basis":"osm-height","source_id":"osm-cbd-buildings"},"geometry":{"type":"Polygon","coordinates":[[[103.8476103,1.2800527],[103.8476395,1.280099],[103.8478156,1.2800108],[103.8477867,1.2799646],[103.8476103,1.2800527]]]}},{"type":"Feature","id":172904494,"properties":{"osm_id":172904494,"name":"Unnamed building","height_m":10.0,"height_basis":"osm-height","source_id":"osm-cbd-buildings"},"geometry":{"type":"Polygon","coordinates":[[[103.8462664,1.2818976],[103.846303,1.2818596],[103.8460991,1.2816636],[103.8460625,1.2817017],[103.8462664,1.2818976]]]}},{"type":"Feature","id":172904495,"properties":{"osm_id":172904495,"name":"Unnamed building","height_m":10.0,"height_basis":"osm-height","source_id":"osm-cbd-buildings"},"geometry":{"type":"Polygon","coordinates":[[[103.846303,1.2818596],[103.8463397,1.2818213],[103.8461358,1.2816254],[103.8460991,1.2816636],[103.846303,1.2818596]]]}},{"type":"Feature","id":172904496,"properties":{"osm_id":172904496,"name":"Unnamed building","height_m":10.0,"height_basis":"osm-height","source_id":"osm-cbd-buildings"},"geometry":{"type":"Polygon","coordinates":[[[103.846062,1.2816235],[103.846104,1.2815791],[103.8459348,1.2813478],[103.8458825,1.2813748],[103.846062,1.2816235]]]}},{"type":"Feature","id":172904497,"properties":{"osm_id":172904497,"name":"Unnamed building","height_m":10.0,"height_basis":"osm-height","source_id":"osm-cbd-buildings"},"geometry":{"type":"Polygon","coordinates":[[[103.8463397,1.2818213],[103.8463747,1.2817849],[103.8461708,1.281589],[103.8461358,1.2816254],[103.8463397,1.2818213]]]}},{"type":"Feature","id":172904498,"properties":{"osm_id":172904498,"name":"Unnamed building","height_m":10.0,"height_basis":"osm-height","source_id":"osm-cbd-buildings"},"geometry":{"type":"Polygon","coordinates":[[[103.846104,1.2815791],[103.8461547,1.2815277],[103.845991,1.2813089],[103.8459348,1.2813478],[103.846104,1.2815791]]]}},{"type":"Feature","id":172904499,"properties":{"osm_id":172904499,"name":"Unnamed building","height_m":10.0,"height_basis":"osm-height","source_id":"osm-cbd-buildings"},"geometry":{"type":"Polygon","coordinates":[[[103.8461547,1.2815277],[103.8461817,1.2814967],[103.8460228,1.2812733],[103.845991,1.2813089],[103.8461547,1.2815277]]]}},{"type":"Feature","id":172904500,"properties":{"osm_id":172904500,"name":"Unnamed building","height_m":10.0,"height_basis":"osm-height","source_id":"osm-cbd-buildings"},"geometry":{"type":"Polygon","coordinates":[[[103.8464388,1.2801259],[103.8464333,1.280085],[103.8465985,1.2800302],[103.8466785,1.2800037],[103.8466919,1.2800415],[103.8464388,1.2801259]]]}},{"type":"Feature","id":172904501,"properties":{"osm_id":172904501,"name":"Unnamed building","height_m":10.0,"height_basis":"osm-height","source_id":"osm-cbd-buildings"},"geometry":{"type":"Polygon","coordinates":[[[103.8464421,1.2801695],[103.8464388,1.2801259],[103.8466919,1.2800415],[103.8467087,1.2800866],[103.8464421,1.2801695]]]}},{"type":"Feature","id":172904502,"properties":{"osm_id":172904502,"name":"Unnamed building","height_m":10.0,"height_basis":"osm-height","source_id":"osm-cbd-buildings"},"geometry":{"type":"Polygon","coordinates":[[[103.8457523,1.2814605],[103.8457631,1.2814932],[103.845776,1.2815315],[103.8457901,1.2815686],[103.8458854,1.2814703],[103.8458407,1.2814067],[103.8457489,1.281449],[103.8457523,1.2814605]]]}},{"type":"Feature","id":172904503,"properties":{"osm_id":172904503,"name":"Unnamed building","height_m":10.0,"height_basis":"osm-height","source_id":"osm-cbd-buildings"},"geometry":{"type":"Polygon","coordinates":[[[103.8482119,1.2814484],[103.8481769,1.2814699],[103.8481724,1.2814965],[103.8482129,1.2815727],[103.8482658,1.2815423],[103.8482119,1.2814484]]]}},{"type":"Feature","id":172904504,"properties":{"osm_id":172904504,"name":"Unnamed building","height_m":10.0,"height_basis":"osm-height","source_id":"osm-cbd-buildings"},"geometry":{"type":"Polygon","coordinates":[[[103.8471,1.2826391],[103.8471331,1.2826713],[103.8472107,1.2825639],[103.8471768,1.2825368],[103.8471,1.2826391]]]}},{"type":"Feature","id":172904505,"properties":{"osm_id":172904505,"name":"Unnamed building","height_m":10.0,"height_basis":"osm-height","source_id":"osm-cbd-buildings"},"geometry":{"type":"Polygon","coordinates":[[[103.8476395,1.280099],[103.847667,1.2801533],[103.8478486,1.2800574],[103.8478156,1.2800108],[103.8476395,1.280099]]]}},{"type":"Feature","id":172904506,"properties":{"osm_id":172904506,"name":"Unnamed building","height_m":10.0,"height_basis":"osm-height","source_id":"osm-cbd-buildings"},"geometry":{"type":"Polygon","coordinates":[[[103.8461817,1.2814967],[103.8462206,1.2814555],[103.8460616,1.281232],[103.8460228,1.2812733],[103.8461817,1.2814967]]]}},{"type":"Feature","id":172904507,"properties":{"osm_id":172904507,"name":"Unnamed building","height_m":10.0,"height_basis":"osm-height","source_id":"osm-cbd-buildings"},"geometry":{"type":"Polygon","coordinates":[[[103.8464459,1.2802232],[103.8464421,1.2801695],[103.8467087,1.2800866],[103.8467226,1.28013],[103.8464459,1.2802232]]]}},{"type":"Feature","id":172904508,"properties":{"osm_id":172904508,"name":"Unnamed building","height_m":10.0,"height_basis":"osm-height","source_id":"osm-cbd-buildings"},"geometry":{"type":"Polygon","coordinates":[[[103.8464485,1.2802777],[103.8464459,1.2802232],[103.8467226,1.28013],[103.8467377,1.2801807],[103.8464485,1.2802777]]]}},{"type":"Feature","id":172904509,"properties":{"osm_id":172904509,"name":"Unnamed building","height_m":12,"height_basis":"illustrative-default","source_id":"osm-cbd-buildings"},"geometry":{"type":"Polygon","coordinates":[[[103.8462206,1.2814555],[103.8462613,1.2814101],[103.8461005,1.281194],[103.8460616,1.281232],[103.8462206,1.2814555]]]}},{"type":"Feature","id":172904510,"properties":{"osm_id":172904510,"name":"Unnamed building","height_m":10.0,"height_basis":"osm-height","source_id":"osm-cbd-buildings"},"geometry":{"type":"Polygon","coordinates":[[[103.8464521,1.2803292],[103.8464485,1.2802777],[103.8467377,1.2801807],[103.8467523,1.2802263],[103.8464521,1.2803292]]]}},{"type":"Feature","id":172904511,"properties":{"osm_id":172904511,"name":"Unnamed building","height_m":10.0,"height_basis":"osm-height","source_id":"osm-cbd-buildings"},"geometry":{"type":"Polygon","coordinates":[[[103.8464601,1.2803866],[103.8464521,1.2803292],[103.8467523,1.2802263],[103.8467685,1.2802798],[103.8464601,1.2803866]]]}},{"type":"Feature","id":172904512,"properties":{"osm_id":172904512,"name":"Unnamed building","height_m":10.0,"height_basis":"osm-height","source_id":"osm-cbd-buildings"},"geometry":{"type":"Polygon","coordinates":[[[103.8464735,1.2804337],[103.8464601,1.2803866],[103.8467685,1.2802798],[103.8467869,1.2803299],[103.8464735,1.2804337]]]}},{"type":"Feature","id":172904513,"properties":{"osm_id":172904513,"name":"Unnamed building","height_m":10.0,"height_basis":"osm-height","source_id":"osm-cbd-buildings"},"geometry":{"type":"Polygon","coordinates":[[[103.8464917,1.2804847],[103.8464735,1.2804337],[103.8467869,1.2803299],[103.8468059,1.2803789],[103.8464917,1.2804847]]]}},{"type":"Feature","id":172904514,"properties":{"osm_id":172904514,"name":"Unnamed building","height_m":10.0,"height_basis":"osm-height","source_id":"osm-cbd-buildings"},"geometry":{"type":"Polygon","coordinates":[[[103.8465178,1.2805524],[103.8464917,1.2804847],[103.8468059,1.2803789],[103.846826,1.2804312],[103.8465178,1.2805524]]]}},{"type":"Feature","id":172904515,"properties":{"osm_id":172904515,"name":"Unnamed building","height_m":10.0,"height_basis":"osm-height","source_id":"osm-cbd-buildings"},"geometry":{"type":"Polygon","coordinates":[[[103.8465407,1.2806121],[103.8465178,1.2805524],[103.846826,1.2804312],[103.8468456,1.2804852],[103.8465407,1.2806121]]]}},{"type":"Feature","id":172904516,"properties":{"osm_id":172904516,"name":"Unnamed building","height_m":10.0,"height_basis":"osm-height","source_id":"osm-cbd-buildings"},"geometry":{"type":"Polygon","coordinates":[[[103.8465612,1.2806726],[103.8465407,1.2806121],[103.8468456,1.2804852],[103.8468685,1.2805409],[103.8465612,1.2806726]]]}},{"type":"Feature","id":172904517,"properties":{"osm_id":172904517,"name":"Unnamed building","height_m":10.0,"height_basis":"osm-height","source_id":"osm-cbd-buildings"},"geometry":{"type":"Polygon","coordinates":[[[103.8465849,1.280734],[103.8465612,1.2806726],[103.8468685,1.2805409],[103.8468888,1.2805982],[103.8465849,1.280734]]]}},{"type":"Feature","id":172904518,"properties":{"osm_id":172904518,"name":"Unnamed building","height_m":10.0,"height_basis":"osm-height","source_id":"osm-cbd-buildings"},"geometry":{"type":"Polygon","coordinates":[[[103.8470416,1.2825229],[103.8470642,1.2824816],[103.8468816,1.282397],[103.8468638,1.2824339],[103.8470416,1.2825229]]]}},{"type":"Feature","id":172904519,"properties":{"osm_id":172904519,"name":"Unnamed building","height_m":10.0,"height_basis":"osm-height","source_id":"osm-cbd-buildings"},"geometry":{"type":"Polygon","coordinates":[[[103.847667,1.2801533],[103.8476952,1.2802014],[103.8478755,1.2801034],[103.8478486,1.2800574],[103.847667,1.2801533]]]}},{"type":"Feature","id":172904520,"properties":{"osm_id":172904520,"name":"Unnamed building","height_m":10.0,"height_basis":"osm-height","source_id":"osm-cbd-buildings"},"geometry":{"type":"Polygon","coordinates":[[[103.8466127,1.2807991],[103.8465849,1.280734],[103.8468888,1.2805982],[103.8469149,1.2806581],[103.8466127,1.2807991]]]}},{"type":"Feature","id":172904521,"properties":{"osm_id":172904521,"name":"Unnamed building","height_m":10.0,"height_basis":"osm-height","source_id":"osm-cbd-buildings"},"geometry":{"type":"Polygon","coordinates":[[[103.8458043,1.281861],[103.8457713,1.281811],[103.8459881,1.2816041],[103.8460256,1.2816491],[103.8458043,1.281861]]]}},{"type":"Feature","id":172904522,"properties":{"osm_id":172904522,"name":"Unnamed building","height_m":10.0,"height_basis":"osm-height","source_id":"osm-cbd-buildings"},"geometry":{"type":"Polygon","coordinates":[[[103.8466376,1.2808554],[103.8466127,1.2807991],[103.8469149,1.2806581],[103.8469389,1.2807078],[103.8466376,1.2808554]]]}},{"type":"Feature","id":172904523,"properties":{"osm_id":172904523,"name":"Unnamed building","height_m":10.0,"height_basis":"osm-height","source_id":"osm-cbd-buildings"},"geometry":{"type":"Polygon","coordinates":[[[103.846675,1.2809197],[103.8466376,1.2808554],[103.8469389,1.2807078],[103.8469645,1.2807593],[103.846675,1.2809197]]]}},{"type":"Feature","id":172904524,"properties":{"osm_id":172904524,"name":"Unnamed building","height_m":10.0,"height_basis":"osm-height","source_id":"osm-cbd-buildings"},"geometry":{"type":"Polygon","coordinates":[[[103.8457713,1.281811],[103.845741,1.2817672],[103.8459522,1.2815592],[103.8459881,1.2816041],[103.8457713,1.281811]]]}},{"type":"Feature","id":172904526,"properties":{"osm_id":172904526,"name":"Unnamed building","height_m":10.0,"height_basis":"osm-height","source_id":"osm-cbd-buildings"},"geometry":{"type":"Polygon","coordinates":[[[103.8467144,1.2809768],[103.846675,1.2809197],[103.8469645,1.2807593],[103.8469924,1.2808107],[103.8467144,1.2809768]]]}},{"type":"Feature","id":172904529,"properties":{"osm_id":172904529,"name":"Unnamed building","height_m":10.0,"height_basis":"osm-height","source_id":"osm-cbd-buildings"},"geometry":{"type":"Polygon","coordinates":[[[103.8467432,1.2810306],[103.8467144,1.2809768],[103.8469924,1.2808107],[103.8470219,1.2808605],[103.8467432,1.2810306]]]}},{"type":"Feature","id":172904530,"properties":{"osm_id":172904530,"name":"Unnamed building","height_m":10.0,"height_basis":"osm-height","source_id":"osm-cbd-buildings"},"geometry":{"type":"Polygon","coordinates":[[[103.845741,1.2817672],[103.8457069,1.2817194],[103.8459169,1.2815136],[103.8459522,1.2815592],[103.845741,1.2817672]]]}},{"type":"Feature","id":172904532,"properties":{"osm_id":172904532,"name":"Unnamed building","height_m":10.0,"height_basis":"osm-height","source_id":"osm-cbd-buildings"},"geometry":{"type":"Polygon","coordinates":[[[103.846772,1.2810795],[103.8467432,1.2810306],[103.8470219,1.2808605],[103.8470524,1.2809106],[103.846772,1.2810795]]]}},{"type":"Feature","id":172904533,"properties":{"osm_id":172904533,"name":"Unnamed building","height_m":10.0,"height_basis":"osm-height","source_id":"osm-cbd-buildings"},"geometry":{"type":"Polygon","coordinates":[[[103.8468016,1.2811301],[103.846772,1.2810795],[103.8470524,1.2809106],[103.8470835,1.2809635],[103.8468016,1.2811301]]]}},{"type":"Feature","id":172904534,"properties":{"osm_id":172904534,"name":"Unnamed building","height_m":10.0,"height_basis":"osm-height","source_id":"osm-cbd-buildings"},"geometry":{"type":"Polygon","coordinates":[[[103.8457069,1.2817194],[103.8456783,1.2816783],[103.8457901,1.2815686],[103.8458854,1.2814703],[103.8459169,1.2815136],[103.8457069,1.2817194]]]}},{"type":"Feature","id":172904538,"properties":{"osm_id":172904538,"name":"CARNE Singapore","height_m":10.0,"height_basis":"osm-height","source_id":"osm-cbd-buildings"},"geometry":{"type":"Polygon","coordinates":[[[103.8468332,1.2811878],[103.8468016,1.2811301],[103.8470835,1.2809635],[103.8471187,1.2810172],[103.8468332,1.2811878]]]}},{"type":"Feature","id":172904539,"properties":{"osm_id":172904539,"name":"Unnamed building","height_m":10.0,"height_basis":"osm-height","source_id":"osm-cbd-buildings"},"geometry":{"type":"Polygon","coordinates":[[[103.8468691,1.2812454],[103.8468332,1.2811878],[103.8471187,1.2810172],[103.8471557,1.2810803],[103.8468691,1.2812454]]]}},{"type":"Feature","id":172904540,"properties":{"osm_id":172904540,"name":"Unnamed building","height_m":9.600000000000001,"height_basis":"levels-estimate","source_id":"osm-cbd-buildings"},"geometry":{"type":"Polygon","coordinates":[[[103.8456783,1.2816783],[103.8456565,1.281644],[103.845776,1.2815315],[103.8457901,1.2815686],[103.8456783,1.2816783]]]}},{"type":"Feature","id":172904541,"properties":{"osm_id":172904541,"name":"Unnamed building","height_m":10.0,"height_basis":"osm-height","source_id":"osm-cbd-buildings"},"geometry":{"type":"Polygon","coordinates":[[[103.8482528,1.2814249],[103.8482119,1.2814484],[103.8482658,1.2815423],[103.8483068,1.2815188],[103.8482528,1.2814249]]]}},{"type":"Feature","id":172904542,"properties":{"osm_id":172904542,"name":"Unnamed building","height_m":10.0,"height_basis":"osm-height","source_id":"osm-cbd-buildings"},"geometry":{"type":"Polygon","coordinates":[[[103.8470752,1.2826196],[103.8471,1.2826391],[103.8471768,1.2825368],[103.8471326,1.2825003],[103.8470726,1.2825766],[103.8470752,1.2826196]]]}},{"type":"Feature","id":172904543,"properties":{"osm_id":172904543,"name":"Unnamed building","height_m":10.0,"height_basis":"osm-height","source_id":"osm-cbd-buildings"},"geometry":{"type":"Polygon","coordinates":[[[103.8476952,1.2802014],[103.84772,1.2802491],[103.8479024,1.2801494],[103.8478755,1.2801034],[103.8476952,1.2802014]]]}},{"type":"Feature","id":172904544,"properties":{"osm_id":172904544,"name":"Unnamed building","height_m":10.0,"height_basis":"osm-height","source_id":"osm-cbd-buildings"},"geometry":{"type":"Polygon","coordinates":[[[103.8468987,1.2812944],[103.8468691,1.2812454],[103.8471557,1.2810803],[103.8471841,1.2811259],[103.8468987,1.2812944]]]}},{"type":"Feature","id":172904545,"properties":{"osm_id":172904545,"name":"Yim","height_m":10.0,"height_basis":"osm-height","source_id":"osm-cbd-buildings"},"geometry":{"type":"Polygon","coordinates":[[[103.8456565,1.281644],[103.8456352,1.2816085],[103.8457631,1.2814932],[103.845776,1.2815315],[103.8456565,1.281644]]]}},{"type":"Feature","id":172904546,"properties":{"osm_id":172904546,"name":"Unnamed building","height_m":10.0,"height_basis":"osm-height","source_id":"osm-cbd-buildings"},"geometry":{"type":"Polygon","coordinates":[[[103.8469491,1.2813553],[103.846925,1.2813214],[103.8471827,1.2811621],[103.8472087,1.2812046],[103.8469491,1.2813553]]]}},{"type":"Feature","id":172904547,"properties":{"osm_id":172904547,"name":"Unnamed building","height_m":10.0,"height_basis":"osm-height","source_id":"osm-cbd-buildings"},"geometry":{"type":"Polygon","coordinates":[[[103.846976,1.2813959],[103.8469491,1.2813553],[103.8472087,1.2812046],[103.8472324,1.2812403],[103.846976,1.2813959]]]}},{"type":"Feature","id":172904548,"properties":{"osm_id":172904548,"name":"Unnamed building","height_m":10.0,"height_basis":"osm-height","source_id":"osm-cbd-buildings"},"geometry":{"type":"Polygon","coordinates":[[[103.8456352,1.2816085],[103.8456178,1.2815791],[103.8457523,1.2814605],[103.8457631,1.2814932],[103.8456352,1.2816085]]]}},{"type":"Feature","id":172904549,"properties":{"osm_id":172904549,"name":"Unnamed building","height_m":10.0,"height_basis":"osm-height","source_id":"osm-cbd-buildings"},"geometry":{"type":"Polygon","coordinates":[[[103.8469984,1.2814298],[103.846976,1.2813959],[103.8472324,1.2812403],[103.8472567,1.28128],[103.8469984,1.2814298]]]}},{"type":"Feature","id":172904550,"properties":{"osm_id":172904550,"name":"Unnamed building","height_m":10.0,"height_basis":"osm-height","source_id":"osm-cbd-buildings"},"geometry":{"type":"Polygon","coordinates":[[[103.8470261,1.2814755],[103.8469984,1.2814298],[103.8472567,1.28128],[103.8472816,1.2813224],[103.8470261,1.2814755]]]}},{"type":"Feature","id":172904551,"properties":{"osm_id":172904551,"name":"Unnamed building","height_m":10.0,"height_basis":"osm-height","source_id":"osm-cbd-buildings"},"geometry":{"type":"Polygon","coordinates":[[[103.8456178,1.2815791],[103.8455803,1.2815191],[103.8457489,1.281449],[103.8457523,1.2814605],[103.8456178,1.2815791]]]}},{"type":"Feature","id":172904552,"properties":{"osm_id":172904552,"name":"Unnamed building","height_m":10.0,"height_basis":"osm-height","source_id":"osm-cbd-buildings"},"geometry":{"type":"Polygon","coordinates":[[[103.8470486,1.2815094],[103.8470261,1.2814755],[103.8472816,1.2813224],[103.847307,1.2813649],[103.8470486,1.2815094]]]}},{"type":"Feature","id":172904553,"properties":{"osm_id":172904553,"name":"Unnamed building","height_m":10.0,"height_basis":"osm-height","source_id":"osm-cbd-buildings"},"geometry":{"type":"Polygon","coordinates":[[[103.8470738,1.2815467],[103.8470486,1.2815094],[103.847307,1.2813649],[103.8473318,1.2814079],[103.8470738,1.2815467]]]}},{"type":"Feature","id":172904554,"properties":{"osm_id":172904554,"name":"Unnamed building","height_m":10.0,"height_basis":"osm-height","source_id":"osm-cbd-buildings"},"geometry":{"type":"Polygon","coordinates":[[[103.8471124,1.2816002],[103.8470738,1.2815467],[103.8473318,1.2814079],[103.8473544,1.2814493],[103.8471124,1.2816002]]]}},{"type":"Feature","id":172904555,"properties":{"osm_id":172904555,"name":"Unnamed building","height_m":10.0,"height_basis":"osm-height","source_id":"osm-cbd-buildings"},"geometry":{"type":"Polygon","coordinates":[[[103.8471382,1.2816338],[103.8471124,1.2816002],[103.8473544,1.2814493],[103.8473821,1.2814962],[103.8471382,1.2816338]]]}},{"type":"Feature","id":172904558,"properties":{"osm_id":172904558,"name":"Unnamed building","height_m":40.0,"height_basis":"osm-height","source_id":"osm-cbd-buildings"},"geometry":{"type":"Polygon","coordinates":[[[103.84631,1.282093],[103.8464528,1.2817987],[103.8467579,1.2819473],[103.8468093,1.281944],[103.846892,1.2818915],[103.846883,1.2818814],[103.8469445,1.2818457],[103.8469691,1.2818814],[103.8469881,1.2818669],[103.8469568,1.2818155],[103.8469098,1.2818445],[103.8468987,1.2818188],[103.8468227,1.2818691],[103.8467489,1.2817362],[103.8467701,1.2817183],[103.8467478,1.2816814],[103.8467243,1.2816903],[103.8466526,1.2815698],[103.8467269,1.2815252],[103.8467174,1.2815141],[103.8467415,1.2815031],[103.846732,1.2814869],[103.8466617,1.281524],[103.846653,1.2815082],[103.8466052,1.2815331],[103.8466419,1.2815987],[103.8464535,1.2817105],[103.8463258,1.2815201],[103.8465353,1.2813968],[103.8465183,1.2813684],[103.846715,1.2812514],[103.8470149,1.2817812],[103.8470315,1.2817697],[103.8471465,1.2819617],[103.8468253,1.28216],[103.8467581,1.28216],[103.8465096,1.2820375],[103.8464535,1.2821584],[103.84631,1.282093]]]}},{"type":"Feature","id":172904559,"properties":{"osm_id":172904559,"name":"Unnamed building","height_m":10.0,"height_basis":"osm-height","source_id":"osm-cbd-buildings"},"geometry":{"type":"Polygon","coordinates":[[[103.8482188,1.2833355],[103.8481881,1.2832955],[103.848388,1.2831421],[103.8484187,1.283182],[103.8482188,1.2833355]]]}},{"type":"Feature","id":172904560,"properties":{"osm_id":172904560,"name":"Unnamed building","height_m":10.0,"height_basis":"osm-height","source_id":"osm-cbd-buildings"},"geometry":{"type":"Polygon","coordinates":[[[103.848632,1.2833589],[103.8486692,1.2833311],[103.8486347,1.2832849],[103.8485975,1.2833128],[103.848632,1.2833589]]]}},{"type":"Feature","id":172904561,"properties":{"osm_id":172904561,"name":"Unnamed building","height_m":10.0,"height_basis":"osm-height","source_id":"osm-cbd-buildings"},"geometry":{"type":"Polygon","coordinates":[[[103.8483179,1.284408],[103.8483449,1.2844493],[103.848544,1.2843195],[103.8485171,1.2842782],[103.8483179,1.284408]]]}},{"type":"Feature","id":172904562,"properties":{"osm_id":172904562,"name":"Unnamed building","height_m":10.0,"height_basis":"osm-height","source_id":"osm-cbd-buildings"},"geometry":{"type":"Polygon","coordinates":[[[103.8484927,1.2837619],[103.8484616,1.2837977],[103.8486427,1.2839546],[103.8486738,1.2839187],[103.8484927,1.2837619]]]}},{"type":"Feature","id":172904563,"properties":{"osm_id":172904563,"name":"Unnamed building","height_m":10.0,"height_basis":"osm-height","source_id":"osm-cbd-buildings"},"geometry":{"type":"Polygon","coordinates":[[[103.8487377,1.2827405],[103.848713,1.2827075],[103.848549,1.2828301],[103.8485737,1.2828631],[103.8487377,1.2827405]]]}},{"type":"Feature","id":172904564,"properties":{"osm_id":172904564,"name":"Unnamed building","height_m":10.0,"height_basis":"osm-height","source_id":"osm-cbd-buildings"},"geometry":{"type":"Polygon","coordinates":[[[103.8485151,1.2835347],[103.848547,1.2835046],[103.8483986,1.2833271],[103.8483619,1.2833572],[103.8485151,1.2835347]]]}},{"type":"Feature","id":172904565,"properties":{"osm_id":172904565,"name":"Unnamed building","height_m":10.0,"height_basis":"osm-height","source_id":"osm-cbd-buildings"},"geometry":{"type":"Polygon","coordinates":[[[103.8477713,1.283515],[103.8477969,1.2835569],[103.8479881,1.2834403],[103.8479626,1.2833984],[103.8477713,1.283515]]]}},{"type":"Feature","id":172904566,"properties":{"osm_id":172904566,"name":"Unnamed building","height_m":10.0,"height_basis":"osm-height","source_id":"osm-cbd-buildings"},"geometry":{"type":"Polygon","coordinates":[[[103.8465378,1.2842622],[103.8465595,1.2843026],[103.8467615,1.2841808],[103.84674,1.2841453],[103.8466869,1.2841754],[103.8465378,1.2842622]]]}},{"type":"Feature","id":172904567,"properties":{"osm_id":172904567,"name":"Unnamed building","height_m":10.0,"height_basis":"osm-height","source_id":"osm-cbd-buildings"},"geometry":{"type":"Polygon","coordinates":[[[103.8480669,1.2831377],[103.8480362,1.2830977],[103.8482361,1.2829443],[103.8482668,1.2829842],[103.8480669,1.2831377]]]}},{"type":"Feature","id":172904568,"properties":{"osm_id":172904568,"name":"Unnamed building","height_m":10.0,"height_basis":"osm-height","source_id":"osm-cbd-buildings"},"geometry":{"type":"Polygon","coordinates":[[[103.8487959,1.2832364],[103.8488325,1.283209],[103.8487536,1.2831035],[103.848717,1.2831309],[103.8487959,1.2832364]]]}},{"type":"Feature","id":172904569,"properties":{"osm_id":172904569,"name":"Unnamed building","height_m":10.0,"height_basis":"osm-height","source_id":"osm-cbd-buildings"},"geometry":{"type":"Polygon","coordinates":[[[103.8482914,1.2837822],[103.8483217,1.2837422],[103.8481734,1.2835899],[103.8481643,1.2836567],[103.8482914,1.2837822]]]}},{"type":"Feature","id":172904570,"properties":{"osm_id":172904570,"name":"Unnamed building","height_m":10.0,"height_basis":"osm-height","source_id":"osm-cbd-buildings"},"geometry":{"type":"Polygon","coordinates":[[[103.8486169,1.2836186],[103.8485858,1.2836544],[103.8487669,1.2838112],[103.848798,1.2837754],[103.8486169,1.2836186]]]}},{"type":"Feature","id":172904571,"properties":{"osm_id":172904571,"name":"Unnamed building","height_m":10.0,"height_basis":"osm-height","source_id":"osm-cbd-buildings"},"geometry":{"type":"Polygon","coordinates":[[[103.848264,1.2843253],[103.848291,1.2843667],[103.8484901,1.2842369],[103.8484631,1.2841955],[103.848264,1.2843253]]]}},{"type":"Feature","id":172904572,"properties":{"osm_id":172904572,"name":"Unnamed building","height_m":10.0,"height_basis":"osm-height","source_id":"osm-cbd-buildings"},"geometry":{"type":"Polygon","coordinates":[[[103.8485548,1.2836902],[103.8485237,1.2837261],[103.8487048,1.2838829],[103.8487359,1.2838471],[103.8485548,1.2836902]]]}},{"type":"Feature","id":172904573,"properties":{"osm_id":172904573,"name":"Unnamed building","height_m":10.0,"height_basis":"osm-height","source_id":"osm-cbd-buildings"},"geometry":{"type":"Polygon","coordinates":[[[103.8466544,1.284455],[103.846665,1.2844728],[103.8468561,1.2843591],[103.8468454,1.2843413],[103.8466544,1.284455]]]}},{"type":"Feature","id":172904574,"properties":{"osm_id":172904574,"name":"Unnamed building","height_m":10.0,"height_basis":"osm-height","source_id":"osm-cbd-buildings"},"geometry":{"type":"Polygon","coordinates":[[[103.8485505,1.2832501],[103.8485764,1.2832847],[103.8486344,1.2832414],[103.8486085,1.2832067],[103.8485505,1.2832501]]]}},{"type":"Feature","id":172904575,"properties":{"osm_id":172904575,"name":"Unnamed building","height_m":10.0,"height_basis":"osm-height","source_id":"osm-cbd-buildings"},"geometry":{"type":"Polygon","coordinates":[[[103.8489636,1.2831109],[103.8489965,1.2830864],[103.8489176,1.2829809],[103.8488847,1.2830055],[103.8489636,1.2831109]]]}},{"type":"Feature","id":172904576,"properties":{"osm_id":172904576,"name":"Unnamed building","height_m":10.0,"height_basis":"osm-height","source_id":"osm-cbd-buildings"},"geometry":{"type":"Polygon","coordinates":[[[103.8487964,1.282819],[103.8487722,1.2827866],[103.8486082,1.2829093],[103.8486324,1.2829416],[103.8487964,1.282819]]]}},{"type":"Feature","id":172904577,"properties":{"osm_id":172904577,"name":"Unnamed building","height_m":10.0,"height_basis":"osm-height","source_id":"osm-cbd-buildings"},"geometry":{"type":"Polygon","coordinates":[[[103.8483997,1.2829768],[103.8484281,1.2830172],[103.8485651,1.2829208],[103.8485367,1.2828804],[103.8483997,1.2829768]]]}},{"type":"Feature","id":172904578,"properties":{"osm_id":172904578,"name":"Unnamed building","height_m":10.0,"height_basis":"osm-height","source_id":"osm-cbd-buildings"},"geometry":{"type":"Polygon","coordinates":[[[103.8484566,1.2836022],[103.848487,1.2835678],[103.8483264,1.2833921],[103.8482971,1.2834198],[103.8484566,1.2836022]]]}},{"type":"Feature","id":172904579,"properties":{"osm_id":172904579,"name":"Unnamed building","height_m":10.0,"height_basis":"osm-height","source_id":"osm-cbd-buildings"},"geometry":{"type":"Polygon","coordinates":[[[103.8477203,1.2834313],[103.8477458,1.2834732],[103.847937,1.2833566],[103.8479115,1.2833147],[103.8477203,1.2834313]]]}},{"type":"Feature","id":172904580,"properties":{"osm_id":172904580,"name":"Unnamed building","height_m":10.0,"height_basis":"osm-height","source_id":"osm-cbd-buildings"},"geometry":{"type":"Polygon","coordinates":[[[103.8464939,1.2841877],[103.8465148,1.2842251],[103.8466653,1.2841381],[103.8466437,1.2841009],[103.8464939,1.2841877]]]}},{"type":"Feature","id":172904581,"properties":{"osm_id":172904581,"name":"Unnamed building","height_m":10.0,"height_basis":"osm-height","source_id":"osm-cbd-buildings"},"geometry":{"type":"Polygon","coordinates":[[[103.848679,1.2835469],[103.8486479,1.2835827],[103.848829,1.2837396],[103.8488601,1.2837037],[103.848679,1.2835469]]]}},{"type":"Feature","id":172904582,"properties":{"osm_id":172904582,"name":"Unnamed building","height_m":10.0,"height_basis":"osm-height","source_id":"osm-cbd-buildings"},"geometry":{"type":"Polygon","coordinates":[[[103.8483995,1.2838694],[103.8483685,1.2839052],[103.8484057,1.2839375],[103.8485495,1.2840621],[103.8485806,1.2840263],[103.8483995,1.2838694]]]}},{"type":"Feature","id":172904583,"properties":{"osm_id":172904583,"name":"Unnamed building","height_m":6.4,"height_basis":"levels-estimate","source_id":"osm-cbd-buildings"},"geometry":{"type":"Polygon","coordinates":[[[103.8482101,1.2842427],[103.8482371,1.284284],[103.8484362,1.2841542],[103.8484092,1.2841129],[103.8482101,1.2842427]]]}},{"type":"Feature","id":172904584,"properties":{"osm_id":172904584,"name":"Unnamed building","height_m":10.0,"height_basis":"osm-height","source_id":"osm-cbd-buildings"},"geometry":{"type":"Polygon","coordinates":[[[103.8476294,1.2835117],[103.847612,1.2834801],[103.8474509,1.2835745],[103.8474699,1.283607],[103.8476294,1.2835117]]]}},{"type":"Feature","id":172904585,"properties":{"osm_id":172904585,"name":"Unnamed building","height_m":10.0,"height_basis":"osm-height","source_id":"osm-cbd-buildings"},"geometry":{"type":"Polygon","coordinates":[[[103.8486549,1.2826298],[103.8486266,1.2825919],[103.8484625,1.2827145],[103.8484909,1.2827525],[103.8486549,1.2826298]]]}},{"type":"Feature","id":172904586,"properties":{"osm_id":172904586,"name":"Unnamed building","height_m":10.0,"height_basis":"osm-height","source_id":"osm-cbd-buildings"},"geometry":{"type":"Polygon","coordinates":[[[103.8469063,1.2843405],[103.8469516,1.2843144],[103.8468611,1.2841507],[103.8468163,1.2841758],[103.8469063,1.2843405]]]}},{"type":"Feature","id":172904587,"properties":{"osm_id":172904587,"name":"Unnamed building","height_m":10.0,"height_basis":"osm-height","source_id":"osm-cbd-buildings"},"geometry":{"type":"Polygon","coordinates":[[[103.8478479,1.2836406],[103.8478735,1.2836824],[103.8480647,1.2835658],[103.8480392,1.283524],[103.8478479,1.2836406]]]}},{"type":"Feature","id":172904588,"properties":{"osm_id":172904588,"name":"Unnamed building","height_m":10.0,"height_basis":"osm-height","source_id":"osm-cbd-buildings"},"geometry":{"type":"Polygon","coordinates":[[[103.8466074,1.2843827],[103.8466335,1.2844218],[103.846826,1.2843073],[103.8468043,1.2842642],[103.8466074,1.2843827]]]}},{"type":"Feature","id":172904589,"properties":{"osm_id":172904589,"name":"Unnamed building","height_m":10.0,"height_basis":"osm-height","source_id":"osm-cbd-buildings"},"geometry":{"type":"Polygon","coordinates":[[[103.8485135,1.2832006],[103.8485337,1.2832276],[103.8485917,1.2831842],[103.8485715,1.2831572],[103.8485135,1.2832006]]]}},{"type":"Feature","id":172904590,"properties":{"osm_id":172904590,"name":"Unnamed building","height_m":10.0,"height_basis":"osm-height","source_id":"osm-cbd-buildings"},"geometry":{"type":"Polygon","coordinates":[[[103.8477942,1.283791],[103.8477724,1.2837538],[103.8476589,1.2838203],[103.8476807,1.2838575],[103.8477942,1.283791]]]}},{"type":"Feature","id":172904591,"properties":{"osm_id":172904591,"name":"Unnamed building","height_m":10.0,"height_basis":"osm-height","source_id":"osm-cbd-buildings"},"geometry":{"type":"Polygon","coordinates":[[[103.8467901,1.2839228],[103.8467474,1.2839477],[103.8468611,1.2841507],[103.8469068,1.2841243],[103.8467901,1.2839228]]]}},{"type":"Feature","id":172904592,"properties":{"osm_id":172904592,"name":"Unnamed building","height_m":10.0,"height_basis":"osm-height","source_id":"osm-cbd-buildings"},"geometry":{"type":"Polygon","coordinates":[[[103.8488941,1.2831629],[103.8489271,1.2831383],[103.8488481,1.2830328],[103.8488152,1.2830574],[103.8488941,1.2831629]]]}},{"type":"Feature","id":172904593,"properties":{"osm_id":172904593,"name":"Unnamed building","height_m":10.0,"height_basis":"osm-height","source_id":"osm-cbd-buildings"},"geometry":{"type":"Polygon","coordinates":[[[103.8483428,1.282896],[103.8483712,1.2829364],[103.8485082,1.28284],[103.8484798,1.2827996],[103.8483428,1.282896]]]}},{"type":"Feature","id":172904594,"properties":{"osm_id":172904594,"name":"Unnamed building","height_m":10.0,"height_basis":"osm-height","source_id":"osm-cbd-buildings"},"geometry":{"type":"Polygon","coordinates":[[[103.8483948,1.2836677],[103.8484251,1.2836355],[103.8482645,1.283452],[103.8482286,1.2834898],[103.8483948,1.2836677]]]}},{"type":"Feature","id":172904595,"properties":{"osm_id":172904595,"name":"Unnamed building","height_m":10.0,"height_basis":"osm-height","source_id":"osm-cbd-buildings"},"geometry":{"type":"Polygon","coordinates":[[[103.8481881,1.2832955],[103.8481574,1.2832555],[103.8483573,1.2831021],[103.848388,1.2831421],[103.8481881,1.2832955]]]}},{"type":"Feature","id":172904596,"properties":{"osm_id":172904596,"name":"Unnamed building","height_m":10.0,"height_basis":"osm-height","source_id":"osm-cbd-buildings"},"geometry":{"type":"Polygon","coordinates":[[[103.8486692,1.2833311],[103.8486899,1.2833156],[103.8486554,1.2832695],[103.8486347,1.2832849],[103.8486692,1.2833311]]]}},{"type":"Feature","id":172904597,"properties":{"osm_id":172904597,"name":"Unnamed building","height_m":10.0,"height_basis":"osm-height","source_id":"osm-cbd-buildings"},"geometry":{"type":"Polygon","coordinates":[[[103.8483449,1.2844493],[103.8483718,1.2844906],[103.848571,1.2843608],[103.848544,1.2843195],[103.8483449,1.2844493]]]}},{"type":"Feature","id":172904599,"properties":{"osm_id":172904599,"name":"Unnamed building","height_m":12,"height_basis":"illustrative-default","source_id":"osm-cbd-buildings"},"geometry":{"type":"Polygon","coordinates":[[[103.8467661,1.2846637],[103.8469088,1.2845779],[103.8468883,1.2845438],[103.8467455,1.2846296],[103.8467661,1.2846637]]]}},{"type":"Feature","id":172904600,"properties":{"osm_id":172904600,"name":"Unnamed building","height_m":10.0,"height_basis":"osm-height","source_id":"osm-cbd-buildings"},"geometry":{"type":"Polygon","coordinates":[[[103.8484616,1.2837977],[103.8484306,1.2838336],[103.8486116,1.2839904],[103.8486427,1.2839546],[103.8484616,1.2837977]]]}},{"type":"Feature","id":172904601,"properties":{"osm_id":172904601,"name":"Unnamed building","height_m":10.0,"height_basis":"osm-height","source_id":"osm-cbd-buildings"},"geometry":{"type":"Polygon","coordinates":[[[103.8476755,1.2835885],[103.8476485,1.283544],[103.8474889,1.2836394],[103.8475144,1.2836829],[103.8476755,1.2835885]]]}},{"type":"Feature","id":172904602,"properties":{"osm_id":172904602,"name":"Unnamed building","height_m":10.0,"height_basis":"osm-height","source_id":"osm-cbd-buildings"},"geometry":{"type":"Polygon","coordinates":[[[103.848713,1.2827075],[103.848684,1.2826687],[103.84852,1.2827914],[103.848549,1.2828301],[103.848713,1.2827075]]]}},{"type":"Feature","id":172904603,"properties":{"osm_id":172904603,"name":"Unnamed building","height_m":10.0,"height_basis":"osm-height","source_id":"osm-cbd-buildings"},"geometry":{"type":"Polygon","coordinates":[[[103.8477969,1.2835569],[103.8478224,1.2835987],[103.8480136,1.2834821],[103.8479881,1.2834403],[103.8477969,1.2835569]]]}},{"type":"Feature","id":172904604,"properties":{"osm_id":172904604,"name":"Unnamed building","height_m":10.0,"height_basis":"osm-height","source_id":"osm-cbd-buildings"},"geometry":{"type":"Polygon","coordinates":[[[103.8465595,1.2843026],[103.8465838,1.284343],[103.8467821,1.2842265],[103.8467719,1.284204],[103.8467615,1.2841808],[103.8465595,1.2843026]]]}},{"type":"Feature","id":172904605,"properties":{"osm_id":172904605,"name":"Unnamed building","height_m":10.0,"height_basis":"osm-height","source_id":"osm-cbd-buildings"},"geometry":{"type":"Polygon","coordinates":[[[103.8488325,1.283209],[103.8488624,1.2831867],[103.8487834,1.2830812],[103.8487536,1.2831035],[103.8488325,1.283209]]]}},{"type":"Feature","id":172904606,"properties":{"osm_id":172904606,"name":"Unnamed building","height_m":10.0,"height_basis":"osm-height","source_id":"osm-cbd-buildings"},"geometry":{"type":"Polygon","coordinates":[[[103.8482859,1.2828152],[103.8483143,1.2828556],[103.8484514,1.2827592],[103.8484229,1.2827188],[103.8482859,1.2828152]]]}},{"type":"Feature","id":172904607,"properties":{"osm_id":172904607,"name":"Unnamed building","height_m":10.0,"height_basis":"osm-height","source_id":"osm-cbd-buildings"},"geometry":{"type":"Polygon","coordinates":[[[103.8483217,1.2837422],[103.8483521,1.2837122],[103.8481937,1.2835376],[103.8481734,1.2835899],[103.8483217,1.2837422]]]}},{"type":"Feature","id":172904608,"properties":{"osm_id":172904608,"name":"Unnamed building","height_m":10.0,"height_basis":"osm-height","source_id":"osm-cbd-buildings"},"geometry":{"type":"Polygon","coordinates":[[[103.8485858,1.2836544],[103.8485548,1.2836902],[103.8487359,1.2838471],[103.8487669,1.2838112],[103.8485858,1.2836544]]]}},{"type":"Feature","id":172904609,"properties":{"osm_id":172904609,"name":"Unnamed building","height_m":10.0,"height_basis":"osm-height","source_id":"osm-cbd-buildings"},"geometry":{"type":"Polygon","coordinates":[[[103.8482512,1.2833776],[103.8482188,1.2833355],[103.8484187,1.283182],[103.8484511,1.2832242],[103.8482512,1.2833776]]]}},{"type":"Feature","id":172904610,"properties":{"osm_id":172904610,"name":"Unnamed building","height_m":10.0,"height_basis":"osm-height","source_id":"osm-cbd-buildings"},"geometry":{"type":"Polygon","coordinates":[[[103.848291,1.2843667],[103.8483179,1.284408],[103.8485171,1.2842782],[103.8484901,1.2842369],[103.848291,1.2843667]]]}},{"type":"Feature","id":172904611,"properties":{"osm_id":172904611,"name":"Unnamed building","height_m":10.0,"height_basis":"osm-height","source_id":"osm-cbd-buildings"},"geometry":{"type":"Polygon","coordinates":[[[103.8485237,1.2837261],[103.8484927,1.2837619],[103.8486738,1.2839187],[103.8487048,1.2838829],[103.8485237,1.2837261]]]}},{"type":"Feature","id":172904612,"properties":{"osm_id":172904612,"name":"Unnamed building","height_m":10.0,"height_basis":"osm-height","source_id":"osm-cbd-buildings"},"geometry":{"type":"Polygon","coordinates":[[[103.8477251,1.2836731],[103.8476973,1.2836256],[103.8475529,1.2837102],[103.8475807,1.2837577],[103.8477251,1.2836731]]]}},{"type":"Feature","id":172904613,"properties":{"osm_id":172904613,"name":"Unnamed building","height_m":10.0,"height_basis":"osm-height","source_id":"osm-cbd-buildings"},"geometry":{"type":"Polygon","coordinates":[[[103.8466542,1.2840015],[103.8466052,1.2840334],[103.8466869,1.2841754],[103.84674,1.2841453],[103.8466542,1.2840015]]]}},{"type":"Feature","id":172904614,"properties":{"osm_id":172904614,"name":"Unnamed building","height_m":10.0,"height_basis":"osm-height","source_id":"osm-cbd-buildings"},"geometry":{"type":"Polygon","coordinates":[[[103.8487722,1.2827866],[103.8487377,1.2827405],[103.8485737,1.2828631],[103.8486082,1.2829093],[103.8487722,1.2827866]]]}},{"type":"Feature","id":172904615,"properties":{"osm_id":172904615,"name":"Unnamed building","height_m":10.0,"height_basis":"osm-height","source_id":"osm-cbd-buildings"},"geometry":{"type":"Polygon","coordinates":[[[103.8484281,1.2830172],[103.8484574,1.2830588],[103.8485944,1.2829624],[103.8485651,1.2829208],[103.8484281,1.2830172]]]}},{"type":"Feature","id":172904616,"properties":{"osm_id":172904616,"name":"Unnamed building","height_m":10.0,"height_basis":"osm-height","source_id":"osm-cbd-buildings"},"geometry":{"type":"Polygon","coordinates":[[[103.848487,1.2835678],[103.8485151,1.2835347],[103.8483619,1.2833572],[103.8483264,1.2833921],[103.848487,1.2835678]]]}},{"type":"Feature","id":172904617,"properties":{"osm_id":172904617,"name":"Unnamed building","height_m":10.0,"height_basis":"osm-height","source_id":"osm-cbd-buildings"},"geometry":{"type":"Polygon","coordinates":[[[103.8477458,1.2834732],[103.8477713,1.283515],[103.8479626,1.2833984],[103.847937,1.2833566],[103.8477458,1.2834732]]]}},{"type":"Feature","id":172904618,"properties":{"osm_id":172904618,"name":"Unnamed building","height_m":10.0,"height_basis":"osm-height","source_id":"osm-cbd-buildings"},"geometry":{"type":"Polygon","coordinates":[[[103.8465148,1.2842251],[103.8465378,1.2842622],[103.8466869,1.2841754],[103.8466653,1.2841381],[103.8465148,1.2842251]]]}},{"type":"Feature","id":172904619,"properties":{"osm_id":172904619,"name":"Unnamed building","height_m":10.0,"height_basis":"osm-height","source_id":"osm-cbd-buildings"},"geometry":{"type":"Polygon","coordinates":[[[103.8487711,1.2832549],[103.8487959,1.2832364],[103.848717,1.2831309],[103.8486922,1.2831494],[103.8487711,1.2832549]]]}},{"type":"Feature","id":172904620,"properties":{"osm_id":172904620,"name":"Unnamed building","height_m":10.0,"height_basis":"osm-height","source_id":"osm-cbd-buildings"},"geometry":{"type":"Polygon","coordinates":[[[103.8482532,1.2838233],[103.8482914,1.2837822],[103.8481643,1.2836567],[103.8481283,1.2836989],[103.8482532,1.2838233]]]}},{"type":"Feature","id":172904621,"properties":{"osm_id":172904621,"name":"Unnamed building","height_m":10.0,"height_basis":"osm-height","source_id":"osm-cbd-buildings"},"geometry":{"type":"Polygon","coordinates":[[[103.8486479,1.2835827],[103.8486169,1.2836186],[103.848798,1.2837754],[103.848829,1.2837396],[103.8486479,1.2835827]]]}},{"type":"Feature","id":172904622,"properties":{"osm_id":172904622,"name":"Unnamed building","height_m":12,"height_basis":"illustrative-default","source_id":"osm-cbd-buildings"},"geometry":{"type":"Polygon","coordinates":[[[103.8467455,1.2846296],[103.8468883,1.2845438],[103.8468774,1.2845256],[103.8467563,1.2845985],[103.8467472,1.2845834],[103.8467256,1.2845965],[103.8467455,1.2846296]]]}},{"type":"Feature","id":172904624,"properties":{"osm_id":172904624,"name":"Unnamed building","height_m":10.0,"height_basis":"osm-height","source_id":"osm-cbd-buildings"},"geometry":{"type":"Polygon","coordinates":[[[103.8482371,1.284284],[103.848264,1.2843253],[103.8484631,1.2841955],[103.8484362,1.2841542],[103.8482371,1.284284]]]}},{"type":"Feature","id":172904625,"properties":{"osm_id":172904625,"name":"Unnamed building","height_m":10.0,"height_basis":"osm-height","source_id":"osm-cbd-buildings"},"geometry":{"type":"Polygon","coordinates":[[[103.847612,1.2834801],[103.8475874,1.2834382],[103.8474263,1.2835326],[103.8474509,1.2835745],[103.847612,1.2834801]]]}},{"type":"Feature","id":172904626,"properties":{"osm_id":172904626,"name":"Unnamed building","height_m":10.0,"height_basis":"osm-height","source_id":"osm-cbd-buildings"},"geometry":{"type":"Polygon","coordinates":[[[103.8486266,1.2825919],[103.8485897,1.2825427],[103.8484257,1.2826653],[103.8484625,1.2827145],[103.8486266,1.2825919]]]}},{"type":"Feature","id":172904627,"properties":{"osm_id":172904627,"name":"Unnamed building","height_m":10.0,"height_basis":"osm-height","source_id":"osm-cbd-buildings"},"geometry":{"type":"Polygon","coordinates":[[[103.8469516,1.2843144],[103.8469979,1.2842879],[103.8469068,1.2841243],[103.8468611,1.2841507],[103.8469516,1.2843144]]]}},{"type":"Feature","id":172904628,"properties":{"osm_id":172904628,"name":"Unnamed building","height_m":10.0,"height_basis":"osm-height","source_id":"osm-cbd-buildings"},"geometry":{"type":"Polygon","coordinates":[[[103.8478735,1.2836824],[103.847899,1.2837243],[103.8480902,1.2836077],[103.8480647,1.2835658],[103.8478735,1.2836824]]]}},{"type":"Feature","id":172904630,"properties":{"osm_id":172904630,"name":"Unnamed building","height_m":10.0,"height_basis":"osm-height","source_id":"osm-cbd-buildings"},"geometry":{"type":"Polygon","coordinates":[[[103.8466335,1.2844218],[103.8466544,1.284455],[103.8468454,1.2843413],[103.846826,1.2843073],[103.8466335,1.2844218]]]}},{"type":"Feature","id":172904632,"properties":{"osm_id":172904632,"name":"Unnamed building","height_m":10.0,"height_basis":"osm-height","source_id":"osm-cbd-buildings"},"geometry":{"type":"Polygon","coordinates":[[[103.8485337,1.2832276],[103.8485505,1.2832501],[103.8486085,1.2832067],[103.8485917,1.2831842],[103.8485337,1.2832276]]]}},{"type":"Feature","id":172904633,"properties":{"osm_id":172904633,"name":"Unnamed building","height_m":10.0,"height_basis":"osm-height","source_id":"osm-cbd-buildings"},"geometry":{"type":"Polygon","coordinates":[[[103.8477724,1.2837538],[103.8477487,1.2837133],[103.8476352,1.2837799],[103.8476589,1.2838203],[103.8477724,1.2837538]]]}},{"type":"Feature","id":172904634,"properties":{"osm_id":172904634,"name":"Unnamed building","height_m":10.0,"height_basis":"osm-height","source_id":"osm-cbd-buildings"},"geometry":{"type":"Polygon","coordinates":[[[103.8467474,1.2839477],[103.8467012,1.2839728],[103.8468163,1.2841758],[103.8468611,1.2841507],[103.8467474,1.2839477]]]}},{"type":"Feature","id":172904635,"properties":{"osm_id":172904635,"name":"Unnamed building","height_m":10.0,"height_basis":"osm-height","source_id":"osm-cbd-buildings"},"geometry":{"type":"Polygon","coordinates":[[[103.8489271,1.2831383],[103.8489636,1.2831109],[103.8488847,1.2830055],[103.8488481,1.2830328],[103.8489271,1.2831383]]]}},{"type":"Feature","id":172904636,"properties":{"osm_id":172904636,"name":"Unnamed building","height_m":10.0,"height_basis":"osm-height","source_id":"osm-cbd-buildings"},"geometry":{"type":"Polygon","coordinates":[[[103.8483712,1.2829364],[103.8483997,1.2829768],[103.8485367,1.2828804],[103.8485082,1.28284],[103.8483712,1.2829364]]]}},{"type":"Feature","id":172904637,"properties":{"osm_id":172904637,"name":"Unnamed building","height_m":10.0,"height_basis":"osm-height","source_id":"osm-cbd-buildings"},"geometry":{"type":"Polygon","coordinates":[[[103.8484251,1.2836355],[103.8484566,1.2836022],[103.8482971,1.2834198],[103.8482645,1.283452],[103.8484251,1.2836355]]]}},{"type":"Feature","id":172904638,"properties":{"osm_id":172904638,"name":"Unnamed building","height_m":10.0,"height_basis":"osm-height","source_id":"osm-cbd-buildings"},"geometry":{"type":"Polygon","coordinates":[[[103.8476947,1.2833895],[103.8477203,1.2834313],[103.8479115,1.2833147],[103.8478859,1.2832729],[103.8476947,1.2833895]]]}},{"type":"Feature","id":172904639,"properties":{"osm_id":172904639,"name":"Unnamed building","height_m":10.0,"height_basis":"osm-height","source_id":"osm-cbd-buildings"},"geometry":{"type":"Polygon","coordinates":[[[103.8481574,1.2832555],[103.8481283,1.2832176],[103.8483282,1.2830642],[103.8483573,1.2831021],[103.8481574,1.2832555]]]}},{"type":"Feature","id":172904640,"properties":{"osm_id":172904640,"name":"Unnamed building","height_m":10.0,"height_basis":"osm-height","source_id":"osm-cbd-buildings"},"geometry":{"type":"Polygon","coordinates":[[[103.8483718,1.2844906],[103.8483988,1.284532],[103.8485979,1.2844022],[103.848571,1.2843608],[103.8483718,1.2844906]]]}},{"type":"Feature","id":172904641,"properties":{"osm_id":172904641,"name":"Unnamed building","height_m":10.0,"height_basis":"osm-height","source_id":"osm-cbd-buildings"},"geometry":{"type":"Polygon","coordinates":[[[103.8484306,1.2838336],[103.8483995,1.2838694],[103.8485806,1.2840263],[103.8486116,1.2839904],[103.8484306,1.2838336]]]}},{"type":"Feature","id":172904642,"properties":{"osm_id":172904642,"name":"Unnamed building","height_m":10.0,"height_basis":"osm-height","source_id":"osm-cbd-buildings"},"geometry":{"type":"Polygon","coordinates":[[[103.8481832,1.2842013],[103.8482101,1.2842427],[103.8484092,1.2841129],[103.8483823,1.2840715],[103.8482337,1.2841684],[103.8482129,1.284182],[103.8481832,1.2842013]]]}},{"type":"Feature","id":172904643,"properties":{"osm_id":172904643,"name":"Unnamed building","height_m":10.0,"height_basis":"osm-height","source_id":"osm-cbd-buildings"},"geometry":{"type":"Polygon","coordinates":[[[103.8476485,1.283544],[103.8476294,1.2835117],[103.8474699,1.283607],[103.8474889,1.2836394],[103.8476485,1.283544]]]}},{"type":"Feature","id":172904644,"properties":{"osm_id":172904644,"name":"Unnamed building","height_m":10.0,"height_basis":"osm-height","source_id":"osm-cbd-buildings"},"geometry":{"type":"Polygon","coordinates":[[[103.848684,1.2826687],[103.8486549,1.2826298],[103.8484909,1.2827525],[103.84852,1.2827914],[103.848684,1.2826687]]]}},{"type":"Feature","id":172904645,"properties":{"osm_id":172904645,"name":"Unnamed building","height_m":10.0,"height_basis":"osm-height","source_id":"osm-cbd-buildings"},"geometry":{"type":"Polygon","coordinates":[[[103.8478224,1.2835987],[103.8478479,1.2836406],[103.8480392,1.283524],[103.8480136,1.2834821],[103.8478224,1.2835987]]]}},{"type":"Feature","id":172904646,"properties":{"osm_id":172904646,"name":"Unnamed building","height_m":10.0,"height_basis":"osm-height","source_id":"osm-cbd-buildings"},"geometry":{"type":"Polygon","coordinates":[[[103.8465838,1.284343],[103.8466074,1.2843827],[103.8468043,1.2842642],[103.8467821,1.2842265],[103.8465838,1.284343]]]}},{"type":"Feature","id":172904647,"properties":{"osm_id":172904647,"name":"Unnamed building","height_m":10.0,"height_basis":"osm-height","source_id":"osm-cbd-buildings"},"geometry":{"type":"Polygon","coordinates":[[[103.848495,1.2831759],[103.8485135,1.2832006],[103.8485715,1.2831572],[103.848553,1.2831325],[103.848495,1.2831759]]]}},{"type":"Feature","id":172904648,"properties":{"osm_id":172904648,"name":"Unnamed building","height_m":10.0,"height_basis":"osm-height","source_id":"osm-cbd-buildings"},"geometry":{"type":"Polygon","coordinates":[[[103.8488624,1.2831867],[103.8488941,1.2831629],[103.8488152,1.2830574],[103.8487834,1.2830812],[103.8488624,1.2831867]]]}},{"type":"Feature","id":172904649,"properties":{"osm_id":172904649,"name":"Unnamed building","height_m":10.0,"height_basis":"osm-height","source_id":"osm-cbd-buildings"},"geometry":{"type":"Polygon","coordinates":[[[103.8483143,1.2828556],[103.8483428,1.282896],[103.8484798,1.2827996],[103.8484514,1.2827592],[103.8483143,1.2828556]]]}},{"type":"Feature","id":172904650,"properties":{"osm_id":172904650,"name":"Unnamed building","height_m":10.0,"height_basis":"osm-height","source_id":"osm-cbd-buildings"},"geometry":{"type":"Polygon","coordinates":[[[103.8483521,1.2837122],[103.8483948,1.2836677],[103.8482286,1.2834898],[103.8481937,1.2835376],[103.8483521,1.2837122]]]}},{"type":"Feature","id":172904651,"properties":{"osm_id":172904651,"name":"Unnamed building","height_m":10.0,"height_basis":"osm-height","source_id":"osm-cbd-buildings"},"geometry":{"type":"Polygon","coordinates":[[[103.8476973,1.2836256],[103.8476755,1.2835885],[103.8475144,1.2836829],[103.8475362,1.28372],[103.8475529,1.2837102],[103.8476973,1.2836256]]]}},{"type":"Feature","id":172904652,"properties":{"osm_id":172904652,"name":"Unnamed building","height_m":10.0,"height_basis":"osm-height","source_id":"osm-cbd-buildings"},"geometry":{"type":"Polygon","coordinates":[[[103.8484574,1.2830588],[103.848446,1.2830668],[103.8484802,1.2831154],[103.8486286,1.283011],[103.8485944,1.2829624],[103.8484574,1.2830588]]]}},{"type":"Feature","id":172904653,"properties":{"osm_id":172904653,"name":"Unnamed building","height_m":10.0,"height_basis":"osm-height","source_id":"osm-cbd-buildings"},"geometry":{"type":"Polygon","coordinates":[[[103.8485897,1.2825427],[103.8485558,1.2824974],[103.8483894,1.2826218],[103.8484233,1.2826671],[103.8484257,1.2826653],[103.8485897,1.2825427]]]}},{"type":"Feature","id":172904654,"properties":{"osm_id":172904654,"name":"Unnamed building","height_m":10.0,"height_basis":"osm-height","source_id":"osm-cbd-buildings"},"geometry":{"type":"Polygon","coordinates":[[[103.8471864,1.2836731],[103.8471387,1.2837011],[103.8472486,1.2838886],[103.8472876,1.2838657],[103.8472963,1.2838606],[103.8471864,1.2836731]]]}},{"type":"Feature","id":172904655,"properties":{"osm_id":172904655,"name":"Unnamed building","height_m":10.0,"height_basis":"osm-height","source_id":"osm-cbd-buildings"},"geometry":{"type":"Polygon","coordinates":[[[103.8477487,1.2837133],[103.8477251,1.2836731],[103.8475807,1.2837577],[103.8476043,1.2837979],[103.8476352,1.2837799],[103.8477487,1.2837133]]]}},{"type":"Feature","id":172904656,"properties":{"osm_id":172904656,"name":"Unnamed building","height_m":10.0,"height_basis":"osm-height","source_id":"osm-cbd-buildings"},"geometry":{"type":"Polygon","coordinates":[[[103.8467012,1.2839728],[103.8466542,1.2840015],[103.84674,1.2841453],[103.8467615,1.2841808],[103.8467719,1.284204],[103.8468163,1.2841758],[103.8467012,1.2839728]]]}},{"type":"Feature","id":172904660,"properties":{"osm_id":172904660,"name":"Unnamed building","height_m":10.0,"height_basis":"osm-height","source_id":"osm-cbd-buildings"},"geometry":{"type":"Polygon","coordinates":[[[103.8487334,1.2832831],[103.8487711,1.2832549],[103.8486922,1.2831494],[103.8486896,1.2831461],[103.848652,1.2831742],[103.8487334,1.2832831]]]}},{"type":"Feature","id":172904662,"properties":{"osm_id":172904662,"name":"Unnamed building","height_m":10.0,"height_basis":"osm-height","source_id":"osm-cbd-buildings"},"geometry":{"type":"Polygon","coordinates":[[[103.8472821,1.2836171],[103.8472342,1.2836451],[103.8473441,1.2838326],[103.8473729,1.2838157],[103.847392,1.2838045],[103.8472821,1.2836171]]]}},{"type":"Feature","id":172904663,"properties":{"osm_id":172904663,"name":"Unnamed building","height_m":10.0,"height_basis":"osm-height","source_id":"osm-cbd-buildings"},"geometry":{"type":"Polygon","coordinates":[[[103.848547,1.2835046],[103.8485819,1.2834644],[103.8485822,1.2834262],[103.848453,1.2832716],[103.8483986,1.2833271],[103.848547,1.2835046]]]}},{"type":"Feature","id":172904664,"properties":{"osm_id":172904664,"name":"Unnamed building","height_m":10.0,"height_basis":"osm-height","source_id":"osm-cbd-buildings"},"geometry":{"type":"Polygon","coordinates":[[[103.8473802,1.2835595],[103.8473295,1.2835892],[103.8474395,1.2837767],[103.8474609,1.2837641],[103.8474901,1.283747],[103.8473802,1.2835595]]]}},{"type":"Feature","id":172904665,"properties":{"osm_id":172904665,"name":"Unnamed building","height_m":10.0,"height_basis":"osm-height","source_id":"osm-cbd-buildings"},"geometry":{"type":"Polygon","coordinates":[[[103.8485764,1.2832847],[103.8485975,1.2833128],[103.8486347,1.2832849],[103.8486554,1.2832695],[103.8486344,1.2832414],[103.8485764,1.2832847]]]}},{"type":"Feature","id":172904666,"properties":{"osm_id":172904666,"name":"Unnamed building","height_m":10.0,"height_basis":"osm-height","source_id":"osm-cbd-buildings"},"geometry":{"type":"Polygon","coordinates":[[[103.8472342,1.2836451],[103.8471864,1.2836731],[103.8472963,1.2838606],[103.8473322,1.2838396],[103.8473441,1.2838326],[103.8472342,1.2836451]]]}},{"type":"Feature","id":172904667,"properties":{"osm_id":172904667,"name":"Unnamed building","height_m":10.0,"height_basis":"osm-height","source_id":"osm-cbd-buildings"},"geometry":{"type":"Polygon","coordinates":[[[103.8473295,1.2835892],[103.8472821,1.2836171],[103.847392,1.2838045],[103.8474198,1.2837882],[103.8474395,1.2837767],[103.8473295,1.2835892]]]}},{"type":"Feature","id":172904668,"properties":{"osm_id":172904668,"name":"Unnamed building","height_m":10.0,"height_basis":"osm-height","source_id":"osm-cbd-buildings"},"geometry":{"type":"Polygon","coordinates":[[[103.8480669,1.2831377],[103.8482668,1.2829842],[103.8483282,1.2830642],[103.8481283,1.2832176],[103.8480669,1.2831377]]]}},{"type":"Feature","id":172904669,"properties":{"osm_id":172904669,"name":"Unnamed building","height_m":10.0,"height_basis":"osm-height","source_id":"osm-cbd-buildings"},"geometry":{"type":"Polygon","coordinates":[[[103.8486899,1.2833156],[103.8487334,1.2832831],[103.848652,1.2831742],[103.8486085,1.2832067],[103.8486344,1.2832414],[103.8486554,1.2832695],[103.8486899,1.2833156]]]}},{"type":"Feature","id":172904670,"properties":{"osm_id":172904670,"name":"Unnamed building","height_m":10.0,"height_basis":"osm-height","source_id":"osm-cbd-buildings"},"geometry":{"type":"Polygon","coordinates":[[[103.8464871,1.284102],[103.8464743,1.2841282],[103.8464771,1.2841516],[103.8464939,1.2841877],[103.8466437,1.2841009],[103.8466052,1.2840334],[103.8464871,1.284102]]]}},{"type":"Feature","id":172904671,"properties":{"osm_id":172904671,"name":"Unnamed building","height_m":10.0,"height_basis":"osm-height","source_id":"osm-cbd-buildings"},"geometry":{"type":"Polygon","coordinates":[[[103.8474263,1.2835326],[103.8473802,1.2835595],[103.8474901,1.283747],[103.8475222,1.2837282],[103.8475362,1.28372],[103.8475144,1.2836829],[103.8474889,1.2836394],[103.8474699,1.283607],[103.8474509,1.2835745],[103.8474263,1.2835326]]]}},{"type":"Feature","id":172904673,"properties":{"osm_id":172904673,"name":"Unnamed building","height_m":10.0,"height_basis":"osm-height","source_id":"osm-cbd-buildings"},"geometry":{"type":"Polygon","coordinates":[[[103.8475579,1.2839295],[103.8475871,1.2839124],[103.8474901,1.283747],[103.8474609,1.2837641],[103.8475579,1.2839295]]]}},{"type":"Feature","id":172904674,"properties":{"osm_id":172904674,"name":"Unnamed building","height_m":12,"height_basis":"illustrative-default","source_id":"osm-cbd-buildings"},"geometry":{"type":"Polygon","coordinates":[[[103.8475871,1.2839124],[103.8476192,1.2838936],[103.8475222,1.2837282],[103.8474901,1.283747],[103.8475871,1.2839124]]]}},{"type":"Feature","id":172904675,"properties":{"osm_id":172904675,"name":"Unnamed building","height_m":10.0,"height_basis":"osm-height","source_id":"osm-cbd-buildings"},"geometry":{"type":"Polygon","coordinates":[[[103.8473456,1.2840539],[103.8473846,1.284031],[103.8472876,1.2838657],[103.8472486,1.2838886],[103.8473456,1.2840539]]]}},{"type":"Feature","id":172904676,"properties":{"osm_id":172904676,"name":"Unnamed building","height_m":10.0,"height_basis":"osm-height","source_id":"osm-cbd-buildings"},"geometry":{"type":"Polygon","coordinates":[[[103.8474699,1.2839811],[103.8475167,1.2839536],[103.8474198,1.2837882],[103.847392,1.2838045],[103.8473729,1.2838157],[103.8474699,1.2839811]]]}},{"type":"Feature","id":172904677,"properties":{"osm_id":172904677,"name":"Unnamed building","height_m":10.0,"height_basis":"osm-height","source_id":"osm-cbd-buildings"},"geometry":{"type":"Polygon","coordinates":[[[103.8476499,1.2838756],[103.8476807,1.2838575],[103.8476589,1.2838203],[103.8476352,1.2837799],[103.8476043,1.2837979],[103.8476499,1.2838756]]]}},{"type":"Feature","id":172904678,"properties":{"osm_id":172904678,"name":"Unnamed building","height_m":10.0,"height_basis":"osm-height","source_id":"osm-cbd-buildings"},"geometry":{"type":"Polygon","coordinates":[[[103.8473846,1.284031],[103.8474292,1.2840049],[103.8473322,1.2838396],[103.8472963,1.2838606],[103.8472876,1.2838657],[103.8473846,1.284031]]]}},{"type":"Feature","id":172904679,"properties":{"osm_id":172904679,"name":"Unnamed building","height_m":10.0,"height_basis":"osm-height","source_id":"osm-cbd-buildings"},"geometry":{"type":"Polygon","coordinates":[[[103.8475167,1.2839536],[103.8475579,1.2839295],[103.8474609,1.2837641],[103.8474395,1.2837767],[103.8474198,1.2837882],[103.8475167,1.2839536]]]}},{"type":"Feature","id":172904680,"properties":{"osm_id":172904680,"name":"Unnamed building","height_m":10.0,"height_basis":"osm-height","source_id":"osm-cbd-buildings"},"geometry":{"type":"Polygon","coordinates":[[[103.8474292,1.2840049],[103.8474699,1.2839811],[103.8473729,1.2838157],[103.8473441,1.2838326],[103.8473322,1.2838396],[103.8474292,1.2840049]]]}},{"type":"Feature","id":172904681,"properties":{"osm_id":172904681,"name":"Unnamed building","height_m":10.0,"height_basis":"osm-height","source_id":"osm-cbd-buildings"},"geometry":{"type":"Polygon","coordinates":[[[103.8476192,1.2838936],[103.8476499,1.2838756],[103.8476043,1.2837979],[103.8475807,1.2837577],[103.8475529,1.2837102],[103.8475362,1.28372],[103.8475222,1.2837282],[103.8476192,1.2838936]]]}},{"type":"Feature","id":172915340,"properties":{"osm_id":172915340,"name":"OUE Downtown Tower 1","height_m":12,"height_basis":"illustrative-default","source_id":"osm-cbd-buildings"},"geometry":{"type":"Polygon","coordinates":[[[103.8484166,1.2772358],[103.8485135,1.2771771],[103.8486376,1.277102],[103.8484897,1.2768577],[103.848376,1.2769266],[103.8482687,1.2769915],[103.8484166,1.2772358]]]}},{"type":"Feature","id":172915341,"properties":{"osm_id":172915341,"name":"OUE Downtown Tower 2","height_m":150.0,"height_basis":"osm-height","source_id":"osm-cbd-buildings"},"geometry":{"type":"Polygon","coordinates":[[[103.8488985,1.2780195],[103.849115,1.2778886],[103.8487926,1.2773553],[103.848576,1.2774862],[103.8488985,1.2780195]]]}},{"type":"Feature","id":172915345,"properties":{"osm_id":172915345,"name":"One Raffles Quay North Tower","height_m":245.0,"height_basis":"osm-height","source_id":"osm-cbd-buildings"},"geometry":{"type":"Polygon","coordinates":[[[103.852002,1.2812132],[103.8519741,1.2812593],[103.8519462,1.2813055],[103.8518436,1.2814753],[103.851853,1.2814828],[103.8518143,1.2815183],[103.8522387,1.2817857],[103.8522523,1.2817326],[103.8522695,1.2817434],[103.8524319,1.2814807],[103.852002,1.2812132]]]}},{"type":"Feature","id":172915346,"properties":{"osm_id":172915346,"name":"Ocean Towers","height_m":242.0,"height_basis":"osm-height","source_id":"osm-cbd-buildings"},"geometry":{"type":"Polygon","coordinates":[[[103.8524489,1.2833779],[103.8516379,1.28361],[103.8515433,1.2828487],[103.851609,1.2827903],[103.8517033,1.282775],[103.8518963,1.2828198],[103.8520388,1.2828528],[103.8521824,1.2829559],[103.8523031,1.2830819],[103.8523984,1.2832398],[103.8524489,1.2833779]]]}},{"type":"Feature","id":172915347,"properties":{"osm_id":172915347,"name":"One Raffles Quay South Tower","height_m":139.9,"height_basis":"osm-height","source_id":"osm-cbd-buildings"},"geometry":{"type":"Polygon","coordinates":[[[103.8519751,1.2809805],[103.8517439,1.2805797],[103.8513813,1.2808411],[103.8516125,1.2812152],[103.8519751,1.2809805]]]}},{"type":"Feature","id":172915350,"properties":{"osm_id":172915350,"name":"NTUC Centre","height_m":163.0,"height_basis":"osm-height","source_id":"osm-cbd-buildings"},"geometry":{"type":"Polygon","coordinates":[[[103.8526477,1.2821109],[103.8526338,1.2820892],[103.8524939,1.2821791],[103.8525078,1.2822007],[103.8524026,1.2822682],[103.852339,1.2823091],[103.8523684,1.2823548],[103.8523625,1.2823587],[103.852394,1.2824077],[103.8523997,1.282404],[103.8525027,1.2825644],[103.8526708,1.2824564],[103.8526324,1.2823966],[103.8527665,1.2823106],[103.8528437,1.2824307],[103.8528529,1.2824248],[103.8528608,1.2824371],[103.8529801,1.2823604],[103.8529724,1.2823484],[103.8530132,1.2823222],[103.8528104,1.2820065],[103.8526477,1.2821109]]]}},{"type":"Feature","id":172915352,"properties":{"osm_id":172915352,"name":"Robinson Suites","height_m":12,"height_basis":"illustrative-default","source_id":"osm-cbd-buildings"},"geometry":{"type":"Polygon","coordinates":[[[103.8497381,1.281011],[103.8496792,1.2809103],[103.849681,1.2808827],[103.8498325,1.2807874],[103.8498575,1.2807892],[103.8499439,1.2809165],[103.849968,1.2809148],[103.8499893,1.2809495],[103.8499521,1.2809907],[103.8498958,1.2810226],[103.8498869,1.2810074],[103.8498263,1.2810422],[103.8497986,1.2809976],[103.8497621,1.281019],[103.8497381,1.281011]]]}},{"type":"Feature","id":172915359,"properties":{"osm_id":172915359,"name":"Unnamed building","height_m":108.0,"height_basis":"osm-height","source_id":"osm-cbd-buildings"},"geometry":{"type":"Polygon","coordinates":[[[103.8500926,1.2788657],[103.8503524,1.2787052],[103.8502715,1.2785735],[103.8501653,1.2784005],[103.8499104,1.2785567],[103.8500383,1.2787875],[103.8500926,1.2788657]]]}},{"type":"Feature","id":172915364,"properties":{"osm_id":172915364,"name":"Unnamed building","height_m":69.0,"height_basis":"osm-height","source_id":"osm-cbd-buildings"},"geometry":{"type":"Polygon","coordinates":[[[103.8491906,1.28141],[103.8490854,1.2812247],[103.848956,1.2812981],[103.8490612,1.2814834],[103.8491906,1.28141]]]}},{"type":"Feature","id":172915367,"properties":{"osm_id":172915367,"name":"Bank of East Asia","height_m":91.0,"height_basis":"osm-height","source_id":"osm-cbd-buildings"},"geometry":{"type":"Polygon","coordinates":[[[103.8496436,1.2808782],[103.8495215,1.2806662],[103.8496828,1.28057],[103.8497068,1.2805887],[103.8497603,1.2806288],[103.849812,1.2806805],[103.8498575,1.2807535],[103.8496436,1.2808782]]]}},{"type":"Feature","id":172915372,"properties":{"osm_id":172915372,"name":"Unnamed building","height_m":68.0,"height_basis":"osm-height","source_id":"osm-cbd-buildings"},"geometry":{"type":"Polygon","coordinates":[[[103.8494708,1.2793843],[103.8494981,1.2792415],[103.8494509,1.2791644],[103.8493099,1.2791251],[103.8492362,1.2791722],[103.8492142,1.2793105],[103.8492632,1.279393],[103.8493915,1.2794316],[103.8494708,1.2793843]]]}},{"type":"Feature","id":172916311,"properties":{"osm_id":172916311,"name":"Six Battery Road","height_m":12.0,"height_basis":"osm-height","source_id":"osm-cbd-buildings"},"geometry":{"type":"Polygon","coordinates":[[[103.8522109,1.28543],[103.8520273,1.2858416],[103.8515103,1.2855999],[103.8514774,1.2851428],[103.8515246,1.2851197],[103.8517209,1.2852085],[103.8522109,1.28543]]]}},{"type":"Feature","id":172931401,"properties":{"osm_id":172931401,"name":"The Fullerton Waterboat House","height_m":11.0,"height_basis":"osm-height","source_id":"osm-cbd-buildings"},"geometry":{"type":"Polygon","coordinates":[[[103.853541,1.2869659],[103.8534869,1.2869665],[103.8534796,1.2870086],[103.8534598,1.2870627],[103.8534339,1.2870976],[103.8534032,1.2871277],[103.8534658,1.2872047],[103.8535374,1.2872083],[103.8535379,1.2871734],[103.8535609,1.2871728],[103.8535615,1.2871999],[103.853603,1.2871788],[103.8536349,1.2871463],[103.8536577,1.2871108],[103.8536638,1.2870741],[103.8536656,1.2870194],[103.8536517,1.2869815],[103.8536265,1.2869815],[103.8536096,1.2869586],[103.8535867,1.2869346],[103.8535705,1.286928],[103.8535434,1.2869244],[103.853541,1.2869659]]]}},{"type":"Feature","id":172999762,"properties":{"osm_id":172999762,"name":"Victoria Hotel","height_m":27.0,"height_basis":"osm-height","source_id":"osm-cbd-buildings"},"geometry":{"type":"Polygon","coordinates":[[[103.8523436,1.2972744],[103.852552,1.2971011],[103.8525823,1.2970759],[103.852518,1.2969676],[103.8525081,1.2969509],[103.8522559,1.2971611],[103.8523436,1.2972744]]]}},{"type":"Feature","id":173000397,"properties":{"osm_id":173000397,"name":"Unnamed building","height_m":12.0,"height_basis":"osm-height","source_id":"osm-cbd-buildings"},"geometry":{"type":"Polygon","coordinates":[[[103.855118,1.2966059],[103.8551949,1.296548],[103.8553836,1.296798],[103.8553067,1.296856],[103.855118,1.2966059]]]}},{"type":"Feature","id":173000399,"properties":{"osm_id":173000399,"name":"Unnamed building","height_m":12.0,"height_basis":"osm-height","source_id":"osm-cbd-buildings"},"geometry":{"type":"Polygon","coordinates":[[[103.8551949,1.296548],[103.8552385,1.296515],[103.8554272,1.2967651],[103.8553836,1.296798],[103.8551949,1.296548]]]}},{"type":"Feature","id":173000401,"properties":{"osm_id":173000401,"name":"Unnamed building","height_m":12.0,"height_basis":"osm-height","source_id":"osm-cbd-buildings"},"geometry":{"type":"Polygon","coordinates":[[[103.8552385,1.296515],[103.8552756,1.2964871],[103.8554643,1.2967371],[103.8554272,1.2967651],[103.8552385,1.296515]]]}},{"type":"Feature","id":173000402,"properties":{"osm_id":173000402,"name":"Unnamed building","height_m":12.0,"height_basis":"osm-height","source_id":"osm-cbd-buildings"},"geometry":{"type":"Polygon","coordinates":[[[103.8552756,1.2964871],[103.855354,1.2964279],[103.8555427,1.2966779],[103.8554643,1.2967371],[103.8552756,1.2964871]]]}},{"type":"Feature","id":173000403,"properties":{"osm_id":173000403,"name":"Unnamed building","height_m":12.0,"height_basis":"osm-height","source_id":"osm-cbd-buildings"},"geometry":{"type":"Polygon","coordinates":[[[103.855354,1.2964279],[103.8553955,1.2963966],[103.8555842,1.2966466],[103.8555427,1.2966779],[103.855354,1.2964279]]]}},{"type":"Feature","id":173000404,"properties":{"osm_id":173000404,"name":"Unnamed building","height_m":12.0,"height_basis":"osm-height","source_id":"osm-cbd-buildings"},"geometry":{"type":"Polygon","coordinates":[[[103.8553955,1.2963966],[103.855433,1.2963683],[103.8556217,1.2966184],[103.8555842,1.2966466],[103.8553955,1.2963966]]]}},{"type":"Feature","id":173000408,"properties":{"osm_id":173000408,"name":"Unnamed building","height_m":12.0,"height_basis":"osm-height","source_id":"osm-cbd-buildings"},"geometry":{"type":"Polygon","coordinates":[[[103.855433,1.2963683],[103.855468,1.2963365],[103.8556053,1.2965188],[103.8556513,1.2965694],[103.8556479,1.2965936],[103.8556217,1.2966184],[103.855433,1.2963683]]]}},{"type":"Feature","id":173000410,"properties":{"osm_id":173000410,"name":"Unnamed building","height_m":12.0,"height_basis":"osm-height","source_id":"osm-cbd-buildings"},"geometry":{"type":"Polygon","coordinates":[[[103.855468,1.2963365],[103.8555047,1.2963036],[103.8556437,1.2964902],[103.8556053,1.2965188],[103.855468,1.2963365]]]}},{"type":"Feature","id":173000411,"properties":{"osm_id":173000411,"name":"Unnamed building","height_m":12.0,"height_basis":"osm-height","source_id":"osm-cbd-buildings"},"geometry":{"type":"Polygon","coordinates":[[[103.8555047,1.2963036],[103.8555465,1.2962724],[103.8556855,1.2964591],[103.8556437,1.2964902],[103.8555047,1.2963036]]]}},{"type":"Feature","id":173000412,"properties":{"osm_id":173000412,"name":"Unnamed building","height_m":12.0,"height_basis":"osm-height","source_id":"osm-cbd-buildings"},"geometry":{"type":"Polygon","coordinates":[[[103.8555465,1.2962724],[103.8555901,1.29624],[103.8557291,1.2964266],[103.8556855,1.2964591],[103.8555465,1.2962724]]]}},{"type":"Feature","id":173000414,"properties":{"osm_id":173000414,"name":"Unnamed building","height_m":12.0,"height_basis":"osm-height","source_id":"osm-cbd-buildings"},"geometry":{"type":"Polygon","coordinates":[[[103.8554965,1.2961945],[103.8555305,1.2961677],[103.8553737,1.2959687],[103.8553397,1.2959955],[103.8554965,1.2961945]]]}},{"type":"Feature","id":173000420,"properties":{"osm_id":173000420,"name":"Unnamed building","height_m":12.0,"height_basis":"osm-height","source_id":"osm-cbd-buildings"},"geometry":{"type":"Polygon","coordinates":[[[103.8554597,1.2962235],[103.8554965,1.2961945],[103.8553397,1.2959955],[103.8553029,1.2960245],[103.8554597,1.2962235]]]}},{"type":"Feature","id":173000422,"properties":{"osm_id":173000422,"name":"Unnamed building","height_m":12.0,"height_basis":"osm-height","source_id":"osm-cbd-buildings"},"geometry":{"type":"Polygon","coordinates":[[[103.8554192,1.2962553],[103.8554597,1.2962235],[103.8553029,1.2960245],[103.8552624,1.2960564],[103.8554192,1.2962553]]]}},{"type":"Feature","id":173000423,"properties":{"osm_id":173000423,"name":"Unnamed building","height_m":24.0,"height_basis":"osm-height","source_id":"osm-cbd-buildings"},"geometry":{"type":"Polygon","coordinates":[[[103.8546722,1.2964354],[103.8546305,1.2964715],[103.8545923,1.2964692],[103.8544523,1.2962842],[103.8545209,1.296233],[103.8546722,1.2964354]]]}},{"type":"Feature","id":173000424,"properties":{"osm_id":173000424,"name":"Unnamed building","height_m":12.0,"height_basis":"osm-height","source_id":"osm-cbd-buildings"},"geometry":{"type":"Polygon","coordinates":[[[103.8553783,1.2962875],[103.8554192,1.2962553],[103.8552624,1.2960564],[103.8552215,1.2960886],[103.8553783,1.2962875]]]}},{"type":"Feature","id":173000430,"properties":{"osm_id":173000430,"name":"Unnamed building","height_m":16.0,"height_basis":"osm-height","source_id":"osm-cbd-buildings"},"geometry":{"type":"Polygon","coordinates":[[[103.8547158,1.2964028],[103.8546722,1.2964354],[103.8545209,1.296233],[103.8545645,1.2962004],[103.8547158,1.2964028]]]}},{"type":"Feature","id":173000432,"properties":{"osm_id":173000432,"name":"Unnamed building","height_m":12.0,"height_basis":"osm-height","source_id":"osm-cbd-buildings"},"geometry":{"type":"Polygon","coordinates":[[[103.8552923,1.2963553],[103.8553783,1.2962875],[103.8552215,1.2960886],[103.8551355,1.2961563],[103.8551365,1.2961575],[103.8552923,1.2963553]]]}},{"type":"Feature","id":173000433,"properties":{"osm_id":173000433,"name":"Unnamed building","height_m":16.0,"height_basis":"osm-height","source_id":"osm-cbd-buildings"},"geometry":{"type":"Polygon","coordinates":[[[103.8547588,1.2963707],[103.8547158,1.2964028],[103.8545645,1.2962004],[103.8546074,1.2961683],[103.8547588,1.2963707]]]}},{"type":"Feature","id":173000434,"properties":{"osm_id":173000434,"name":"Unnamed building","height_m":16.0,"height_basis":"osm-height","source_id":"osm-cbd-buildings"},"geometry":{"type":"Polygon","coordinates":[[[103.8547992,1.2963405],[103.8547588,1.2963707],[103.8546074,1.2961683],[103.8546479,1.2961381],[103.8547992,1.2963405]]]}},{"type":"Feature","id":173000436,"properties":{"osm_id":173000436,"name":"Unnamed building","height_m":16.0,"height_basis":"osm-height","source_id":"osm-cbd-buildings"},"geometry":{"type":"Polygon","coordinates":[[[103.8548367,1.2963125],[103.8547992,1.2963405],[103.8546479,1.2961381],[103.8546853,1.2961101],[103.8548367,1.2963125]]]}},{"type":"Feature","id":173000443,"properties":{"osm_id":173000443,"name":"Unnamed building","height_m":12.0,"height_basis":"osm-height","source_id":"osm-cbd-buildings"},"geometry":{"type":"Polygon","coordinates":[[[103.8548381,1.2968171],[103.8548763,1.2967883],[103.855065,1.2970383],[103.8550268,1.2970671],[103.8548381,1.2968171]]]}},{"type":"Feature","id":173000444,"properties":{"osm_id":173000444,"name":"Unnamed building","height_m":12.0,"height_basis":"osm-height","source_id":"osm-cbd-buildings"},"geometry":{"type":"Polygon","coordinates":[[[103.8551365,1.2961575],[103.8550684,1.2962111],[103.8552254,1.2964104],[103.8552935,1.2963568],[103.8552923,1.2963553],[103.8551365,1.2961575]]]}},{"type":"Feature","id":173000445,"properties":{"osm_id":173000445,"name":"Unnamed building","height_m":16.0,"height_basis":"osm-height","source_id":"osm-cbd-buildings"},"geometry":{"type":"Polygon","coordinates":[[[103.8548803,1.2962799],[103.8548367,1.2963125],[103.8546853,1.2961101],[103.8547289,1.2960775],[103.8548803,1.2962799]]]}},{"type":"Feature","id":173000446,"properties":{"osm_id":173000446,"name":"Unnamed building","height_m":12.0,"height_basis":"osm-height","source_id":"osm-cbd-buildings"},"geometry":{"type":"Polygon","coordinates":[[[103.8551914,1.2964372],[103.8552254,1.2964104],[103.8550684,1.2962111],[103.8550343,1.2962379],[103.8551914,1.2964372]]]}},{"type":"Feature","id":173000448,"properties":{"osm_id":173000448,"name":"Unnamed building","height_m":16.0,"height_basis":"osm-height","source_id":"osm-cbd-buildings"},"geometry":{"type":"Polygon","coordinates":[[[103.8549209,1.2962496],[103.8548803,1.2962799],[103.8547289,1.2960775],[103.8547695,1.2960472],[103.8549209,1.2962496]]]}},{"type":"Feature","id":173000453,"properties":{"osm_id":173000453,"name":"Unnamed building","height_m":16.0,"height_basis":"osm-height","source_id":"osm-cbd-buildings"},"geometry":{"type":"Polygon","coordinates":[[[103.8549629,1.2962181],[103.8549209,1.2962496],[103.8547695,1.2960472],[103.8548115,1.2960158],[103.8549629,1.2962181]]]}},{"type":"Feature","id":173000454,"properties":{"osm_id":173000454,"name":"Unnamed building","height_m":16.0,"height_basis":"osm-height","source_id":"osm-cbd-buildings"},"geometry":{"type":"Polygon","coordinates":[[[103.8550033,1.2961879],[103.8549629,1.2962181],[103.8548115,1.2960158],[103.854852,1.2959855],[103.8550033,1.2961879]]]}},{"type":"Feature","id":173000456,"properties":{"osm_id":173000456,"name":"Unnamed building","height_m":16.0,"height_basis":"osm-height","source_id":"osm-cbd-buildings"},"geometry":{"type":"Polygon","coordinates":[[[103.8550444,1.2961572],[103.8550033,1.2961879],[103.854852,1.2959855],[103.8548931,1.2959548],[103.8550444,1.2961572]]]}},{"type":"Feature","id":173000458,"properties":{"osm_id":173000458,"name":"Unnamed building","height_m":16.0,"height_basis":"osm-height","source_id":"osm-cbd-buildings"},"geometry":{"type":"Polygon","coordinates":[[[103.855089,1.2961239],[103.8550444,1.2961572],[103.8548931,1.2959548],[103.8549376,1.2959215],[103.855089,1.2961239]]]}},{"type":"Feature","id":173000460,"properties":{"osm_id":173000460,"name":"Unnamed building","height_m":16.0,"height_basis":"osm-height","source_id":"osm-cbd-buildings"},"geometry":{"type":"Polygon","coordinates":[[[103.8551299,1.2960933],[103.855089,1.2961239],[103.8549376,1.2959215],[103.8549786,1.2958909],[103.8551299,1.2960933]]]}},{"type":"Feature","id":173000464,"properties":{"osm_id":173000464,"name":"Unnamed building","height_m":12.0,"height_basis":"osm-height","source_id":"osm-cbd-buildings"},"geometry":{"type":"Polygon","coordinates":[[[103.8556226,1.2962128],[103.8556627,1.296263],[103.8558756,1.2960929],[103.8558354,1.2960427],[103.8556226,1.2962128]]]}},{"type":"Feature","id":173000465,"properties":{"osm_id":173000465,"name":"Unnamed building","height_m":16.0,"height_basis":"osm-height","source_id":"osm-cbd-buildings"},"geometry":{"type":"Polygon","coordinates":[[[103.8551674,1.2960653],[103.8551299,1.2960933],[103.8549786,1.2958909],[103.8550161,1.2958629],[103.8551674,1.2960653]]]}},{"type":"Feature","id":173000467,"properties":{"osm_id":173000467,"name":"Unnamed building","height_m":16.0,"height_basis":"osm-height","source_id":"osm-cbd-buildings"},"geometry":{"type":"Polygon","coordinates":[[[103.8552042,1.2960378],[103.8551674,1.2960653],[103.8550161,1.2958629],[103.8550528,1.2958354],[103.8552042,1.2960378]]]}},{"type":"Feature","id":173000469,"properties":{"osm_id":173000469,"name":"Unnamed building","height_m":12.0,"height_basis":"osm-height","source_id":"osm-cbd-buildings"},"geometry":{"type":"Polygon","coordinates":[[[103.8556627,1.296263],[103.8556931,1.296301],[103.855906,1.2961309],[103.8558756,1.2960929],[103.8556627,1.296263]]]}},{"type":"Feature","id":173000470,"properties":{"osm_id":173000470,"name":"Unnamed building","height_m":16.0,"height_basis":"osm-height","source_id":"osm-cbd-buildings"},"geometry":{"type":"Polygon","coordinates":[[[103.8552507,1.296003],[103.8552042,1.2960378],[103.8550528,1.2958354],[103.8550993,1.2958006],[103.8552507,1.296003]]]}},{"type":"Feature","id":173000471,"properties":{"osm_id":173000471,"name":"Unnamed building","height_m":12.0,"height_basis":"osm-height","source_id":"osm-cbd-buildings"},"geometry":{"type":"Polygon","coordinates":[[[103.8548763,1.2967883],[103.8549198,1.2967555],[103.8551085,1.2970055],[103.855065,1.2970383],[103.8548763,1.2967883]]]}},{"type":"Feature","id":173000472,"properties":{"osm_id":173000472,"name":"Unnamed building","height_m":16.0,"height_basis":"osm-height","source_id":"osm-cbd-buildings"},"geometry":{"type":"Polygon","coordinates":[[[103.8552936,1.295971],[103.8552507,1.296003],[103.8550993,1.2958006],[103.8551422,1.2957686],[103.8552936,1.295971]]]}},{"type":"Feature","id":173000473,"properties":{"osm_id":173000473,"name":"Unnamed building","height_m":12.0,"height_basis":"osm-height","source_id":"osm-cbd-buildings"},"geometry":{"type":"Polygon","coordinates":[[[103.8556931,1.296301],[103.8557238,1.2963394],[103.8559367,1.2961693],[103.855906,1.2961309],[103.8556931,1.296301]]]}},{"type":"Feature","id":173000474,"properties":{"osm_id":173000474,"name":"Unnamed building","height_m":16.0,"height_basis":"osm-height","source_id":"osm-cbd-buildings"},"geometry":{"type":"Polygon","coordinates":[[[103.8553364,1.2959389],[103.8552936,1.295971],[103.8551422,1.2957686],[103.8551851,1.2957366],[103.8553364,1.2959389]]]}},{"type":"Feature","id":173000475,"properties":{"osm_id":173000475,"name":"Unnamed building","height_m":12.0,"height_basis":"osm-height","source_id":"osm-cbd-buildings"},"geometry":{"type":"Polygon","coordinates":[[[103.8557238,1.2963394],[103.8557588,1.2963832],[103.8559717,1.2962131],[103.8559367,1.2961693],[103.8557238,1.2963394]]]}},{"type":"Feature","id":173000476,"properties":{"osm_id":173000476,"name":"Unnamed building","height_m":12.0,"height_basis":"osm-height","source_id":"osm-cbd-buildings"},"geometry":{"type":"Polygon","coordinates":[[[103.8557588,1.2963832],[103.8557855,1.2964164],[103.8559985,1.2962465],[103.8559717,1.2962131],[103.8557588,1.2963832]]]}},{"type":"Feature","id":173000477,"properties":{"osm_id":173000477,"name":"Unnamed building","height_m":12.0,"height_basis":"osm-height","source_id":"osm-cbd-buildings"},"geometry":{"type":"Polygon","coordinates":[[[103.8549198,1.2967555],[103.8549601,1.2967251],[103.8551488,1.2969751],[103.8551085,1.2970055],[103.8549198,1.2967555]]]}},{"type":"Feature","id":173000478,"properties":{"osm_id":173000478,"name":"Unnamed building","height_m":12.0,"height_basis":"osm-height","source_id":"osm-cbd-buildings"},"geometry":{"type":"Polygon","coordinates":[[[103.8549601,1.2967251],[103.8549956,1.2966982],[103.8551843,1.2969483],[103.8551488,1.2969751],[103.8549601,1.2967251]]]}},{"type":"Feature","id":173000479,"properties":{"osm_id":173000479,"name":"Unnamed building","height_m":12.0,"height_basis":"osm-height","source_id":"osm-cbd-buildings"},"geometry":{"type":"Polygon","coordinates":[[[103.8549956,1.2966982],[103.8550368,1.2966672],[103.8552255,1.2969172],[103.8551843,1.2969483],[103.8549956,1.2966982]]]}},{"type":"Feature","id":173000480,"properties":{"osm_id":173000480,"name":"Unnamed building","height_m":12.0,"height_basis":"osm-height","source_id":"osm-cbd-buildings"},"geometry":{"type":"Polygon","coordinates":[[[103.8550368,1.2966672],[103.8550768,1.296637],[103.8552655,1.2968871],[103.8552255,1.2969172],[103.8550368,1.2966672]]]}},{"type":"Feature","id":173000481,"properties":{"osm_id":173000481,"name":"Unnamed building","height_m":12.0,"height_basis":"osm-height","source_id":"osm-cbd-buildings"},"geometry":{"type":"Polygon","coordinates":[[[103.8550768,1.296637],[103.855118,1.2966059],[103.8553067,1.296856],[103.8552655,1.2968871],[103.8550768,1.296637]]]}},{"type":"Feature","id":173000482,"properties":{"osm_id":173000482,"name":"Jun Xin Building","height_m":34.0,"height_basis":"osm-height","source_id":"osm-cbd-buildings"},"geometry":{"type":"Polygon","coordinates":[[[103.8543451,1.2965812],[103.8544978,1.2964661],[103.854434,1.2963766],[103.8543899,1.2963694],[103.8543096,1.2964396],[103.8542924,1.2965165],[103.8543451,1.2965812]]]}},{"type":"Feature","id":173000483,"properties":{"osm_id":173000483,"name":"Lubritrade Building","height_m":34.0,"height_basis":"osm-height","source_id":"osm-cbd-buildings"},"geometry":{"type":"Polygon","coordinates":[[[103.8544336,1.2966987],[103.8545864,1.2965836],[103.8544978,1.2964661],[103.8543451,1.2965812],[103.8544336,1.2966987]]]}},{"type":"Feature","id":173000485,"properties":{"osm_id":173000485,"name":"China Cultural Centre","height_m":55.0,"height_basis":"osm-height","source_id":"osm-cbd-buildings"},"geometry":{"type":"Polygon","coordinates":[[[103.8519024,1.2983375],[103.852194,1.2981125],[103.8520301,1.297918],[103.8519689,1.29797],[103.851932,1.298],[103.8519498,1.298022],[103.8519021,1.2980607],[103.8519128,1.2980756],[103.8517785,1.2981824],[103.8519024,1.2983375]]]}},{"type":"Feature","id":173001008,"properties":{"osm_id":173001008,"name":"Raffles House","height_m":5.0,"height_basis":"osm-height","source_id":"osm-cbd-buildings"},"geometry":{"type":"Polygon","coordinates":[[[103.8474768,1.29197],[103.8474542,1.2919257],[103.8474771,1.291914],[103.8474518,1.2918646],[103.8474294,1.291876],[103.8474082,1.2918345],[103.8473189,1.2918802],[103.8473879,1.2920154],[103.8474768,1.29197]]]}},{"type":"Feature","id":173108758,"properties":{"osm_id":173108758,"name":"Bayfront Station Linkway","height_m":2.0,"height_basis":"osm-height","source_id":"osm-cbd-buildings"},"geometry":{"type":"Polygon","coordinates":[[[103.8610156,1.2820309],[103.8610779,1.2820053],[103.8610653,1.2819747],[103.8610523,1.2819431],[103.860999,1.2818133],[103.8609367,1.2818388],[103.8610035,1.2820015],[103.8610156,1.2820309]]]}},{"type":"Feature","id":173132989,"properties":{"osm_id":173132989,"name":"Unnamed building","height_m":3.0,"height_basis":"osm-height","source_id":"osm-cbd-buildings"},"geometry":{"type":"Polygon","coordinates":[[[103.8530387,1.2932989],[103.8530764,1.2932715],[103.8531138,1.2932463],[103.8530792,1.2931981],[103.8530045,1.2930943],[103.8529668,1.293121],[103.8529339,1.2931463],[103.8530387,1.2932989]]]}},{"type":"Feature","id":173132990,"properties":{"osm_id":173132990,"name":"Unnamed building","height_m":4.0,"height_basis":"osm-height","source_id":"osm-cbd-buildings"},"geometry":{"type":"Polygon","coordinates":[[[103.8520009,1.2931375],[103.851977,1.293099],[103.8519508,1.2930566],[103.8520896,1.2929708],[103.8521397,1.2930517],[103.8520009,1.2931375]]]}},{"type":"Feature","id":173132991,"properties":{"osm_id":173132991,"name":"Unnamed building","height_m":4.0,"height_basis":"osm-height","source_id":"osm-cbd-buildings"},"geometry":{"type":"Polygon","coordinates":[[[103.8601172,1.2942181],[103.8601025,1.2941932],[103.8600926,1.2941766],[103.8603093,1.2940484],[103.8605023,1.2939343],[103.8605269,1.2939759],[103.8601172,1.2942181]]]}},{"type":"Feature","id":173135619,"properties":{"osm_id":173135619,"name":"Unnamed building","height_m":4.0,"height_basis":"osm-height","source_id":"osm-cbd-buildings"},"geometry":{"type":"Polygon","coordinates":[[[103.8503725,1.2974415],[103.8503376,1.2974681],[103.8504712,1.2976362],[103.8505063,1.2976092],[103.8503725,1.2974415]]]}},{"type":"Feature","id":173135621,"properties":{"osm_id":173135621,"name":"Unnamed building","height_m":15.0,"height_basis":"osm-height","source_id":"osm-cbd-buildings"},"geometry":{"type":"Polygon","coordinates":[[[103.8512577,1.2967091],[103.85121,1.2967483],[103.8513505,1.2969188],[103.8513714,1.2969015],[103.8513981,1.2968795],[103.8512577,1.2967091]]]}},{"type":"Feature","id":173180249,"properties":{"osm_id":173180249,"name":"Unnamed building","height_m":4.0,"height_basis":"osm-height","source_id":"osm-cbd-buildings"},"geometry":{"type":"Polygon","coordinates":[[[103.8500795,1.2976054],[103.8501034,1.2975754],[103.850265,1.2974546],[103.8502427,1.2974291],[103.8500564,1.2975766],[103.8500795,1.2976054]]]}},{"type":"Feature","id":173223781,"properties":{"osm_id":173223781,"name":"Unnamed building","height_m":12,"height_basis":"illustrative-default","source_id":"osm-cbd-buildings"},"geometry":{"type":"Polygon","coordinates":[[[103.8546396,1.2770635],[103.8546498,1.2769807],[103.8544888,1.2769609],[103.8544786,1.2770437],[103.8544983,1.2770461],[103.8546042,1.2770591],[103.8546396,1.2770635]]]}},{"type":"Feature","id":173223782,"properties":{"osm_id":173223782,"name":"Unnamed building","height_m":12,"height_basis":"illustrative-default","source_id":"osm-cbd-buildings"},"geometry":{"type":"Polygon","coordinates":[[[103.8551384,1.2761854],[103.8549531,1.2761596],[103.8547777,1.2761351],[103.8547495,1.2760983],[103.8548239,1.2757651],[103.8549004,1.2757758],[103.8550309,1.2759796],[103.8551337,1.2761177],[103.8551384,1.2761854]]]}},{"type":"Feature","id":173223954,"properties":{"osm_id":173223954,"name":"Unnamed building","height_m":3.0,"height_basis":"osm-height","source_id":"osm-cbd-buildings"},"geometry":{"type":"Polygon","coordinates":[[[103.8606879,1.2916875],[103.860533,1.2915545],[103.8604899,1.2916026],[103.8604602,1.2916393],[103.8606267,1.2917812],[103.8606879,1.2916875]]]}},{"type":"Feature","id":173224132,"properties":{"osm_id":173224132,"name":"Unnamed building","height_m":10.0,"height_basis":"osm-height","source_id":"osm-cbd-buildings"},"geometry":{"type":"Polygon","coordinates":[[[103.8590012,1.2814821],[103.8590123,1.2814755],[103.8590728,1.2814362],[103.8587742,1.280971],[103.8587026,1.2810169],[103.858973,1.2813836],[103.8590012,1.2814821]]]}},{"type":"Feature","id":175139008,"properties":{"osm_id":175139008,"name":"School of Social Sciences & College of Integrative Studies","height_m":22.400000000000002,"height_basis":"levels-estimate","source_id":"osm-cbd-buildings"},"geometry":{"type":"Polygon","coordinates":[[[103.8483149,1.2946739],[103.8483746,1.2950054],[103.8488256,1.2947532],[103.848446,1.294065],[103.8483823,1.2940997],[103.8483184,1.294483],[103.8483149,1.2946739]]]}},{"type":"Feature","id":175146814,"properties":{"osm_id":175146814,"name":"Unnamed building","height_m":15.0,"height_basis":"osm-height","source_id":"osm-cbd-buildings"},"geometry":{"type":"Polygon","coordinates":[[[103.8508376,1.2956266],[103.8508733,1.2956722],[103.8508208,1.2957134],[103.850861,1.2957647],[103.8508388,1.2957821],[103.8509054,1.2958671],[103.8509887,1.2958019],[103.8510306,1.2958553],[103.850894,1.2959622],[103.8507096,1.2957268],[103.8508376,1.2956266]]]}},{"type":"Feature","id":175146815,"properties":{"osm_id":175146815,"name":"Unnamed building","height_m":15.0,"height_basis":"osm-height","source_id":"osm-cbd-buildings"},"geometry":{"type":"Polygon","coordinates":[[[103.8507733,1.2958281],[103.8509339,1.2960154],[103.8508402,1.2960956],[103.8508065,1.2960563],[103.8507774,1.2960812],[103.8507559,1.2960562],[103.8507394,1.2960704],[103.850634,1.2959474],[103.8507733,1.2958281]]]}},{"type":"Feature","id":175146816,"properties":{"osm_id":175146816,"name":"Roman Catholic Archdiocese of Singapore","height_m":15.0,"height_basis":"osm-height","source_id":"osm-cbd-buildings"},"geometry":{"type":"Polygon","coordinates":[[[103.8510765,1.2957407],[103.8512231,1.2956229],[103.8511836,1.2955739],[103.8512106,1.2955522],[103.8512369,1.295531],[103.8511838,1.295465],[103.8511575,1.2954862],[103.8511313,1.2955072],[103.8510927,1.2954593],[103.8509454,1.2955777],[103.8510765,1.2957407]]]}},{"type":"Feature","id":175146817,"properties":{"osm_id":175146817,"name":"Unnamed building","height_m":12,"height_basis":"illustrative-default","source_id":"osm-cbd-buildings"},"geometry":{"type":"Polygon","coordinates":[[[103.8506172,1.2954623],[103.850655,1.295516],[103.8507146,1.2954741],[103.8506768,1.2954204],[103.8506172,1.2954623]]]}},{"type":"Feature","id":175325173,"properties":{"osm_id":175325173,"name":"Unnamed building","height_m":27.0,"height_basis":"osm-height","source_id":"osm-cbd-buildings"},"geometry":{"type":"Polygon","coordinates":[[[103.851919,1.2967365],[103.8521209,1.2970067],[103.8522559,1.2971611],[103.8525081,1.2969509],[103.8523738,1.2967978],[103.852144,1.2965358],[103.8519637,1.2966743],[103.8519209,1.2967071],[103.851919,1.2967365]]]}},{"type":"Feature","id":182819156,"properties":{"osm_id":182819156,"name":"Unnamed building","height_m":12,"height_basis":"illustrative-default","source_id":"osm-cbd-buildings"},"geometry":{"type":"Polygon","coordinates":[[[103.8551057,1.2804181],[103.8552822,1.280305],[103.8552554,1.2802632],[103.8551875,1.2803067],[103.855159,1.2802624],[103.8550272,1.2803469],[103.8550415,1.2803692],[103.8550648,1.2803542],[103.8551057,1.2804181]]]}},{"type":"Feature","id":182819162,"properties":{"osm_id":182819162,"name":"Sinsov Building","height_m":56.0,"height_basis":"osm-height","source_id":"osm-cbd-buildings"},"geometry":{"type":"Polygon","coordinates":[[[103.8504418,1.2843905],[103.8504516,1.2845379],[103.8507837,1.284516],[103.8507739,1.2843685],[103.8504418,1.2843905]]]}},{"type":"Feature","id":182819163,"properties":{"osm_id":182819163,"name":"Unnamed building","height_m":12,"height_basis":"illustrative-default","source_id":"osm-cbd-buildings"},"geometry":{"type":"Polygon","coordinates":[[[103.8453624,1.2778729],[103.8453721,1.2776836],[103.8454281,1.2776864],[103.8454353,1.2775481],[103.8452416,1.2775381],[103.8452246,1.277869],[103.8452496,1.2778703],[103.8452479,1.2779035],[103.8453225,1.2779074],[103.8453244,1.2778714],[103.8453624,1.2778729]]]}},{"type":"Feature","id":183319245,"properties":{"osm_id":183319245,"name":"Unnamed building","height_m":24.0,"height_basis":"osm-height","source_id":"osm-cbd-buildings"},"geometry":{"type":"Polygon","coordinates":[[[103.8525348,1.2944743],[103.8529474,1.2950609],[103.8529781,1.2951045],[103.852019,1.2957934],[103.8520143,1.2957836],[103.8519962,1.2957465],[103.8528683,1.2951006],[103.85266,1.2948035],[103.8524638,1.2945237],[103.8525348,1.2944743]]]}},{"type":"Feature","id":183320721,"properties":{"osm_id":183320721,"name":"Former Dormitories","height_m":24.0,"height_basis":"osm-height","source_id":"osm-cbd-buildings"},"geometry":{"type":"Polygon","coordinates":[[[103.8522633,1.2946605],[103.852378,1.2945792],[103.8524876,1.2947337],[103.8525069,1.29472],[103.8525609,1.294796],[103.8525433,1.2948085],[103.8525984,1.2948861],[103.8526043,1.294882],[103.85262,1.2949041],[103.852638,1.2948913],[103.8526892,1.2949634],[103.8526716,1.2949759],[103.8527803,1.2951289],[103.8526625,1.2952125],[103.8526437,1.2951859],[103.8525734,1.2952358],[103.8525854,1.2952526],[103.8522325,1.295503],[103.8521494,1.2953858],[103.8522487,1.2953154],[103.8522298,1.2952887],[103.8522772,1.2952552],[103.852267,1.2952409],[103.8523268,1.2951985],[103.8523357,1.2952111],[103.8523835,1.2951772],[103.8524009,1.2952017],[103.8524988,1.2951322],[103.852506,1.2951424],[103.8525745,1.2950938],[103.8525512,1.295061],[103.8525368,1.2950712],[103.8524844,1.2949973],[103.8524995,1.2949866],[103.8524155,1.2948683],[103.8523956,1.2948824],[103.8523411,1.2948056],[103.8523578,1.2947937],[103.8522633,1.2946605]]]}},{"type":"Feature","id":184297025,"properties":{"osm_id":184297025,"name":"Unnamed building","height_m":12,"height_basis":"illustrative-default","source_id":"osm-cbd-buildings"},"geometry":{"type":"Polygon","coordinates":[[[103.8533703,1.2830032],[103.8538356,1.2829793],[103.8538556,1.2833683],[103.8534715,1.2833881],[103.8534889,1.2837255],[103.8534486,1.2837275],[103.8534208,1.283729],[103.853425,1.2838099],[103.8533112,1.2838157],[103.853304,1.2836752],[103.8533416,1.2836732],[103.8533309,1.2834635],[103.8533285,1.2834181],[103.8532949,1.2834198],[103.8532938,1.2833972],[103.8532738,1.2830082],[103.8533703,1.2830032]]]}},{"type":"Feature","id":188366224,"properties":{"osm_id":188366224,"name":"Unnamed building","height_m":9.0,"height_basis":"osm-height","source_id":"osm-cbd-buildings"},"geometry":{"type":"Polygon","coordinates":[[[103.8514241,1.2830699],[103.851425,1.2830797],[103.8514291,1.2830885],[103.851436,1.2830955],[103.8514448,1.2830996],[103.8514546,1.2831005],[103.851464,1.283098],[103.8514695,1.2830946],[103.851476,1.2830874],[103.8514797,1.2830783],[103.8514801,1.2830686],[103.8514753,1.2830564],[103.8514685,1.2830495],[103.8514596,1.2830453],[103.8514499,1.2830444],[103.8514404,1.2830469],[103.8514324,1.2830524],[103.8514267,1.2830604],[103.8514241,1.2830699]]]}},{"type":"Feature","id":188366225,"properties":{"osm_id":188366225,"name":"Unnamed building","height_m":9.0,"height_basis":"osm-height","source_id":"osm-cbd-buildings"},"geometry":{"type":"Polygon","coordinates":[[[103.8514178,1.2830032],[103.8514206,1.2830127],[103.8514265,1.2830206],[103.8514347,1.283026],[103.8514442,1.2830283],[103.851454,1.2830272],[103.8514628,1.2830228],[103.851468,1.2830179],[103.8514727,1.2830093],[103.8514743,1.2829996],[103.8514724,1.2829899],[103.8514678,1.2829819],[103.8514603,1.2829756],[103.851451,1.2829722],[103.8514412,1.2829721],[103.8514319,1.2829754],[103.8514244,1.2829817],[103.8514194,1.2829902],[103.8514178,1.2830032]]]}},{"type":"Feature","id":188366227,"properties":{"osm_id":188366227,"name":"Unnamed building","height_m":9.0,"height_basis":"osm-height","source_id":"osm-cbd-buildings"},"geometry":{"type":"Polygon","coordinates":[[[103.8514321,1.2831344],[103.8514318,1.2831436],[103.8514346,1.2831523],[103.8514403,1.2831595],[103.8514481,1.2831643],[103.851457,1.2831662],[103.8514661,1.2831649],[103.8514721,1.283162],[103.8514788,1.2831559],[103.851483,1.2831477],[103.8514842,1.2831386],[103.8514811,1.2831273],[103.8514754,1.2831201],[103.8514676,1.2831153],[103.8514587,1.2831135],[103.8514496,1.2831148],[103.8514415,1.2831191],[103.8514354,1.2831259],[103.8514321,1.2831344]]]}},{"type":"Feature","id":188366233,"properties":{"osm_id":188366233,"name":"Unnamed building","height_m":9.0,"height_basis":"osm-height","source_id":"osm-cbd-buildings"},"geometry":{"type":"Polygon","coordinates":[[[103.8515126,1.2831977],[103.8515178,1.2831905],[103.8515253,1.2831855],[103.8515339,1.2831834],[103.8515428,1.2831843],[103.8515508,1.2831883],[103.851557,1.2831947],[103.8515596,1.2831996],[103.8515614,1.2832084],[103.85156,1.2832172],[103.8515558,1.2832251],[103.8515473,1.2832319],[103.8515388,1.2832346],[103.8515299,1.2832341],[103.8515216,1.2832306],[103.8515151,1.2832245],[103.8515111,1.2832165],[103.85151,1.2832077],[103.8515126,1.2831977]]]}},{"type":"Feature","id":188366237,"properties":{"osm_id":188366237,"name":"Unnamed building","height_m":9.0,"height_basis":"osm-height","source_id":"osm-cbd-buildings"},"geometry":{"type":"Polygon","coordinates":[[[103.8514385,1.2832],[103.8514374,1.2832094],[103.8514395,1.2832186],[103.8514447,1.2832265],[103.8514522,1.2832322],[103.8514612,1.2832349],[103.8514707,1.2832344],[103.8514763,1.2832324],[103.8514839,1.283227],[103.8514893,1.2832192],[103.8514916,1.28321],[103.8514907,1.2832006],[103.8514885,1.2831952],[103.8514827,1.2831877],[103.8514747,1.2831827],[103.8514655,1.2831808],[103.8514561,1.2831821],[103.8514478,1.2831865],[103.8514415,1.2831935],[103.8514385,1.2832]]]}},{"type":"Feature","id":188366238,"properties":{"osm_id":188366238,"name":"Unnamed building","height_m":5.0,"height_basis":"osm-height","source_id":"osm-cbd-buildings"},"geometry":{"type":"Polygon","coordinates":[[[103.8514361,1.2834812],[103.8515517,1.2834719],[103.8515448,1.2833863],[103.8515809,1.2833833],[103.8515734,1.2832912],[103.8515416,1.2832938],[103.8515382,1.2832511],[103.8514183,1.2832608],[103.8514361,1.2834812]]]}},{"type":"Feature","id":190945737,"properties":{"osm_id":190945737,"name":"PARKROYAL Serviced Suites Singapore","height_m":102.4,"height_basis":"levels-estimate","source_id":"osm-cbd-buildings"},"geometry":{"type":"Polygon","coordinates":[[[103.8604631,1.2998327],[103.8604728,1.2997115],[103.860475,1.2996838],[103.860604,1.2996838],[103.860732,1.2996468],[103.860822,1.2995908],[103.8609109,1.2994929],[103.8609979,1.2995518],[103.8609339,1.2996768],[103.8609089,1.2997797],[103.8609079,1.2998996],[103.8609376,1.3000069],[103.8609469,1.3000406],[103.8608811,1.3000675],[103.86082,1.3000925],[103.860761,1.2999966],[103.860673,1.2999216],[103.860592,1.2998637],[103.8604631,1.2998327]]]}},{"type":"Feature","id":190945744,"properties":{"osm_id":190945744,"name":"The Furniture Mall","height_m":12,"height_basis":"illustrative-default","source_id":"osm-cbd-buildings"},"geometry":{"type":"Polygon","coordinates":[[[103.8604728,1.2997115],[103.860475,1.2996838],[103.860604,1.2996838],[103.860732,1.2996468],[103.860822,1.2995908],[103.8609109,1.2994929],[103.8609979,1.2995518],[103.8609339,1.2996768],[103.8609089,1.2997797],[103.8609079,1.2998996],[103.8609376,1.3000069],[103.8609469,1.3000406],[103.8608811,1.3000675],[103.8609841,1.300142],[103.8609459,1.3002021],[103.8610993,1.3003109],[103.861076,1.3003463],[103.8612315,1.3004607],[103.8613863,1.3002381],[103.8614273,1.3002205],[103.8616161,1.2999144],[103.8611255,1.2995491],[103.8610979,1.2995936],[103.8610675,1.2996332],[103.8610263,1.2996384],[103.8610566,1.2995898],[103.8608417,1.2994419],[103.8607487,1.2995299],[103.8606538,1.2995739],[103.8605508,1.2995858],[103.8604808,1.2995828],[103.8604484,1.2995491],[103.8604105,1.2995097],[103.8603732,1.2994708],[103.8603053,1.299565],[103.8603266,1.2995837],[103.8603947,1.2996432],[103.8604728,1.2997115]]]}},{"type":"Feature","id":190945750,"properties":{"osm_id":190945750,"name":"Unnamed building","height_m":12,"height_basis":"illustrative-default","source_id":"osm-cbd-buildings"},"geometry":{"type":"Polygon","coordinates":[[[103.8632193,1.2997129],[103.8630535,1.2995706],[103.8629894,1.2996452],[103.8631552,1.2997875],[103.8632193,1.2997129]]]}},{"type":"Feature","id":190945756,"properties":{"osm_id":190945756,"name":"Unnamed building","height_m":12,"height_basis":"illustrative-default","source_id":"osm-cbd-buildings"},"geometry":{"type":"Polygon","coordinates":[[[103.8635713,1.3001345],[103.8636741,1.3001968],[103.8637501,1.3000717],[103.8635834,1.2999706],[103.8635312,1.3000566],[103.8635402,1.300062],[103.8635951,1.3000953],[103.8635713,1.3001345]]]}},{"type":"Feature","id":190945758,"properties":{"osm_id":190945758,"name":"Unnamed building","height_m":12,"height_basis":"illustrative-default","source_id":"osm-cbd-buildings"},"geometry":{"type":"Polygon","coordinates":[[[103.8642049,1.2996428],[103.8640404,1.2995724],[103.86406,1.2995265],[103.863924,1.2994683],[103.8638799,1.2995713],[103.8640148,1.2996286],[103.8641074,1.2996679],[103.8641804,1.2996999],[103.8641923,1.2996722],[103.8642049,1.2996428]]]}},{"type":"Feature","id":191650145,"properties":{"osm_id":191650145,"name":"Unnamed building","height_m":3.2,"height_basis":"levels-estimate","source_id":"osm-cbd-buildings"},"geometry":{"type":"Polygon","coordinates":[[[103.8569494,1.2895951],[103.8569049,1.2895988],[103.8568825,1.2893286],[103.856927,1.2893249],[103.8569494,1.2895951]]]}},{"type":"Feature","id":193443219,"properties":{"osm_id":193443219,"name":"Unnamed building","height_m":18.0,"height_basis":"osm-height","source_id":"osm-cbd-buildings"},"geometry":{"type":"Polygon","coordinates":[[[103.8468795,1.2860661],[103.8469096,1.2861155],[103.8469823,1.2860713],[103.8469522,1.2860218],[103.8468795,1.2860661]]]}},{"type":"Feature","id":230082125,"properties":{"osm_id":230082125,"name":"Singapore Flyer","height_m":12,"height_basis":"illustrative-default","source_id":"osm-cbd-buildings"},"geometry":{"type":"Polygon","coordinates":[[[103.8625828,1.2890295],[103.8636235,1.2898476],[103.8636678,1.2897913],[103.8626271,1.2889732],[103.8625828,1.2890295]]]}},{"type":"Feature","id":231917880,"properties":{"osm_id":231917880,"name":"Unnamed building","height_m":5.0,"height_basis":"osm-height","source_id":"osm-cbd-buildings"},"geometry":{"type":"Polygon","coordinates":[[[103.845393,1.2990622],[103.8454078,1.299065],[103.8454315,1.2990571],[103.8454392,1.2990466],[103.8454245,1.299003],[103.8455124,1.2989733],[103.8456581,1.2989242],[103.8456289,1.2988377],[103.8455123,1.298877],[103.8454835,1.2988867],[103.8453962,1.2989162],[103.8453851,1.2988832],[103.8453664,1.2988777],[103.8453436,1.2988867],[103.845338,1.2988991],[103.845393,1.2990622]]]}},{"type":"Feature","id":231917883,"properties":{"osm_id":231917883,"name":"Unnamed building","height_m":5.0,"height_basis":"osm-height","source_id":"osm-cbd-buildings"},"geometry":{"type":"Polygon","coordinates":[[[103.8468615,1.2983861],[103.8468467,1.2983831],[103.846823,1.2983906],[103.8468151,1.2984011],[103.8468292,1.2984449],[103.8465945,1.2985204],[103.8466224,1.2986073],[103.8467914,1.2985529],[103.8468562,1.298532],[103.8468669,1.2985652],[103.8468855,1.298571],[103.8469084,1.2985623],[103.8469143,1.2985499],[103.8468615,1.2983861]]]}},{"type":"Feature","id":231917910,"properties":{"osm_id":231917910,"name":"Unnamed building","height_m":5.0,"height_basis":"osm-height","source_id":"osm-cbd-buildings"},"geometry":{"type":"Polygon","coordinates":[[[103.8451107,1.2989415],[103.8451514,1.2990666],[103.8452941,1.2990202],[103.8452533,1.2988951],[103.8451107,1.2989415]]]}},{"type":"Feature","id":231917936,"properties":{"osm_id":231917936,"name":"Unnamed building","height_m":12,"height_basis":"illustrative-default","source_id":"osm-cbd-buildings"},"geometry":{"type":"Polygon","coordinates":[[[103.8465452,1.2761769],[103.8465641,1.2760281],[103.8465226,1.2760228],[103.8465036,1.2761716],[103.8465231,1.2761741],[103.8465452,1.2761769]]]}},{"type":"Feature","id":231917938,"properties":{"osm_id":231917938,"name":"Unnamed building","height_m":5.0,"height_basis":"osm-height","source_id":"osm-cbd-buildings"},"geometry":{"type":"Polygon","coordinates":[[[103.846927,1.2985307],[103.8470356,1.2984971],[103.8469902,1.2983504],[103.8468815,1.298384],[103.846927,1.2985307]]]}},{"type":"Feature","id":231917948,"properties":{"osm_id":231917948,"name":"Unnamed building","height_m":4.0,"height_basis":"osm-height","source_id":"osm-cbd-buildings"},"geometry":{"type":"Polygon","coordinates":[[[103.8513462,1.2824224],[103.851369,1.2824585],[103.8514761,1.282391],[103.8514534,1.2823549],[103.8514405,1.282363],[103.8514236,1.2823362],[103.8513463,1.2823849],[103.8513632,1.2824117],[103.8513462,1.2824224]]]}},{"type":"Feature","id":231917957,"properties":{"osm_id":231917957,"name":"Unnamed building","height_m":12,"height_basis":"illustrative-default","source_id":"osm-cbd-buildings"},"geometry":{"type":"Polygon","coordinates":[[[103.8509741,1.2825113],[103.8509757,1.2825309],[103.8509778,1.282557],[103.851108,1.2825466],[103.8511044,1.2825009],[103.8509741,1.2825113]]]}},{"type":"Feature","id":231917963,"properties":{"osm_id":231917963,"name":"Unnamed building","height_m":5.0,"height_basis":"osm-height","source_id":"osm-cbd-buildings"},"geometry":{"type":"Polygon","coordinates":[[[103.8449154,1.2992491],[103.8451218,1.2991804],[103.8450559,1.298979],[103.844897,1.299031],[103.8449433,1.2991723],[103.8448952,1.2991883],[103.8449154,1.2992491]]]}},{"type":"Feature","id":231917972,"properties":{"osm_id":231917972,"name":"Unnamed building","height_m":5.0,"height_basis":"osm-height","source_id":"osm-cbd-buildings"},"geometry":{"type":"Polygon","coordinates":[[[103.8463007,1.2986924],[103.8462347,1.2987144],[103.8462134,1.2987215],[103.8462222,1.2987479],[103.8462255,1.2987576],[103.8465143,1.2986613],[103.846502,1.2986245],[103.8464227,1.298651],[103.8463903,1.2986618],[103.8463834,1.2986408],[103.8462934,1.2986707],[103.8463007,1.2986924]]]}},{"type":"Feature","id":243427705,"properties":{"osm_id":243427705,"name":"The Arts House","height_m":15.0,"height_basis":"osm-height","source_id":"osm-cbd-buildings"},"geometry":{"type":"Polygon","coordinates":[[[103.851213,1.2889716],[103.8513015,1.288904],[103.8512629,1.2888536],[103.8513004,1.2888249],[103.8512366,1.2887414],[103.851301,1.2886923],[103.8512613,1.2886402],[103.8512784,1.2886271],[103.8511555,1.2884661],[103.8511104,1.2885005],[103.8510209,1.2883833],[103.8509737,1.2884194],[103.8509253,1.288356],[103.8508352,1.2884248],[103.8508809,1.2884846],[103.8508604,1.2885003],[103.8509446,1.2886105],[103.850897,1.2886468],[103.8509371,1.2886992],[103.8509129,1.2887177],[103.8509909,1.2888198],[103.8510167,1.2888002],[103.8510604,1.2888574],[103.851092,1.2888333],[103.8511724,1.2889386],[103.8511821,1.2889312],[103.851213,1.2889716]]]}},{"type":"Feature","id":243427888,"properties":{"osm_id":243427888,"name":"Old Civil District Court","height_m":15.0,"height_basis":"osm-height","source_id":"osm-cbd-buildings"},"geometry":{"type":"Polygon","coordinates":[[[103.8510533,1.2881967],[103.8509541,1.28806],[103.8509943,1.2880251],[103.8509514,1.2879715],[103.8509112,1.2880036],[103.8508253,1.287891],[103.8507905,1.2879259],[103.8507502,1.2878776],[103.850702,1.2879232],[103.8507404,1.2879724],[103.8509326,1.2882182],[103.8509623,1.2881981],[103.850997,1.2882396],[103.8510533,1.2881967]]]}},{"type":"Feature","id":243430457,"properties":{"osm_id":243430457,"name":"Unnamed building","height_m":116.0,"height_basis":"osm-height","source_id":"osm-cbd-buildings"},"geometry":{"type":"Polygon","coordinates":[[[103.8490304,1.2902325],[103.8489089,1.2900312],[103.8491455,1.2898885],[103.849267,1.2900899],[103.8490304,1.2902325]]]}},{"type":"Feature","id":243430507,"properties":{"osm_id":243430507,"name":"25 North Bridge","height_m":43.0,"height_basis":"osm-height","source_id":"osm-cbd-buildings"},"geometry":{"type":"Polygon","coordinates":[[[103.8498743,1.2901881],[103.8497704,1.2900264],[103.849733,1.290014],[103.8495192,1.2901679],[103.849673,1.290367],[103.8498631,1.2902281],[103.849848,1.2902062],[103.8498743,1.2901881]]]}},{"type":"Feature","id":243430556,"properties":{"osm_id":243430556,"name":"High Street Plaza","height_m":43.0,"height_basis":"osm-height","source_id":"osm-cbd-buildings"},"geometry":{"type":"Polygon","coordinates":[[[103.8492795,1.2906732],[103.8491335,1.2904874],[103.8493978,1.2902799],[103.8495438,1.2904657],[103.8494121,1.2905691],[103.8492795,1.2906732]]]}},{"type":"Feature","id":251796138,"properties":{"osm_id":251796138,"name":"Monti I-Pavilion","height_m":5.0,"height_basis":"osm-height","source_id":"osm-cbd-buildings"},"geometry":{"type":"Polygon","coordinates":[[[103.8539427,1.2847744],[103.8539825,1.2847871],[103.8540241,1.2847846],[103.8540621,1.2847672],[103.8540912,1.2847373],[103.8541075,1.2846989],[103.8541089,1.2846572],[103.8540951,1.2846178],[103.8540679,1.2845861],[103.8540312,1.2845663],[103.8539898,1.2845611],[103.8539493,1.2845712],[103.8539152,1.2845953],[103.8538921,1.28463],[103.8538831,1.2846708],[103.8538894,1.284712],[103.8539102,1.2847482],[103.8539427,1.2847744]]]}},{"type":"Feature","id":254815861,"properties":{"osm_id":254815861,"name":"Bugis Junction Tower","height_m":12,"height_basis":"illustrative-default","source_id":"osm-cbd-buildings"},"geometry":{"type":"Polygon","coordinates":[[[103.8559282,1.3003213],[103.856366,1.2998729],[103.8562762,1.2997683],[103.8562485,1.2997915],[103.8562274,1.2997629],[103.8562524,1.2997441],[103.856187,1.2996573],[103.8561082,1.2997166],[103.8560906,1.2996932],[103.8557132,1.2999772],[103.8557307,1.3000005],[103.8556526,1.3000592],[103.8557181,1.3001462],[103.855766,1.3001101],[103.8559282,1.3003213]]]}},{"type":"Feature","id":254815862,"properties":{"osm_id":254815862,"name":"Unnamed building","height_m":14.0,"height_basis":"osm-height","source_id":"osm-cbd-buildings"},"geometry":{"type":"Polygon","coordinates":[[[103.8543832,1.2945481],[103.8546251,1.2943649],[103.8545623,1.2942821],[103.854507,1.2942091],[103.8542652,1.2943923],[103.8542779,1.2944091],[103.8543684,1.2945285],[103.8543832,1.2945481]]]}},{"type":"Feature","id":254815864,"properties":{"osm_id":254815864,"name":"Unnamed building","height_m":12.0,"height_basis":"osm-height","source_id":"osm-cbd-buildings"},"geometry":{"type":"Polygon","coordinates":[[[103.856624,1.2977344],[103.8566566,1.2976968],[103.8565745,1.297592],[103.8565346,1.2975912],[103.8565022,1.2976286],[103.856624,1.2977344]]]}},{"type":"Feature","id":254815865,"properties":{"osm_id":254815865,"name":"Unnamed building","height_m":12.0,"height_basis":"osm-height","source_id":"osm-cbd-buildings"},"geometry":{"type":"Polygon","coordinates":[[[103.8565778,1.2979342],[103.8565443,1.2979703],[103.8566711,1.2980881],[103.8567046,1.2980521],[103.8565778,1.2979342]]]}},{"type":"Feature","id":254815866,"properties":{"osm_id":254815866,"name":"Unnamed building","height_m":24.0,"height_basis":"osm-height","source_id":"osm-cbd-buildings"},"geometry":{"type":"Polygon","coordinates":[[[103.8571189,1.2977989],[103.8571759,1.2978561],[103.8571752,1.2979318],[103.8570891,1.2980214],[103.8570546,1.2980214],[103.8569776,1.2979474],[103.8571189,1.2977989]]]}},{"type":"Feature","id":254815867,"properties":{"osm_id":254815867,"name":"Unnamed building","height_m":25.6,"height_basis":"levels-estimate","source_id":"osm-cbd-buildings"},"geometry":{"type":"Polygon","coordinates":[[[103.8538211,1.298843],[103.8539849,1.2990433],[103.8540798,1.2989637],[103.8540821,1.2988864],[103.8540028,1.2987933],[103.8538885,1.2987879],[103.8538211,1.298843]]]}},{"type":"Feature","id":254815868,"properties":{"osm_id":254815868,"name":"Unnamed building","height_m":12.0,"height_basis":"osm-height","source_id":"osm-cbd-buildings"},"geometry":{"type":"Polygon","coordinates":[[[103.8564614,1.2979221],[103.8564939,1.2978846],[103.8563727,1.297778],[103.8563404,1.2978154],[103.8564614,1.2979221]]]}},{"type":"Feature","id":254815869,"properties":{"osm_id":254815869,"name":"Unnamed building","height_m":25.6,"height_basis":"levels-estimate","source_id":"osm-cbd-buildings"},"geometry":{"type":"Polygon","coordinates":[[[103.8536993,1.2989424],[103.8538211,1.298843],[103.8539849,1.2990433],[103.8538656,1.2991434],[103.8536993,1.2989424]]]}},{"type":"Feature","id":254815870,"properties":{"osm_id":254815870,"name":"\u5229\u4f73\u5927\u5ec8 Lee Kai House","height_m":25.6,"height_basis":"levels-estimate","source_id":"osm-cbd-buildings"},"geometry":{"type":"Polygon","coordinates":[[[103.853754,1.299237],[103.8536372,1.2993349],[103.8534696,1.2991301],[103.8535854,1.2990355],[103.853754,1.299237]]]}},{"type":"Feature","id":254815871,"properties":{"osm_id":254815871,"name":"ICB Enterprise House \u5de5\u5546\u4f01\u696d\u5927\u5ec8","height_m":25.6,"height_basis":"levels-estimate","source_id":"osm-cbd-buildings"},"geometry":{"type":"Polygon","coordinates":[[[103.8536372,1.2993349],[103.8535395,1.2994169],[103.8534633,1.2994092],[103.8533685,1.2992834],[103.8533775,1.2992054],[103.8534696,1.2991301],[103.8536372,1.2993349]]]}},{"type":"Feature","id":254815872,"properties":{"osm_id":254815872,"name":"Unnamed building","height_m":12.0,"height_basis":"osm-height","source_id":"osm-cbd-buildings"},"geometry":{"type":"Polygon","coordinates":[[[103.8565443,1.2979703],[103.8564787,1.2980409],[103.8566055,1.2981587],[103.8566711,1.2980881],[103.8565443,1.2979703]]]}},{"type":"Feature","id":254815873,"properties":{"osm_id":254815873,"name":"Unnamed building","height_m":12.0,"height_basis":"osm-height","source_id":"osm-cbd-buildings"},"geometry":{"type":"Polygon","coordinates":[[[103.8564289,1.2979597],[103.8564614,1.2979221],[103.8563404,1.2978154],[103.856308,1.2978527],[103.8564289,1.2979597]]]}},{"type":"Feature","id":254815874,"properties":{"osm_id":254815874,"name":"Unnamed building","height_m":20.0,"height_basis":"osm-height","source_id":"osm-cbd-buildings"},"geometry":{"type":"Polygon","coordinates":[[[103.8528267,1.2993168],[103.8526043,1.299056],[103.8528096,1.298876],[103.8529943,1.29909],[103.8529884,1.2991808],[103.8528267,1.2993168]]]}},{"type":"Feature","id":254815875,"properties":{"osm_id":254815875,"name":"Bylands Building","height_m":20.0,"height_basis":"osm-height","source_id":"osm-cbd-buildings"},"geometry":{"type":"Polygon","coordinates":[[[103.8528267,1.2993168],[103.8526043,1.299056],[103.8523964,1.2992377],[103.8526133,1.2994975],[103.8528267,1.2993168]]]}},{"type":"Feature","id":254815876,"properties":{"osm_id":254815876,"name":"Unnamed building","height_m":12.0,"height_basis":"osm-height","source_id":"osm-cbd-buildings"},"geometry":{"type":"Polygon","coordinates":[[[103.8564787,1.2980409],[103.8564473,1.2980746],[103.8565741,1.2981925],[103.8566055,1.2981587],[103.8564787,1.2980409]]]}},{"type":"Feature","id":254815877,"properties":{"osm_id":254815877,"name":"Unnamed building","height_m":12.0,"height_basis":"osm-height","source_id":"osm-cbd-buildings"},"geometry":{"type":"Polygon","coordinates":[[[103.8563964,1.2979972],[103.8564289,1.2979597],[103.856308,1.2978527],[103.8562756,1.2978901],[103.8563964,1.2979972]]]}},{"type":"Feature","id":254815878,"properties":{"osm_id":254815878,"name":"Unnamed building","height_m":12.0,"height_basis":"osm-height","source_id":"osm-cbd-buildings"},"geometry":{"type":"Polygon","coordinates":[[[103.8564473,1.2980746],[103.8564164,1.2981078],[103.8565432,1.2982257],[103.8565741,1.2981925],[103.8564473,1.2980746]]]}},{"type":"Feature","id":254815879,"properties":{"osm_id":254815879,"name":"Unnamed building","height_m":12.0,"height_basis":"osm-height","source_id":"osm-cbd-buildings"},"geometry":{"type":"Polygon","coordinates":[[[103.8563638,1.2980347],[103.8563964,1.2979972],[103.8562756,1.2978901],[103.8562433,1.2979274],[103.8563638,1.2980347]]]}},{"type":"Feature","id":254815880,"properties":{"osm_id":254815880,"name":"Unnamed building","height_m":12.0,"height_basis":"osm-height","source_id":"osm-cbd-buildings"},"geometry":{"type":"Polygon","coordinates":[[[103.8564164,1.2981078],[103.8563818,1.2981451],[103.8565086,1.2982629],[103.8565432,1.2982257],[103.8564164,1.2981078]]]}},{"type":"Feature","id":254815881,"properties":{"osm_id":254815881,"name":"Unnamed building","height_m":12.0,"height_basis":"osm-height","source_id":"osm-cbd-buildings"},"geometry":{"type":"Polygon","coordinates":[[[103.8563313,1.2980723],[103.8563638,1.2980347],[103.8562433,1.2979274],[103.8562109,1.2979648],[103.8563313,1.2980723]]]}},{"type":"Feature","id":254815882,"properties":{"osm_id":254815882,"name":"Unnamed building","height_m":12.0,"height_basis":"osm-height","source_id":"osm-cbd-buildings"},"geometry":{"type":"Polygon","coordinates":[[[103.8567137,1.2977881],[103.8566784,1.2978261],[103.8567793,1.2979199],[103.8568146,1.2978819],[103.8567137,1.2977881]]]}},{"type":"Feature","id":254815883,"properties":{"osm_id":254815883,"name":"Unnamed building","height_m":12.0,"height_basis":"osm-height","source_id":"osm-cbd-buildings"},"geometry":{"type":"Polygon","coordinates":[[[103.8569986,1.298124],[103.857025,1.2980951],[103.8568924,1.297976],[103.8568396,1.2979796],[103.8569986,1.298124]]]}},{"type":"Feature","id":254815884,"properties":{"osm_id":254815884,"name":"Unnamed building","height_m":12.0,"height_basis":"osm-height","source_id":"osm-cbd-buildings"},"geometry":{"type":"Polygon","coordinates":[[[103.8563818,1.2981451],[103.8563453,1.2981843],[103.8564721,1.2983021],[103.8565086,1.2982629],[103.8563818,1.2981451]]]}},{"type":"Feature","id":254815885,"properties":{"osm_id":254815885,"name":"Unnamed building","height_m":25.0,"height_basis":"osm-height","source_id":"osm-cbd-buildings"},"geometry":{"type":"Polygon","coordinates":[[[103.8557747,1.2967259],[103.855837,1.2966771],[103.8558692,1.2966818],[103.855908,1.2967313],[103.8559467,1.2967807],[103.8559061,1.2968125],[103.8558668,1.2968433],[103.8558588,1.2968331],[103.8557747,1.2967259]]]}},{"type":"Feature","id":254815886,"properties":{"osm_id":254815886,"name":"Unnamed building","height_m":12.0,"height_basis":"osm-height","source_id":"osm-cbd-buildings"},"geometry":{"type":"Polygon","coordinates":[[[103.8562988,1.2981098],[103.8563313,1.2980723],[103.8562109,1.2979648],[103.8561785,1.2980021],[103.8562988,1.2981098]]]}},{"type":"Feature","id":254815887,"properties":{"osm_id":254815887,"name":"Unnamed building","height_m":12.0,"height_basis":"osm-height","source_id":"osm-cbd-buildings"},"geometry":{"type":"Polygon","coordinates":[[[103.8563453,1.2981843],[103.8562902,1.2982502],[103.8564104,1.2983684],[103.8564721,1.2983021],[103.8563453,1.2981843]]]}},{"type":"Feature","id":254815888,"properties":{"osm_id":254815888,"name":"Unnamed building","height_m":25.0,"height_basis":"osm-height","source_id":"osm-cbd-buildings"},"geometry":{"type":"Polygon","coordinates":[[[103.855675,1.2966671],[103.8557331,1.2966691],[103.8557747,1.2967259],[103.8558588,1.2968331],[103.8558233,1.2968606],[103.855675,1.2966671]]]}},{"type":"Feature","id":254815889,"properties":{"osm_id":254815889,"name":"Unnamed building","height_m":12.0,"height_basis":"osm-height","source_id":"osm-cbd-buildings"},"geometry":{"type":"Polygon","coordinates":[[[103.8562662,1.2981474],[103.8562988,1.2981098],[103.8561785,1.2980021],[103.8561462,1.2980395],[103.8562662,1.2981474]]]}},{"type":"Feature","id":254815890,"properties":{"osm_id":254815890,"name":"Unnamed building","height_m":12.0,"height_basis":"osm-height","source_id":"osm-cbd-buildings"},"geometry":{"type":"Polygon","coordinates":[[[103.8562902,1.2982502],[103.8562589,1.2982858],[103.8563781,1.2984032],[103.8564104,1.2983684],[103.8562902,1.2982502]]]}},{"type":"Feature","id":254815891,"properties":{"osm_id":254815891,"name":"Unnamed building","height_m":12.0,"height_basis":"osm-height","source_id":"osm-cbd-buildings"},"geometry":{"type":"Polygon","coordinates":[[[103.8562337,1.2981849],[103.8562662,1.2981474],[103.8561462,1.2980395],[103.8561138,1.2980769],[103.8562337,1.2981849]]]}},{"type":"Feature","id":254815892,"properties":{"osm_id":254815892,"name":"Unnamed building","height_m":12.0,"height_basis":"osm-height","source_id":"osm-cbd-buildings"},"geometry":{"type":"Polygon","coordinates":[[[103.8562589,1.2982858],[103.8562267,1.2983224],[103.8563449,1.2984388],[103.8563781,1.2984032],[103.8562589,1.2982858]]]}},{"type":"Feature","id":254815893,"properties":{"osm_id":254815893,"name":"Unnamed building","height_m":25.0,"height_basis":"osm-height","source_id":"osm-cbd-buildings"},"geometry":{"type":"Polygon","coordinates":[[[103.8558233,1.2968606],[103.8557785,1.2968949],[103.8556302,1.2967014],[103.855675,1.2966671],[103.8558233,1.2968606]]]}},{"type":"Feature","id":254815894,"properties":{"osm_id":254815894,"name":"Unnamed building","height_m":12.0,"height_basis":"osm-height","source_id":"osm-cbd-buildings"},"geometry":{"type":"Polygon","coordinates":[[[103.8562012,1.2982225],[103.8562337,1.2981849],[103.8561138,1.2980769],[103.8560814,1.2981142],[103.8562012,1.2982225]]]}},{"type":"Feature","id":254815895,"properties":{"osm_id":254815895,"name":"Unnamed building","height_m":12.0,"height_basis":"osm-height","source_id":"osm-cbd-buildings"},"geometry":{"type":"Polygon","coordinates":[[[103.8562267,1.2983224],[103.8561869,1.2983677],[103.8563039,1.298483],[103.8563449,1.2984388],[103.8562267,1.2983224]]]}},{"type":"Feature","id":254815896,"properties":{"osm_id":254815896,"name":"Unnamed building","height_m":12.0,"height_basis":"osm-height","source_id":"osm-cbd-buildings"},"geometry":{"type":"Polygon","coordinates":[[[103.8561687,1.29826],[103.8562012,1.2982225],[103.8560814,1.2981142],[103.8560491,1.2981516],[103.8561687,1.29826]]]}},{"type":"Feature","id":254815897,"properties":{"osm_id":254815897,"name":"Unnamed building","height_m":14.0,"height_basis":"osm-height","source_id":"osm-cbd-buildings"},"geometry":{"type":"Polygon","coordinates":[[[103.8562251,1.2989601],[103.8561792,1.2989188],[103.856229,1.2988637],[103.8561236,1.2987687],[103.8561523,1.298737],[103.8563034,1.2988733],[103.8562251,1.2989601]]]}},{"type":"Feature","id":254815898,"properties":{"osm_id":254815898,"name":"Unnamed building","height_m":12.0,"height_basis":"osm-height","source_id":"osm-cbd-buildings"},"geometry":{"type":"Polygon","coordinates":[[[103.8569723,1.2981529],[103.8569986,1.298124],[103.8568396,1.2979796],[103.856813,1.2980088],[103.8569723,1.2981529]]]}},{"type":"Feature","id":254815899,"properties":{"osm_id":254815899,"name":"Unnamed building","height_m":12.0,"height_basis":"osm-height","source_id":"osm-cbd-buildings"},"geometry":{"type":"Polygon","coordinates":[[[103.8565915,1.2977719],[103.856624,1.2977344],[103.8565022,1.2976286],[103.8564698,1.2976659],[103.8565915,1.2977719]]]}},{"type":"Feature","id":254815900,"properties":{"osm_id":254815900,"name":"Unnamed building","height_m":12.0,"height_basis":"osm-height","source_id":"osm-cbd-buildings"},"geometry":{"type":"Polygon","coordinates":[[[103.8561869,1.2983677],[103.856157,1.2984017],[103.8562731,1.2985161],[103.8563039,1.298483],[103.8561869,1.2983677]]]}},{"type":"Feature","id":254815901,"properties":{"osm_id":254815901,"name":"Unnamed building","height_m":25.0,"height_basis":"osm-height","source_id":"osm-cbd-buildings"},"geometry":{"type":"Polygon","coordinates":[[[103.8557785,1.2968949],[103.8558045,1.2969288],[103.8557693,1.2969558],[103.8555951,1.2967284],[103.8556302,1.2967014],[103.8557785,1.2968949]]]}},{"type":"Feature","id":254815902,"properties":{"osm_id":254815902,"name":"Unnamed building","height_m":12.0,"height_basis":"osm-height","source_id":"osm-cbd-buildings"},"geometry":{"type":"Polygon","coordinates":[[[103.8561361,1.2982975],[103.8561687,1.29826],[103.8560491,1.2981516],[103.8560167,1.2981889],[103.8561361,1.2982975]]]}},{"type":"Feature","id":254815903,"properties":{"osm_id":254815903,"name":"Unnamed building","height_m":12.0,"height_basis":"osm-height","source_id":"osm-cbd-buildings"},"geometry":{"type":"Polygon","coordinates":[[[103.856157,1.2984017],[103.8561258,1.2984371],[103.8562409,1.2985507],[103.8562731,1.2985161],[103.856157,1.2984017]]]}},{"type":"Feature","id":254815904,"properties":{"osm_id":254815904,"name":"Hotel 81 (Bugis)","height_m":25.0,"height_basis":"osm-height","source_id":"osm-cbd-buildings"},"geometry":{"type":"Polygon","coordinates":[[[103.8557693,1.2969558],[103.8556844,1.2970208],[103.8555102,1.2967934],[103.8555951,1.2967284],[103.8557693,1.2969558]]]}},{"type":"Feature","id":254815905,"properties":{"osm_id":254815905,"name":"Unnamed building","height_m":12.0,"height_basis":"osm-height","source_id":"osm-cbd-buildings"},"geometry":{"type":"Polygon","coordinates":[[[103.8561258,1.2984371],[103.8560936,1.2984737],[103.8562077,1.2985864],[103.8562409,1.2985507],[103.8561258,1.2984371]]]}},{"type":"Feature","id":254815906,"properties":{"osm_id":254815906,"name":"Fragrance Hotel (Bugis)","height_m":25.0,"height_basis":"osm-height","source_id":"osm-cbd-buildings"},"geometry":{"type":"Polygon","coordinates":[[[103.8556844,1.2970208],[103.8556065,1.2970804],[103.8554323,1.296853],[103.8555102,1.2967934],[103.8556844,1.2970208]]]}},{"type":"Feature","id":254815907,"properties":{"osm_id":254815907,"name":"Unnamed building","height_m":12.0,"height_basis":"osm-height","source_id":"osm-cbd-buildings"},"geometry":{"type":"Polygon","coordinates":[[[103.8560936,1.2984737],[103.856063,1.2985153],[103.856139,1.2986279],[103.8561781,1.2986283],[103.8562077,1.2985864],[103.8560936,1.2984737]]]}},{"type":"Feature","id":254815908,"properties":{"osm_id":254815908,"name":"TEG International College","height_m":25.0,"height_basis":"osm-height","source_id":"osm-cbd-buildings"},"geometry":{"type":"Polygon","coordinates":[[[103.8556065,1.2970804],[103.8555249,1.2971429],[103.8553507,1.2969155],[103.8554323,1.296853],[103.8556065,1.2970804]]]}},{"type":"Feature","id":254815909,"properties":{"osm_id":254815909,"name":"Unnamed building","height_m":12.0,"height_basis":"osm-height","source_id":"osm-cbd-buildings"},"geometry":{"type":"Polygon","coordinates":[[[103.8569459,1.2981817],[103.8569723,1.2981529],[103.856813,1.2980088],[103.8567863,1.298038],[103.8569459,1.2981817]]]}},{"type":"Feature","id":254815910,"properties":{"osm_id":254815910,"name":"Unnamed building","height_m":12.0,"height_basis":"osm-height","source_id":"osm-cbd-buildings"},"geometry":{"type":"Polygon","coordinates":[[[103.8566784,1.2978261],[103.8566445,1.2978626],[103.8567712,1.2979804],[103.8568052,1.297944],[103.8567793,1.2979199],[103.8566784,1.2978261]]]}},{"type":"Feature","id":254815911,"properties":{"osm_id":254815911,"name":"Unnamed building","height_m":25.0,"height_basis":"osm-height","source_id":"osm-cbd-buildings"},"geometry":{"type":"Polygon","coordinates":[[[103.8555249,1.2971429],[103.8554561,1.2971956],[103.8552819,1.2969682],[103.8553507,1.2969155],[103.8555249,1.2971429]]]}},{"type":"Feature","id":254815912,"properties":{"osm_id":254815912,"name":"Unnamed building","height_m":25.0,"height_basis":"osm-height","source_id":"osm-cbd-buildings"},"geometry":{"type":"Polygon","coordinates":[[[103.8552819,1.2969682],[103.8554561,1.2971956],[103.8553312,1.2972913],[103.855157,1.2970639],[103.8552819,1.2969682]]]}},{"type":"Feature","id":254815913,"properties":{"osm_id":254815913,"name":"Unnamed building","height_m":12.0,"height_basis":"osm-height","source_id":"osm-cbd-buildings"},"geometry":{"type":"Polygon","coordinates":[[[103.8569196,1.2982106],[103.8569459,1.2981817],[103.8567863,1.298038],[103.8567597,1.2980672],[103.8569196,1.2982106]]]}},{"type":"Feature","id":254815914,"properties":{"osm_id":254815914,"name":"Unnamed building","height_m":12.0,"height_basis":"osm-height","source_id":"osm-cbd-buildings"},"geometry":{"type":"Polygon","coordinates":[[[103.856559,1.2978095],[103.8565915,1.2977719],[103.8564698,1.2976659],[103.8564375,1.2977033],[103.856559,1.2978095]]]}},{"type":"Feature","id":254815915,"properties":{"osm_id":254815915,"name":"Bugis Point","height_m":22.0,"height_basis":"osm-height","source_id":"osm-cbd-buildings"},"geometry":{"type":"Polygon","coordinates":[[[103.8561236,1.2987687],[103.8560462,1.2988599],[103.8561365,1.2989898],[103.856167,1.2989597],[103.8561559,1.298946],[103.8561792,1.2989188],[103.856229,1.2988637],[103.8561236,1.2987687]]]}},{"type":"Feature","id":254815916,"properties":{"osm_id":254815916,"name":"Unnamed building","height_m":15.0,"height_basis":"osm-height","source_id":"osm-cbd-buildings"},"geometry":{"type":"Polygon","coordinates":[[[103.8561365,1.2989898],[103.8560962,1.2990271],[103.8561201,1.2990612],[103.8562251,1.2989601],[103.8561792,1.2989188],[103.8561559,1.298946],[103.856167,1.2989597],[103.8561365,1.2989898]]]}},{"type":"Feature","id":254815917,"properties":{"osm_id":254815917,"name":"Unnamed building","height_m":12.0,"height_basis":"osm-height","source_id":"osm-cbd-buildings"},"geometry":{"type":"Polygon","coordinates":[[[103.8566445,1.2978626],[103.8566116,1.297898],[103.8567384,1.2980158],[103.8567712,1.2979804],[103.8566445,1.2978626]]]}},{"type":"Feature","id":254815918,"properties":{"osm_id":254815918,"name":"Unnamed building","height_m":12.0,"height_basis":"osm-height","source_id":"osm-cbd-buildings"},"geometry":{"type":"Polygon","coordinates":[[[103.8568932,1.2982395],[103.8569196,1.2982106],[103.8567597,1.2980672],[103.856733,1.2980964],[103.8568932,1.2982395]]]}},{"type":"Feature","id":254815919,"properties":{"osm_id":254815919,"name":"Unnamed building","height_m":26.0,"height_basis":"osm-height","source_id":"osm-cbd-buildings"},"geometry":{"type":"Polygon","coordinates":[[[103.8564535,1.2969746],[103.8563984,1.2968989],[103.8563217,1.2968904],[103.8562184,1.2969703],[103.8562103,1.2970138],[103.8562793,1.2971132],[103.8564535,1.2969746]]]}},{"type":"Feature","id":254815920,"properties":{"osm_id":254815920,"name":"Unnamed building","height_m":12.0,"height_basis":"osm-height","source_id":"osm-cbd-buildings"},"geometry":{"type":"Polygon","coordinates":[[[103.8565265,1.297847],[103.856559,1.2978095],[103.8564375,1.2977033],[103.8564051,1.2977406],[103.8565265,1.297847]]]}},{"type":"Feature","id":254815921,"properties":{"osm_id":254815921,"name":"Unnamed building","height_m":12.0,"height_basis":"osm-height","source_id":"osm-cbd-buildings"},"geometry":{"type":"Polygon","coordinates":[[[103.8568669,1.2982684],[103.8568932,1.2982395],[103.856733,1.2980964],[103.8567064,1.2981256],[103.8568669,1.2982684]]]}},{"type":"Feature","id":254815922,"properties":{"osm_id":254815922,"name":"Fu Yuen Building","height_m":26.0,"height_basis":"osm-height","source_id":"osm-cbd-buildings"},"geometry":{"type":"Polygon","coordinates":[[[103.8565248,1.2970777],[103.8564535,1.2969746],[103.8562793,1.2971132],[103.8563496,1.2972188],[103.8565248,1.2970777]]]}},{"type":"Feature","id":254815923,"properties":{"osm_id":254815923,"name":"Unnamed building","height_m":12.0,"height_basis":"osm-height","source_id":"osm-cbd-buildings"},"geometry":{"type":"Polygon","coordinates":[[[103.8566116,1.297898],[103.8565778,1.2979342],[103.8567046,1.2980521],[103.8567384,1.2980158],[103.8566116,1.297898]]]}},{"type":"Feature","id":254815924,"properties":{"osm_id":254815924,"name":"Unnamed building","height_m":12.0,"height_basis":"osm-height","source_id":"osm-cbd-buildings"},"geometry":{"type":"Polygon","coordinates":[[[103.8568405,1.2982973],[103.8568669,1.2982684],[103.8567064,1.2981256],[103.8566797,1.2981549],[103.8568405,1.2982973]]]}},{"type":"Feature","id":254815925,"properties":{"osm_id":254815925,"name":"Park View Hotel","height_m":26.0,"height_basis":"osm-height","source_id":"osm-cbd-buildings"},"geometry":{"type":"Polygon","coordinates":[[[103.8566351,1.2972165],[103.8565248,1.2970777],[103.8563496,1.2972188],[103.8564579,1.2973557],[103.8566351,1.2972165]]]}},{"type":"Feature","id":254815926,"properties":{"osm_id":254815926,"name":"ST Signature","height_m":26.0,"height_basis":"osm-height","source_id":"osm-cbd-buildings"},"geometry":{"type":"Polygon","coordinates":[[[103.8565009,1.2974148],[103.8566817,1.2972786],[103.8566351,1.2972165],[103.8564579,1.2973557],[103.8565009,1.2974148]]]}},{"type":"Feature","id":254815927,"properties":{"osm_id":254815927,"name":"Unnamed building","height_m":22.0,"height_basis":"osm-height","source_id":"osm-cbd-buildings"},"geometry":{"type":"Polygon","coordinates":[[[103.8568405,1.2982973],[103.8566797,1.2981549],[103.856462,1.2983934],[103.8566211,1.2985376],[103.8568405,1.2982973]]]}},{"type":"Feature","id":254815928,"properties":{"osm_id":254815928,"name":"Unnamed building","height_m":12.0,"height_basis":"osm-height","source_id":"osm-cbd-buildings"},"geometry":{"type":"Polygon","coordinates":[[[103.8564939,1.2978846],[103.8565265,1.297847],[103.8564051,1.2977406],[103.8563727,1.297778],[103.8564939,1.2978846]]]}},{"type":"Feature","id":254815929,"properties":{"osm_id":254815929,"name":"Beach Hotel","height_m":26.0,"height_basis":"osm-height","source_id":"osm-cbd-buildings"},"geometry":{"type":"Polygon","coordinates":[[[103.8566032,1.2975589],[103.8566501,1.2976273],[103.8566921,1.2976301],[103.8567969,1.2975309],[103.856804,1.2974517],[103.8567898,1.2974309],[103.8566032,1.2975589]]]}},{"type":"Feature","id":254815932,"properties":{"osm_id":254815932,"name":"Unnamed building","height_m":12.0,"height_basis":"osm-height","source_id":"osm-cbd-buildings"},"geometry":{"type":"Polygon","coordinates":[[[103.8554022,1.2988604],[103.8554222,1.2988862],[103.855614,1.2987375],[103.8555458,1.2986495],[103.8554995,1.2986854],[103.8554739,1.2987053],[103.8554447,1.2987279],[103.8554318,1.2987379],[103.85548,1.2988001],[103.8554495,1.2988238],[103.8554022,1.2988604]]]}},{"type":"Feature","id":254815934,"properties":{"osm_id":254815934,"name":"Unnamed building","height_m":12.0,"height_basis":"osm-height","source_id":"osm-cbd-buildings"},"geometry":{"type":"Polygon","coordinates":[[[103.8550285,1.2990348],[103.8550709,1.2990947],[103.8551801,1.2990162],[103.8554161,1.29933],[103.8554341,1.2993147],[103.855536,1.2992386],[103.8555882,1.2993065],[103.8556075,1.2992926],[103.8556334,1.2993276],[103.8556183,1.2993373],[103.8556334,1.299368],[103.8556377,1.2994145],[103.8556238,1.2994567],[103.8555942,1.2994893],[103.8556205,1.2995265],[103.8554673,1.2996399],[103.8554496,1.2996552],[103.8554035,1.2996951],[103.85528,1.2995044],[103.8552017,1.29956],[103.8549702,1.2992937],[103.8548626,1.2991699],[103.8550285,1.2990348]]]}},{"type":"Feature","id":254815935,"properties":{"osm_id":254815935,"name":"Unnamed building","height_m":14.0,"height_basis":"osm-height","source_id":"osm-cbd-buildings"},"geometry":{"type":"Polygon","coordinates":[[[103.8546573,1.2953327],[103.8546142,1.2955864],[103.8547551,1.2954794],[103.8546573,1.2953327]]]}},{"type":"Feature","id":254815936,"properties":{"osm_id":254815936,"name":"Unnamed building","height_m":14.0,"height_basis":"osm-height","source_id":"osm-cbd-buildings"},"geometry":{"type":"Polygon","coordinates":[[[103.8545047,1.2954386],[103.8546573,1.2953327],[103.8546142,1.2955864],[103.8545047,1.2954386]]]}},{"type":"Feature","id":254815938,"properties":{"osm_id":254815938,"name":"Unnamed building","height_m":12.0,"height_basis":"osm-height","source_id":"osm-cbd-buildings"},"geometry":{"type":"Polygon","coordinates":[[[103.8550747,1.2986663],[103.8550464,1.2986883],[103.8550893,1.2987463],[103.8551179,1.298722],[103.8550747,1.2986663]]]}},{"type":"Feature","id":254815939,"properties":{"osm_id":254815939,"name":"Unnamed building","height_m":14.0,"height_basis":"osm-height","source_id":"osm-cbd-buildings"},"geometry":{"type":"Polygon","coordinates":[[[103.8551008,1.2952416],[103.8551441,1.2952119],[103.8550435,1.2950658],[103.8550003,1.2950955],[103.8551008,1.2952416]]]}},{"type":"Feature","id":254815940,"properties":{"osm_id":254815940,"name":"Unnamed building","height_m":12.0,"height_basis":"osm-height","source_id":"osm-cbd-buildings"},"geometry":{"type":"Polygon","coordinates":[[[103.8545237,1.298514],[103.8544967,1.2984789],[103.8543599,1.2985916],[103.8543867,1.2986225],[103.8545237,1.298514]]]}},{"type":"Feature","id":254815941,"properties":{"osm_id":254815941,"name":"Unnamed building","height_m":12.0,"height_basis":"osm-height","source_id":"osm-cbd-buildings"},"geometry":{"type":"Polygon","coordinates":[[[103.8553311,1.2989647],[103.8553055,1.2989305],[103.8552037,1.2990067],[103.8552293,1.2990409],[103.8553311,1.2989647]]]}},{"type":"Feature","id":254815942,"properties":{"osm_id":254815942,"name":"Unnamed building","height_m":12,"height_basis":"illustrative-default","source_id":"osm-cbd-buildings"},"geometry":{"type":"Polygon","coordinates":[[[103.8550953,1.2986258],[103.855119,1.2986082],[103.8550788,1.2985565],[103.8550539,1.2985744],[103.8550953,1.2986258]]]}},{"type":"Feature","id":254815943,"properties":{"osm_id":254815943,"name":"Unnamed building","height_m":12.0,"height_basis":"osm-height","source_id":"osm-cbd-buildings"},"geometry":{"type":"Polygon","coordinates":[[[103.855408,1.2990674],[103.8553824,1.2990332],[103.8552805,1.2991094],[103.8553061,1.2991436],[103.855408,1.2990674]]]}},{"type":"Feature","id":254815945,"properties":{"osm_id":254815945,"name":"Unnamed building","height_m":12.0,"height_basis":"osm-height","source_id":"osm-cbd-buildings"},"geometry":{"type":"Polygon","coordinates":[[[103.8554848,1.2991701],[103.8554592,1.2991359],[103.8553573,1.2992121],[103.8553829,1.2992463],[103.8554848,1.2991701]]]}},{"type":"Feature","id":254815947,"properties":{"osm_id":254815947,"name":"Unnamed building","height_m":14.0,"height_basis":"osm-height","source_id":"osm-cbd-buildings"},"geometry":{"type":"Polygon","coordinates":[[[103.8537444,1.295019],[103.8537803,1.2949927],[103.8536724,1.2948453],[103.8536365,1.2948716],[103.8537444,1.295019]]]}},{"type":"Feature","id":254815949,"properties":{"osm_id":254815949,"name":"Unnamed building","height_m":9.600000000000001,"height_basis":"levels-estimate","source_id":"osm-cbd-buildings"},"geometry":{"type":"Polygon","coordinates":[[[103.8558255,1.2990101],[103.8558009,1.2989785],[103.8556042,1.299131],[103.8556288,1.2991626],[103.8558255,1.2990101]]]}},{"type":"Feature","id":254815951,"properties":{"osm_id":254815951,"name":"Unnamed building","height_m":9.600000000000001,"height_basis":"levels-estimate","source_id":"osm-cbd-buildings"},"geometry":{"type":"Polygon","coordinates":[[[103.8536367,1.2950978],[103.8536726,1.2950715],[103.8535647,1.2949241],[103.8535288,1.2949504],[103.8536051,1.2950546],[103.8536367,1.2950978]]]}},{"type":"Feature","id":254815953,"properties":{"osm_id":254815953,"name":"Unnamed building","height_m":12,"height_basis":"illustrative-default","source_id":"osm-cbd-buildings"},"geometry":{"type":"Polygon","coordinates":[[[103.8552272,1.2985072],[103.8551977,1.2985305],[103.8552569,1.2986042],[103.8552852,1.2985801],[103.8552272,1.2985072]]]}},{"type":"Feature","id":254815955,"properties":{"osm_id":254815955,"name":"Unnamed building","height_m":12,"height_basis":"illustrative-default","source_id":"osm-cbd-buildings"},"geometry":{"type":"Polygon","coordinates":[[[103.8552845,1.2984642],[103.8552559,1.2984851],[103.8553113,1.298558],[103.8553398,1.2985339],[103.8552845,1.2984642]]]}},{"type":"Feature","id":254815957,"properties":{"osm_id":254815957,"name":"Unnamed building","height_m":12.0,"height_basis":"osm-height","source_id":"osm-cbd-buildings"},"geometry":{"type":"Polygon","coordinates":[[[103.8548398,1.2989728],[103.8548377,1.2989523],[103.85481,1.2989178],[103.8547118,1.2989964],[103.8547566,1.2990479],[103.8548398,1.2989728]]]}},{"type":"Feature","id":254815959,"properties":{"osm_id":254815959,"name":"Unnamed building","height_m":12.0,"height_basis":"osm-height","source_id":"osm-cbd-buildings"},"geometry":{"type":"Polygon","coordinates":[[[103.8546079,1.2986235],[103.8545795,1.2985866],[103.8544498,1.298695],[103.8544761,1.2987253],[103.8546079,1.2986235]]]}},{"type":"Feature","id":254815960,"properties":{"osm_id":254815960,"name":"Unnamed building","height_m":14.0,"height_basis":"osm-height","source_id":"osm-cbd-buildings"},"geometry":{"type":"Polygon","coordinates":[[[103.8548415,1.2954199],[103.8548847,1.2953902],[103.8547842,1.2952441],[103.854741,1.2952738],[103.8548415,1.2954199]]]}},{"type":"Feature","id":254815961,"properties":{"osm_id":254815961,"name":"Unnamed building","height_m":12.0,"height_basis":"osm-height","source_id":"osm-cbd-buildings"},"geometry":{"type":"Polygon","coordinates":[[[103.8550198,1.2989198],[103.8549909,1.298943],[103.8550875,1.2990593],[103.8551159,1.2990358],[103.8550953,1.2990109],[103.8550198,1.2989198]]]}},{"type":"Feature","id":254815962,"properties":{"osm_id":254815962,"name":"Unnamed building","height_m":12.0,"height_basis":"osm-height","source_id":"osm-cbd-buildings"},"geometry":{"type":"Polygon","coordinates":[[[103.8546888,1.2987288],[103.8546622,1.2986942],[103.8545332,1.2987909],[103.8545643,1.2988267],[103.8546888,1.2987288]]]}},{"type":"Feature","id":254815964,"properties":{"osm_id":254815964,"name":"Unnamed building","height_m":12.0,"height_basis":"osm-height","source_id":"osm-cbd-buildings"},"geometry":{"type":"Polygon","coordinates":[[[103.8551051,1.2988492],[103.8550766,1.2988727],[103.8551727,1.2989887],[103.8552011,1.2989652],[103.8551051,1.2988492]]]}},{"type":"Feature","id":254815966,"properties":{"osm_id":254815966,"name":"Unnamed building","height_m":14.0,"height_basis":"osm-height","source_id":"osm-cbd-buildings"},"geometry":{"type":"Polygon","coordinates":[[[103.8545288,1.2951262],[103.8545022,1.2950878],[103.8543571,1.2951876],[103.8543837,1.2952259],[103.8545288,1.2951262]]]}},{"type":"Feature","id":254815967,"properties":{"osm_id":254815967,"name":"Unnamed building","height_m":9.600000000000001,"height_basis":"levels-estimate","source_id":"osm-cbd-buildings"},"geometry":{"type":"Polygon","coordinates":[[[103.853888,1.2949139],[103.8539239,1.2948876],[103.853816,1.2947402],[103.8537801,1.2947665],[103.853888,1.2949139]]]}},{"type":"Feature","id":254815972,"properties":{"osm_id":254815972,"name":"Unnamed building","height_m":12,"height_basis":"illustrative-default","source_id":"osm-cbd-buildings"},"geometry":{"type":"Polygon","coordinates":[[[103.854175,1.2946152],[103.8541494,1.2945802],[103.8541092,1.2946096],[103.854014,1.2946792],[103.8540396,1.2947142],[103.854175,1.2946152]]]}},{"type":"Feature","id":254815973,"properties":{"osm_id":254815973,"name":"Unnamed building","height_m":14.0,"height_basis":"osm-height","source_id":"osm-cbd-buildings"},"geometry":{"type":"Polygon","coordinates":[[[103.8546127,1.2952501],[103.854586,1.2952117],[103.8544249,1.2953235],[103.8544515,1.2953618],[103.8546127,1.2952501]]]}},{"type":"Feature","id":254815974,"properties":{"osm_id":254815974,"name":"Unnamed building","height_m":12.0,"height_basis":"osm-height","source_id":"osm-cbd-buildings"},"geometry":{"type":"Polygon","coordinates":[[[103.855017,1.298711],[103.8549871,1.2987342],[103.8550351,1.2987922],[103.8550636,1.298768],[103.855017,1.298711]]]}},{"type":"Feature","id":254815975,"properties":{"osm_id":254815975,"name":"Unnamed building","height_m":14.0,"height_basis":"osm-height","source_id":"osm-cbd-buildings"},"geometry":{"type":"Polygon","coordinates":[[[103.8538162,1.2949664],[103.8538521,1.2949402],[103.8537442,1.2947928],[103.8537083,1.294819],[103.8538162,1.2949664]]]}},{"type":"Feature","id":254815976,"properties":{"osm_id":254815976,"name":"Unnamed building","height_m":12.0,"height_basis":"osm-height","source_id":"osm-cbd-buildings"},"geometry":{"type":"Polygon","coordinates":[[[103.8554594,1.2985381],[103.8554131,1.298574],[103.8554995,1.2986854],[103.8555458,1.2986495],[103.8554594,1.2985381]]]}},{"type":"Feature","id":254815977,"properties":{"osm_id":254815977,"name":"Unnamed building","height_m":12,"height_basis":"illustrative-default","source_id":"osm-cbd-buildings"},"geometry":{"type":"Polygon","coordinates":[[[103.8547534,1.2999998],[103.8548993,1.2998705],[103.8548522,1.2998173],[103.8547062,1.2999466],[103.8547534,1.2999998]]]}},{"type":"Feature","id":254815978,"properties":{"osm_id":254815978,"name":"Unnamed building","height_m":12.0,"height_basis":"osm-height","source_id":"osm-cbd-buildings"},"geometry":{"type":"Polygon","coordinates":[[[103.8551039,1.2986437],[103.8550747,1.2986663],[103.8551179,1.298722],[103.8551455,1.2986986],[103.8551039,1.2986437]]]}},{"type":"Feature","id":254815979,"properties":{"osm_id":254815979,"name":"Unnamed building","height_m":9.600000000000001,"height_basis":"levels-estimate","source_id":"osm-cbd-buildings"},"geometry":{"type":"Polygon","coordinates":[[[103.8537085,1.2950452],[103.8537444,1.295019],[103.8536365,1.2948716],[103.8536006,1.2948979],[103.8537085,1.2950452]]]}},{"type":"Feature","id":254815980,"properties":{"osm_id":254815980,"name":"Unnamed building","height_m":12.0,"height_basis":"osm-height","source_id":"osm-cbd-buildings"},"geometry":{"type":"Polygon","coordinates":[[[103.8554222,1.2988862],[103.8554475,1.2989187],[103.8556393,1.29877],[103.855614,1.2987375],[103.8554222,1.2988862]]]}},{"type":"Feature","id":254815981,"properties":{"osm_id":254815981,"name":"Unnamed building","height_m":12.0,"height_basis":"osm-height","source_id":"osm-cbd-buildings"},"geometry":{"type":"Polygon","coordinates":[[[103.8552782,1.2984047],[103.8551398,1.2985127],[103.8551585,1.2985364],[103.8553057,1.2984287],[103.8552782,1.2984047]]]}},{"type":"Feature","id":254815982,"properties":{"osm_id":254815982,"name":"Unnamed building","height_m":12.0,"height_basis":"osm-height","source_id":"osm-cbd-buildings"},"geometry":{"type":"Polygon","coordinates":[[[103.8547771,1.2988779],[103.8547454,1.2988374],[103.8546415,1.2989155],[103.8546764,1.2989557],[103.8547771,1.2988779]]]}},{"type":"Feature","id":254815983,"properties":{"osm_id":254815983,"name":"Unnamed building","height_m":12,"height_basis":"illustrative-default","source_id":"osm-cbd-buildings"},"geometry":{"type":"Polygon","coordinates":[[[103.8550576,1.2952714],[103.8551008,1.2952416],[103.8550003,1.2950955],[103.8549571,1.2951252],[103.8550576,1.2952714]]]}},{"type":"Feature","id":254815984,"properties":{"osm_id":254815984,"name":"Unnamed building","height_m":12.0,"height_basis":"osm-height","source_id":"osm-cbd-buildings"},"geometry":{"type":"Polygon","coordinates":[[[103.8545532,1.2985524],[103.8545237,1.298514],[103.8543867,1.2986225],[103.8544203,1.298661],[103.8545532,1.2985524]]]}},{"type":"Feature","id":254815985,"properties":{"osm_id":254815985,"name":"Unnamed building","height_m":12.0,"height_basis":"osm-height","source_id":"osm-cbd-buildings"},"geometry":{"type":"Polygon","coordinates":[[[103.8553567,1.298999],[103.8553311,1.2989647],[103.8552293,1.2990409],[103.8552549,1.2990751],[103.8553567,1.298999]]]}},{"type":"Feature","id":254815986,"properties":{"osm_id":254815986,"name":"Unnamed building","height_m":12.0,"height_basis":"osm-height","source_id":"osm-cbd-buildings"},"geometry":{"type":"Polygon","coordinates":[[[103.8546355,1.2986594],[103.8546079,1.2986235],[103.8544761,1.2987253],[103.8545055,1.2987591],[103.8546355,1.2986594]]]}},{"type":"Feature","id":254815987,"properties":{"osm_id":254815987,"name":"Unnamed building","height_m":12.0,"height_basis":"osm-height","source_id":"osm-cbd-buildings"},"geometry":{"type":"Polygon","coordinates":[[[103.8554336,1.2991017],[103.855408,1.2990674],[103.8553061,1.2991436],[103.8553317,1.2991778],[103.8554336,1.2991017]]]}},{"type":"Feature","id":254815988,"properties":{"osm_id":254815988,"name":"Unnamed building","height_m":12.0,"height_basis":"osm-height","source_id":"osm-cbd-buildings"},"geometry":{"type":"Polygon","coordinates":[[[103.8550394,1.2986168],[103.8548724,1.2987517],[103.8548988,1.2987844],[103.8550658,1.2986495],[103.8550394,1.2986168]]]}},{"type":"Feature","id":254815989,"properties":{"osm_id":254815989,"name":"Unnamed building","height_m":14.0,"height_basis":"osm-height","source_id":"osm-cbd-buildings"},"geometry":{"type":"Polygon","coordinates":[[[103.8542517,1.29472],[103.8542261,1.294685],[103.8540908,1.2947841],[103.8541163,1.294819],[103.8542517,1.29472]]]}},{"type":"Feature","id":254815990,"properties":{"osm_id":254815990,"name":"Unnamed building","height_m":12.0,"height_basis":"osm-height","source_id":"osm-cbd-buildings"},"geometry":{"type":"Polygon","coordinates":[[[103.8550482,1.2988963],[103.8550198,1.2989198],[103.8550953,1.2990109],[103.8551159,1.2990358],[103.8551443,1.2990122],[103.8550482,1.2988963]]]}},{"type":"Feature","id":254815991,"properties":{"osm_id":254815991,"name":"Unnamed building","height_m":12.0,"height_basis":"osm-height","source_id":"osm-cbd-buildings"},"geometry":{"type":"Polygon","coordinates":[[[103.854818,1.2987958],[103.8548724,1.2987517],[103.8548484,1.2987224],[103.8547891,1.2987811],[103.854818,1.2987958]]]}},{"type":"Feature","id":254815992,"properties":{"osm_id":254815992,"name":"Unnamed building","height_m":14.0,"height_basis":"osm-height","source_id":"osm-cbd-buildings"},"geometry":{"type":"Polygon","coordinates":[[[103.8544756,1.2950495],[103.8544497,1.2950123],[103.8543034,1.2951113],[103.8543305,1.2951492],[103.8544756,1.2950495]]]}},{"type":"Feature","id":254815993,"properties":{"osm_id":254815993,"name":"Unnamed building","height_m":9.600000000000001,"height_basis":"levels-estimate","source_id":"osm-cbd-buildings"},"geometry":{"type":"Polygon","coordinates":[[[103.8555104,1.2992043],[103.8554848,1.2991701],[103.8553829,1.2992463],[103.8554085,1.2992805],[103.8555104,1.2992043]]]}},{"type":"Feature","id":254815994,"properties":{"osm_id":254815994,"name":"Unnamed building","height_m":9.600000000000001,"height_basis":"levels-estimate","source_id":"osm-cbd-buildings"},"geometry":{"type":"Polygon","coordinates":[[[103.8558009,1.2989785],[103.8557712,1.2989401],[103.8555745,1.2990926],[103.8556042,1.299131],[103.8558009,1.2989785]]]}},{"type":"Feature","id":254815995,"properties":{"osm_id":254815995,"name":"Unnamed building","height_m":9.600000000000001,"height_basis":"levels-estimate","source_id":"osm-cbd-buildings"},"geometry":{"type":"Polygon","coordinates":[[[103.8539598,1.2948614],[103.8539957,1.2948351],[103.8538878,1.2946877],[103.8538519,1.294714],[103.8539598,1.2948614]]]}},{"type":"Feature","id":254815996,"properties":{"osm_id":254815996,"name":"Unnamed building","height_m":12.0,"height_basis":"osm-height","source_id":"osm-cbd-buildings"},"geometry":{"type":"Polygon","coordinates":[[[103.8549536,1.2988614],[103.8549287,1.2988315],[103.8548738,1.2988653],[103.8549074,1.2989006],[103.8549536,1.2988614]]]}},{"type":"Feature","id":254815997,"properties":{"osm_id":254815997,"name":"Unnamed building","height_m":12.0,"height_basis":"osm-height","source_id":"osm-cbd-buildings"},"geometry":{"type":"Polygon","coordinates":[[[103.8551619,1.2988021],[103.8551335,1.2988257],[103.8552296,1.2989416],[103.855258,1.2989181],[103.8551619,1.2988021]]]}},{"type":"Feature","id":254815998,"properties":{"osm_id":254815998,"name":"Unnamed building","height_m":12.0,"height_basis":"osm-height","source_id":"osm-cbd-buildings"},"geometry":{"type":"Polygon","coordinates":[[[103.8549579,1.2987568],[103.8549302,1.2987783],[103.8549803,1.2988387],[103.855007,1.2988161],[103.8549579,1.2987568]]]}},{"type":"Feature","id":254815999,"properties":{"osm_id":254815999,"name":"Unnamed building","height_m":9.600000000000001,"height_basis":"levels-estimate","source_id":"osm-cbd-buildings"},"geometry":{"type":"Polygon","coordinates":[[[103.855854,1.2990469],[103.8558255,1.2990101],[103.8556288,1.2991626],[103.8556573,1.2991994],[103.855854,1.2990469]]]}},{"type":"Feature","id":254816000,"properties":{"osm_id":254816000,"name":"Unnamed building","height_m":12.0,"height_basis":"osm-height","source_id":"osm-cbd-buildings"},"geometry":{"type":"Polygon","coordinates":[[[103.8553948,1.2986032],[103.8553656,1.2986259],[103.8554447,1.2987279],[103.8554739,1.2987053],[103.8553948,1.2986032]]]}},{"type":"Feature","id":254816001,"properties":{"osm_id":254816001,"name":"Unnamed building","height_m":12.0,"height_basis":"osm-height","source_id":"osm-cbd-buildings"},"geometry":{"type":"Polygon","coordinates":[[[103.8547454,1.2988374],[103.8547008,1.2987767],[103.8545928,1.2988596],[103.8546415,1.2989155],[103.8547454,1.2988374]]]}},{"type":"Feature","id":254816002,"properties":{"osm_id":254816002,"name":"Unnamed building","height_m":12.0,"height_basis":"osm-height","source_id":"osm-cbd-buildings"},"geometry":{"type":"Polygon","coordinates":[[[103.8552559,1.2984851],[103.8552272,1.2985072],[103.8552852,1.2985801],[103.8553113,1.298558],[103.8552559,1.2984851]]]}},{"type":"Feature","id":254816003,"properties":{"osm_id":254816003,"name":"Unnamed building","height_m":12.0,"height_basis":"osm-height","source_id":"osm-cbd-buildings"},"geometry":{"type":"Polygon","coordinates":[[[103.8553155,1.2984421],[103.8552845,1.2984642],[103.8553398,1.2985339],[103.855366,1.2985116],[103.8553155,1.2984421]]]}},{"type":"Feature","id":254816004,"properties":{"osm_id":254816004,"name":"Unnamed building","height_m":12,"height_basis":"illustrative-default","source_id":"osm-cbd-buildings"},"geometry":{"type":"Polygon","coordinates":[[[103.8547983,1.2954497],[103.8548415,1.2954199],[103.854741,1.2952738],[103.8546977,1.2953035],[103.8547983,1.2954497]]]}},{"type":"Feature","id":254816005,"properties":{"osm_id":254816005,"name":"Unnamed building","height_m":9.600000000000001,"height_basis":"levels-estimate","source_id":"osm-cbd-buildings"},"geometry":{"type":"Polygon","coordinates":[[[103.8551335,1.2988257],[103.8551051,1.2988492],[103.8552011,1.2989652],[103.8552296,1.2989416],[103.8551335,1.2988257]]]}},{"type":"Feature","id":254816006,"properties":{"osm_id":254816006,"name":"Unnamed building","height_m":14.0,"height_basis":"osm-height","source_id":"osm-cbd-buildings"},"geometry":{"type":"Polygon","coordinates":[[[103.8545554,1.2951645],[103.8545288,1.2951262],[103.8543837,1.2952259],[103.8544103,1.2952643],[103.8545554,1.2951645]]]}},{"type":"Feature","id":254816007,"properties":{"osm_id":254816007,"name":"Unnamed building","height_m":12.0,"height_basis":"osm-height","source_id":"osm-cbd-buildings"},"geometry":{"type":"Polygon","coordinates":[[[103.8553824,1.2990332],[103.8553567,1.298999],[103.8552549,1.2990751],[103.8552805,1.2991094],[103.8553824,1.2990332]]]}},{"type":"Feature","id":254816008,"properties":{"osm_id":254816008,"name":"Unnamed building","height_m":14.0,"height_basis":"osm-height","source_id":"osm-cbd-buildings"},"geometry":{"type":"Polygon","coordinates":[[[103.8546393,1.2952884],[103.8546127,1.2952501],[103.8544515,1.2953618],[103.8544781,1.2954002],[103.8546393,1.2952884]]]}},{"type":"Feature","id":254816009,"properties":{"osm_id":254816009,"name":"Unnamed building","height_m":12,"height_basis":"illustrative-default","source_id":"osm-cbd-buildings"},"geometry":{"type":"Polygon","coordinates":[[[103.8550464,1.2986883],[103.855017,1.298711],[103.8550636,1.298768],[103.8550893,1.2987463],[103.8550464,1.2986883]]]}},{"type":"Feature","id":254816010,"properties":{"osm_id":254816010,"name":"Unnamed building","height_m":9.600000000000001,"height_basis":"levels-estimate","source_id":"osm-cbd-buildings"},"geometry":{"type":"Polygon","coordinates":[[[103.8537803,1.2949927],[103.8538162,1.2949664],[103.8537083,1.294819],[103.8536724,1.2948453],[103.8537803,1.2949927]]]}},{"type":"Feature","id":254816011,"properties":{"osm_id":254816011,"name":"Unnamed building","height_m":14.0,"height_basis":"osm-height","source_id":"osm-cbd-buildings"},"geometry":{"type":"Polygon","coordinates":[[[103.8542787,1.294757],[103.8542517,1.29472],[103.8541163,1.294819],[103.8541421,1.2948495],[103.8542787,1.294757]]]}},{"type":"Feature","id":254816012,"properties":{"osm_id":254816012,"name":"Unnamed building","height_m":12,"height_basis":"illustrative-default","source_id":"osm-cbd-buildings"},"geometry":{"type":"Polygon","coordinates":[[[103.8551306,1.298623],[103.8551039,1.2986437],[103.8551455,1.2986986],[103.8551719,1.2986761],[103.8551306,1.298623]]]}},{"type":"Feature","id":254816013,"properties":{"osm_id":254816013,"name":"Unnamed building","height_m":14.0,"height_basis":"osm-height","source_id":"osm-cbd-buildings"},"geometry":{"type":"Polygon","coordinates":[[[103.8536726,1.2950715],[103.8537085,1.2950452],[103.8536006,1.2948979],[103.8535647,1.2949241],[103.8536726,1.2950715]]]}},{"type":"Feature","id":254816014,"properties":{"osm_id":254816014,"name":"Unnamed building","height_m":12.0,"height_basis":"osm-height","source_id":"osm-cbd-buildings"},"geometry":{"type":"Polygon","coordinates":[[[103.8551977,1.2985305],[103.8551703,1.2985514],[103.8552296,1.2986273],[103.8552569,1.2986042],[103.8551977,1.2985305]]]}},{"type":"Feature","id":254816015,"properties":{"osm_id":254816015,"name":"Unnamed building","height_m":14.0,"height_basis":"osm-height","source_id":"osm-cbd-buildings"},"geometry":{"type":"Polygon","coordinates":[[[103.8551441,1.2952119],[103.8551873,1.2951822],[103.8550868,1.295036],[103.8550435,1.2950658],[103.8551441,1.2952119]]]}},{"type":"Feature","id":254816016,"properties":{"osm_id":254816016,"name":"Unnamed building","height_m":12.0,"height_basis":"osm-height","source_id":"osm-cbd-buildings"},"geometry":{"type":"Polygon","coordinates":[[[103.85481,1.2989178],[103.8547771,1.2988779],[103.8546764,1.2989557],[103.8547118,1.2989964],[103.85481,1.2989178]]]}},{"type":"Feature","id":254816017,"properties":{"osm_id":254816017,"name":"Unnamed building","height_m":14.0,"height_basis":"osm-height","source_id":"osm-cbd-buildings"},"geometry":{"type":"Polygon","coordinates":[[[103.8550144,1.2953011],[103.8550576,1.2952714],[103.8549571,1.2951252],[103.8549139,1.2951549],[103.8550144,1.2953011]]]}},{"type":"Feature","id":254816018,"properties":{"osm_id":254816018,"name":"Unnamed building","height_m":12.0,"height_basis":"osm-height","source_id":"osm-cbd-buildings"},"geometry":{"type":"Polygon","coordinates":[[[103.8545795,1.2985866],[103.8545532,1.2985524],[103.8544203,1.298661],[103.8544498,1.298695],[103.8545795,1.2985866]]]}},{"type":"Feature","id":254816019,"properties":{"osm_id":254816019,"name":"Unnamed building","height_m":12.0,"height_basis":"osm-height","source_id":"osm-cbd-buildings"},"geometry":{"type":"Polygon","coordinates":[[[103.8546622,1.2986942],[103.8546355,1.2986594],[103.8545055,1.2987591],[103.8545332,1.2987909],[103.8546622,1.2986942]]]}},{"type":"Feature","id":254816020,"properties":{"osm_id":254816020,"name":"Unnamed building","height_m":12.0,"height_basis":"osm-height","source_id":"osm-cbd-buildings"},"geometry":{"type":"Polygon","coordinates":[[[103.8554592,1.2991359],[103.8554336,1.2991017],[103.8553317,1.2991778],[103.8553573,1.2992121],[103.8554592,1.2991359]]]}},{"type":"Feature","id":254816021,"properties":{"osm_id":254816021,"name":"Unnamed building","height_m":12.0,"height_basis":"osm-height","source_id":"osm-cbd-buildings"},"geometry":{"type":"Polygon","coordinates":[[[103.8550766,1.2988727],[103.8550482,1.2988963],[103.8551443,1.2990122],[103.8551727,1.2989887],[103.8550766,1.2988727]]]}},{"type":"Feature","id":254816022,"properties":{"osm_id":254816022,"name":"Unnamed building","height_m":12,"height_basis":"illustrative-default","source_id":"osm-cbd-buildings"},"geometry":{"type":"Polygon","coordinates":[[[103.8545022,1.2950878],[103.8544756,1.2950495],[103.8543305,1.2951492],[103.8543571,1.2951876],[103.8545022,1.2950878]]]}},{"type":"Feature","id":254816023,"properties":{"osm_id":254816023,"name":"Unnamed building","height_m":9.600000000000001,"height_basis":"levels-estimate","source_id":"osm-cbd-buildings"},"geometry":{"type":"Polygon","coordinates":[[[103.855536,1.2992386],[103.8555104,1.2992043],[103.8554085,1.2992805],[103.8554341,1.2993147],[103.855536,1.2992386]]]}},{"type":"Feature","id":254816025,"properties":{"osm_id":254816025,"name":"Unnamed building","height_m":14.0,"height_basis":"osm-height","source_id":"osm-cbd-buildings"},"geometry":{"type":"Polygon","coordinates":[[[103.8539239,1.2948876],[103.8539598,1.2948614],[103.8538519,1.294714],[103.853816,1.2947402],[103.8539239,1.2948876]]]}},{"type":"Feature","id":254816026,"properties":{"osm_id":254816026,"name":"Unnamed building","height_m":12.0,"height_basis":"osm-height","source_id":"osm-cbd-buildings"},"geometry":{"type":"Polygon","coordinates":[[[103.8551903,1.2987786],[103.8551619,1.2988021],[103.855258,1.2989181],[103.8552864,1.2988946],[103.8551903,1.2987786]]]}},{"type":"Feature","id":254816027,"properties":{"osm_id":254816027,"name":"Unnamed building","height_m":12,"height_basis":"illustrative-default","source_id":"osm-cbd-buildings"},"geometry":{"type":"Polygon","coordinates":[[[103.8549871,1.2987342],[103.8549579,1.2987568],[103.855007,1.2988161],[103.8550351,1.2987922],[103.8549871,1.2987342]]]}},{"type":"Feature","id":254816028,"properties":{"osm_id":254816028,"name":"Unnamed building","height_m":9.600000000000001,"height_basis":"levels-estimate","source_id":"osm-cbd-buildings"},"geometry":{"type":"Polygon","coordinates":[[[103.8558841,1.2990857],[103.855854,1.2990469],[103.8556573,1.2991994],[103.8556874,1.2992382],[103.8558841,1.2990857]]]}},{"type":"Feature","id":254816029,"properties":{"osm_id":254816029,"name":"Unnamed building","height_m":14.0,"height_basis":"osm-height","source_id":"osm-cbd-buildings"},"geometry":{"type":"Polygon","coordinates":[[[103.8538521,1.2949402],[103.853888,1.2949139],[103.8537801,1.2947665],[103.8537442,1.2947928],[103.8538521,1.2949402]]]}},{"type":"Feature","id":254816030,"properties":{"osm_id":254816030,"name":"Unnamed building","height_m":14.0,"height_basis":"osm-height","source_id":"osm-cbd-buildings"},"geometry":{"type":"Polygon","coordinates":[[[103.8541494,1.2945802],[103.8541238,1.2945452],[103.8539884,1.2946443],[103.8539907,1.2946474],[103.854014,1.2946792],[103.8541092,1.2946096],[103.8541494,1.2945802]]]}},{"type":"Feature","id":254816031,"properties":{"osm_id":254816031,"name":"Unnamed building","height_m":12,"height_basis":"illustrative-default","source_id":"osm-cbd-buildings"},"geometry":{"type":"Polygon","coordinates":[[[103.8542261,1.294685],[103.8542005,1.2946501],[103.8540652,1.2947491],[103.8540819,1.294772],[103.8540908,1.2947841],[103.8542261,1.294685]]]}},{"type":"Feature","id":254816032,"properties":{"osm_id":254816032,"name":"Unnamed building","height_m":12,"height_basis":"illustrative-default","source_id":"osm-cbd-buildings"},"geometry":{"type":"Polygon","coordinates":[[[103.8546659,1.2953268],[103.8546393,1.2952884],[103.8544781,1.2954002],[103.8545047,1.2954386],[103.8546573,1.2953327],[103.8546659,1.2953268]]]}},{"type":"Feature","id":254816033,"properties":{"osm_id":254816033,"name":"Unnamed building","height_m":12,"height_basis":"illustrative-default","source_id":"osm-cbd-buildings"},"geometry":{"type":"Polygon","coordinates":[[[103.8549712,1.2953308],[103.8550144,1.2953011],[103.8549139,1.2951549],[103.8548763,1.2951807],[103.8548706,1.2951846],[103.8549712,1.2953308]]]}},{"type":"Feature","id":254816034,"properties":{"osm_id":254816034,"name":"Unnamed building","height_m":9.600000000000001,"height_basis":"levels-estimate","source_id":"osm-cbd-buildings"},"geometry":{"type":"Polygon","coordinates":[[[103.8556874,1.2992382],[103.8556713,1.299247],[103.8557524,1.2993537],[103.8558564,1.2992403],[103.8559303,1.2991598],[103.8558841,1.2990857],[103.8556874,1.2992382]]]}},{"type":"Feature","id":254816035,"properties":{"osm_id":254816035,"name":"Unnamed building","height_m":18.0,"height_basis":"osm-height","source_id":"osm-cbd-buildings"},"geometry":{"type":"Polygon","coordinates":[[[103.8544967,1.2984789],[103.8544134,1.2983705],[103.8543337,1.2984362],[103.8543212,1.298547],[103.8543599,1.2985916],[103.8544967,1.2984789]]]}},{"type":"Feature","id":254816036,"properties":{"osm_id":254816036,"name":"Unnamed building","height_m":14.0,"height_basis":"osm-height","source_id":"osm-cbd-buildings"},"geometry":{"type":"Polygon","coordinates":[[[103.854928,1.2953605],[103.8549712,1.2953308],[103.8548706,1.2951846],[103.8548675,1.2952343],[103.8548325,1.2952274],[103.854928,1.2953605]]]}},{"type":"Feature","id":254816037,"properties":{"osm_id":254816037,"name":"Unnamed building","height_m":12.0,"height_basis":"osm-height","source_id":"osm-cbd-buildings"},"geometry":{"type":"Polygon","coordinates":[[[103.8550658,1.2986495],[103.8550953,1.2986258],[103.8550539,1.2985744],[103.8550233,1.2985965],[103.8550394,1.2986168],[103.8550658,1.2986495]]]}},{"type":"Feature","id":254816038,"properties":{"osm_id":254816038,"name":"Unnamed building","height_m":12.0,"height_basis":"osm-height","source_id":"osm-cbd-buildings"},"geometry":{"type":"Polygon","coordinates":[[[103.8547163,1.2987644],[103.8546888,1.2987288],[103.8545643,1.2988267],[103.8545928,1.2988596],[103.8547008,1.2987767],[103.8547163,1.2987644]]]}},{"type":"Feature","id":254816039,"properties":{"osm_id":254816039,"name":"Unnamed building","height_m":14.0,"height_basis":"osm-height","source_id":"osm-cbd-buildings"},"geometry":{"type":"Polygon","coordinates":[[[103.8541238,1.2945452],[103.8541171,1.2945361],[103.8540982,1.2945103],[103.8539629,1.2946094],[103.8539741,1.2946246],[103.8539884,1.2946443],[103.8541238,1.2945452]]]}},{"type":"Feature","id":254816040,"properties":{"osm_id":254816040,"name":"Unnamed building","height_m":14.0,"height_basis":"osm-height","source_id":"osm-cbd-buildings"},"geometry":{"type":"Polygon","coordinates":[[[103.8542005,1.2946501],[103.854175,1.2946152],[103.8540396,1.2947142],[103.8540504,1.294729],[103.8540652,1.2947491],[103.8542005,1.2946501]]]}},{"type":"Feature","id":254816041,"properties":{"osm_id":254816041,"name":"Unnamed building","height_m":12,"height_basis":"illustrative-default","source_id":"osm-cbd-buildings"},"geometry":{"type":"Polygon","coordinates":[[[103.8539404,1.2946843],[103.8539907,1.2946474],[103.8539884,1.2946443],[103.8539741,1.2946246],[103.8539237,1.2946615],[103.8539404,1.2946843]]]}},{"type":"Feature","id":254816042,"properties":{"osm_id":254816042,"name":"Unnamed building","height_m":12,"height_basis":"illustrative-default","source_id":"osm-cbd-buildings"},"geometry":{"type":"Polygon","coordinates":[[[103.8540315,1.2948089],[103.8540001,1.2947658],[103.8540504,1.294729],[103.8540652,1.2947491],[103.8540819,1.294772],[103.8540709,1.2947801],[103.8540315,1.2948089]]]}},{"type":"Feature","id":254816043,"properties":{"osm_id":254816043,"name":"Unnamed building","height_m":14.0,"height_basis":"osm-height","source_id":"osm-cbd-buildings"},"geometry":{"type":"Polygon","coordinates":[[[103.8548847,1.2953902],[103.854928,1.2953605],[103.8548325,1.2952274],[103.8548124,1.2952229],[103.8547842,1.2952441],[103.8548847,1.2953902]]]}},{"type":"Feature","id":254816044,"properties":{"osm_id":254816044,"name":"Unnamed building","height_m":14.0,"height_basis":"osm-height","source_id":"osm-cbd-buildings"},"geometry":{"type":"Polygon","coordinates":[[[103.8547551,1.2954794],[103.8547983,1.2954497],[103.8546977,1.2953035],[103.8546659,1.2953268],[103.8546573,1.2953327],[103.8547551,1.2954794]]]}},{"type":"Feature","id":254816045,"properties":{"osm_id":254816045,"name":"Unnamed building","height_m":12.0,"height_basis":"osm-height","source_id":"osm-cbd-buildings"},"geometry":{"type":"Polygon","coordinates":[[[103.8548988,1.2987844],[103.8548724,1.2987517],[103.854818,1.2987958],[103.8548444,1.2988284],[103.8548988,1.2987844]]]}},{"type":"Feature","id":254816046,"properties":{"osm_id":254816046,"name":"Unnamed building","height_m":14.0,"height_basis":"osm-height","source_id":"osm-cbd-buildings"},"geometry":{"type":"Polygon","coordinates":[[[103.854586,1.2952117],[103.8545554,1.2951645],[103.8544103,1.2952643],[103.8543927,1.2952754],[103.8544249,1.2953235],[103.854586,1.2952117]]]}},{"type":"Feature","id":254816047,"properties":{"osm_id":254816047,"name":"Unnamed building","height_m":9.600000000000001,"height_basis":"levels-estimate","source_id":"osm-cbd-buildings"},"geometry":{"type":"Polygon","coordinates":[[[103.8554131,1.298574],[103.8553875,1.2985939],[103.8553948,1.2986032],[103.8554739,1.2987053],[103.8554995,1.2986854],[103.8554131,1.298574]]]}},{"type":"Feature","id":254816048,"properties":{"osm_id":254816048,"name":"Unnamed building","height_m":14.0,"height_basis":"osm-height","source_id":"osm-cbd-buildings"},"geometry":{"type":"Polygon","coordinates":[[[103.8539957,1.2948351],[103.8540315,1.2948089],[103.8540001,1.2947658],[103.8539404,1.2946843],[103.8539237,1.2946615],[103.8538878,1.2946877],[103.8539957,1.2948351]]]}},{"type":"Feature","id":254816049,"properties":{"osm_id":254816049,"name":"Unnamed building","height_m":12.0,"height_basis":"osm-height","source_id":"osm-cbd-buildings"},"geometry":{"type":"Polygon","coordinates":[[[103.8553351,1.2986495],[103.8552749,1.2986962],[103.8554022,1.2988604],[103.8554495,1.2988238],[103.8553696,1.2987208],[103.8553826,1.2987108],[103.8553351,1.2986495]]]}},{"type":"Feature","id":254816050,"properties":{"osm_id":254816050,"name":"Unnamed building","height_m":12.0,"height_basis":"osm-height","source_id":"osm-cbd-buildings"},"geometry":{"type":"Polygon","coordinates":[[[103.8549909,1.298943],[103.8547983,1.2990959],[103.8548255,1.2991273],[103.8548626,1.2991699],[103.8550285,1.2990348],[103.8550493,1.2990187],[103.8549909,1.298943]]]}},{"type":"Feature","id":254816051,"properties":{"osm_id":254816051,"name":"Unnamed building","height_m":12.0,"height_basis":"osm-height","source_id":"osm-cbd-buildings"},"geometry":{"type":"Polygon","coordinates":[[[103.8549287,1.2988315],[103.8549025,1.2987998],[103.8549083,1.2987952],[103.8548988,1.2987844],[103.8548444,1.2988284],[103.8548738,1.2988653],[103.8549287,1.2988315]]]}},{"type":"Feature","id":254816052,"properties":{"osm_id":254816052,"name":"Unnamed building","height_m":12.0,"height_basis":"osm-height","source_id":"osm-cbd-buildings"},"geometry":{"type":"Polygon","coordinates":[[[103.8549302,1.2987783],[103.8549083,1.2987952],[103.8549025,1.2987998],[103.8549287,1.2988315],[103.8549536,1.2988614],[103.8549803,1.2988387],[103.8549302,1.2987783]]]}},{"type":"Feature","id":254816053,"properties":{"osm_id":254816053,"name":"Unnamed building","height_m":12.0,"height_basis":"osm-height","source_id":"osm-cbd-buildings"},"geometry":{"type":"Polygon","coordinates":[[[103.8554475,1.2989187],[103.8554712,1.2989494],[103.8554861,1.2989378],[103.8555176,1.2989134],[103.8555382,1.29894],[103.8556836,1.2988272],[103.8556393,1.29877],[103.8554475,1.2989187]]]}},{"type":"Feature","id":254816054,"properties":{"osm_id":254816054,"name":"Unnamed building","height_m":12.0,"height_basis":"osm-height","source_id":"osm-cbd-buildings"},"geometry":{"type":"Polygon","coordinates":[[[103.8557712,1.2989401],[103.8557268,1.2988829],[103.8555789,1.2989975],[103.8555949,1.299018],[103.8555658,1.2990405],[103.855546,1.2990559],[103.8555745,1.2990926],[103.8557712,1.2989401]]]}},{"type":"Feature","id":254816055,"properties":{"osm_id":254816055,"name":"Unnamed building","height_m":14.0,"height_basis":"osm-height","source_id":"osm-cbd-buildings"},"geometry":{"type":"Polygon","coordinates":[[[103.8548763,1.2951807],[103.8548312,1.2951139],[103.8547692,1.2951593],[103.8548124,1.2952229],[103.8548325,1.2952274],[103.8548675,1.2952343],[103.8548706,1.2951846],[103.8548763,1.2951807]]]}},{"type":"Feature","id":254816056,"properties":{"osm_id":254816056,"name":"Unnamed building","height_m":12.0,"height_basis":"osm-height","source_id":"osm-cbd-buildings"},"geometry":{"type":"Polygon","coordinates":[[[103.8552296,1.2986273],[103.8551703,1.2985514],[103.8551585,1.2985364],[103.8551398,1.2985127],[103.8550788,1.2985565],[103.855119,1.2986082],[103.8551306,1.298623],[103.8551719,1.2986761],[103.8552296,1.2986273]]]}},{"type":"Feature","id":254816057,"properties":{"osm_id":254816057,"name":"Unnamed building","height_m":12.0,"height_basis":"osm-height","source_id":"osm-cbd-buildings"},"geometry":{"type":"Polygon","coordinates":[[[103.8553656,1.2986259],[103.8553351,1.2986495],[103.8553826,1.2987108],[103.8553696,1.2987208],[103.8554495,1.2988238],[103.85548,1.2988001],[103.8554318,1.2987379],[103.8554447,1.2987279],[103.8553656,1.2986259]]]}},{"type":"Feature","id":254816058,"properties":{"osm_id":254816058,"name":"Unnamed building","height_m":18.0,"height_basis":"osm-height","source_id":"osm-cbd-buildings"},"geometry":{"type":"Polygon","coordinates":[[[103.8553155,1.2984421],[103.855366,1.2985116],[103.8554242,1.2984623],[103.8553508,1.2983608],[103.8552782,1.2984047],[103.8553057,1.2984287],[103.8553155,1.2984421]]]}},{"type":"Feature","id":254816059,"properties":{"osm_id":254816059,"name":"Unnamed building","height_m":9.600000000000001,"height_basis":"levels-estimate","source_id":"osm-cbd-buildings"},"geometry":{"type":"Polygon","coordinates":[[[103.8555658,1.2990405],[103.8555251,1.298988],[103.8554861,1.2989378],[103.8555176,1.2989134],[103.8555382,1.29894],[103.8556836,1.2988272],[103.855703,1.2988522],[103.8557268,1.2988829],[103.8555789,1.2989975],[103.8555949,1.299018],[103.8555658,1.2990405]]]}},{"type":"Feature","id":254833690,"properties":{"osm_id":254833690,"name":"Unnamed building","height_m":5.0,"height_basis":"osm-height","source_id":"osm-cbd-buildings"},"geometry":{"type":"Polygon","coordinates":[[[103.8544304,1.2954495],[103.8544723,1.295513],[103.8543802,1.2955737],[103.8543383,1.2955101],[103.8544304,1.2954495]]]}},{"type":"Feature","id":254833691,"properties":{"osm_id":254833691,"name":"Unnamed building","height_m":5.0,"height_basis":"osm-height","source_id":"osm-cbd-buildings"},"geometry":{"type":"Polygon","coordinates":[[[103.8536718,1.2951292],[103.8537003,1.2951691],[103.8536269,1.2952217],[103.8535984,1.2951818],[103.8536718,1.2951292]]]}},{"type":"Feature","id":254833693,"properties":{"osm_id":254833693,"name":"Unnamed building","height_m":5.0,"height_basis":"osm-height","source_id":"osm-cbd-buildings"},"geometry":{"type":"Polygon","coordinates":[[[103.8538661,1.2953971],[103.8538958,1.2954363],[103.8538238,1.2954909],[103.853794,1.2954517],[103.8538661,1.2953971]]]}},{"type":"Feature","id":255713963,"properties":{"osm_id":255713963,"name":"Unnamed building","height_m":1.0,"height_basis":"osm-height","source_id":"osm-cbd-buildings"},"geometry":{"type":"Polygon","coordinates":[[[103.8542307,1.2926744],[103.8543169,1.2927163],[103.8543305,1.2926883],[103.8542444,1.2926464],[103.8542307,1.2926744]]]}},{"type":"Feature","id":255713969,"properties":{"osm_id":255713969,"name":"Unnamed building","height_m":1.0,"height_basis":"osm-height","source_id":"osm-cbd-buildings"},"geometry":{"type":"Polygon","coordinates":[[[103.8547573,1.2923165],[103.8547442,1.2924129],[103.8546837,1.2924046],[103.8546968,1.2923083],[103.8547573,1.2923165]]]}},{"type":"Feature","id":256153714,"properties":{"osm_id":256153714,"name":"The Cenotaph","height_m":1.0,"height_basis":"osm-height","source_id":"osm-cbd-buildings"},"geometry":{"type":"Polygon","coordinates":[[[103.8538286,1.2901543],[103.8539216,1.2903532],[103.8538046,1.2904079],[103.8537116,1.290209],[103.8538286,1.2901543]]]}},{"type":"Feature","id":256163011,"properties":{"osm_id":256163011,"name":"Esplanade Concert Hall","height_m":35.0,"height_basis":"osm-height","source_id":"osm-cbd-buildings"},"geometry":{"type":"Polygon","coordinates":[[[103.8553086,1.2891493],[103.8551994,1.2890989],[103.8551181,1.2890625],[103.855091,1.2890523],[103.8550609,1.2890451],[103.8550202,1.2890396],[103.8549815,1.2890402],[103.8549508,1.2890455],[103.8549252,1.2890528],[103.8548872,1.2890674],[103.8548177,1.2891354],[103.8547796,1.2891938],[103.8547528,1.289301],[103.8547574,1.2893963],[103.8547872,1.2894721],[103.8548445,1.2895484],[103.8548851,1.2895686],[103.8549423,1.2895978],[103.8553728,1.2897017],[103.8554416,1.289703],[103.8554899,1.2896775],[103.8555409,1.2896101],[103.8555778,1.2895375],[103.8556135,1.2894217],[103.8556147,1.289358],[103.8555905,1.2892868],[103.8555511,1.2892422],[103.8553086,1.2891493]]]}},{"type":"Feature","id":256163012,"properties":{"osm_id":256163012,"name":"Esplanade Theatre","height_m":35.0,"height_basis":"osm-height","source_id":"osm-cbd-buildings"},"geometry":{"type":"Polygon","coordinates":[[[103.8552459,1.2902159],[103.8552136,1.2902895],[103.855188,1.2903456],[103.8551869,1.2904326],[103.855219,1.2905109],[103.8552566,1.2905752],[103.8553173,1.2906424],[103.8553894,1.2906733],[103.8554843,1.2906903],[103.8555682,1.2906749],[103.8556515,1.2906284],[103.8557113,1.2905714],[103.8557505,1.29048],[103.8558132,1.2902671],[103.8558897,1.2899639],[103.8558885,1.2899067],[103.8558706,1.2898647],[103.8558452,1.2898379],[103.8557637,1.2897819],[103.8556784,1.289745],[103.8555778,1.2897246],[103.8554989,1.2897348],[103.8554428,1.2897705],[103.8554174,1.2898163],[103.8552459,1.2902159]]]}},{"type":"Feature","id":256275064,"properties":{"osm_id":256275064,"name":"Unnamed building","height_m":1.0,"height_basis":"osm-height","source_id":"osm-cbd-buildings"},"geometry":{"type":"Polygon","coordinates":[[[103.8546484,1.2892181],[103.8546334,1.2892119],[103.8546225,1.2892149],[103.8546184,1.2892181],[103.8546122,1.289233],[103.8546184,1.289248],[103.8546188,1.2892484],[103.8546334,1.2892542],[103.8546484,1.289248],[103.8546545,1.2892339],[103.8546546,1.289233],[103.8546484,1.2892181]]]}},{"type":"Feature","id":256275069,"properties":{"osm_id":256275069,"name":"Unnamed building","height_m":1.0,"height_basis":"osm-height","source_id":"osm-cbd-buildings"},"geometry":{"type":"Polygon","coordinates":[[[103.8547113,1.2891761],[103.8546963,1.2891699],[103.8546854,1.2891729],[103.8546814,1.2891761],[103.8546752,1.289191],[103.8546814,1.289206],[103.8546818,1.2892064],[103.8546963,1.2892122],[103.8547113,1.289206],[103.8547175,1.2891919],[103.8547175,1.289191],[103.8547113,1.2891761]]]}},{"type":"Feature","id":257192962,"properties":{"osm_id":257192962,"name":"Unnamed building","height_m":4.0,"height_basis":"osm-height","source_id":"osm-cbd-buildings"},"geometry":{"type":"Polygon","coordinates":[[[103.8515394,1.292364],[103.8516877,1.2926234],[103.8519094,1.2924966],[103.851761,1.2922373],[103.8515394,1.292364]]]}},{"type":"Feature","id":257192963,"properties":{"osm_id":257192963,"name":"Cathedral Caf\u00e9","height_m":4.0,"height_basis":"osm-height","source_id":"osm-cbd-buildings"},"geometry":{"type":"Polygon","coordinates":[[[103.8521851,1.2925271],[103.8522701,1.2926922],[103.8521897,1.2927335],[103.8521814,1.2927174],[103.8521428,1.2927373],[103.8521536,1.2927582],[103.8520126,1.2928307],[103.8518901,1.2926031],[103.8517721,1.2926722],[103.8519451,1.2929933],[103.8520604,1.2929263],[103.8520377,1.2928796],[103.8520482,1.2928742],[103.8520885,1.2929525],[103.852193,1.2928986],[103.8521856,1.2928842],[103.8521989,1.2928774],[103.8521802,1.2928412],[103.8522048,1.2928285],[103.8521881,1.2927961],[103.8523424,1.2927167],[103.8523167,1.2926667],[103.8523035,1.2926735],[103.8522191,1.2925097],[103.8521851,1.2925271]]]}},{"type":"Feature","id":257193898,"properties":{"osm_id":257193898,"name":"Unnamed building","height_m":5.0,"height_basis":"osm-height","source_id":"osm-cbd-buildings"},"geometry":{"type":"Polygon","coordinates":[[[103.8489714,1.2930604],[103.8489992,1.2931164],[103.848954,1.2931388],[103.8489262,1.2930829],[103.8489714,1.2930604]]]}},{"type":"Feature","id":297128894,"properties":{"osm_id":297128894,"name":"Unnamed building","height_m":9.600000000000001,"height_basis":"levels-estimate","source_id":"osm-cbd-buildings"},"geometry":{"type":"Polygon","coordinates":[[[103.8549982,1.299943],[103.8548119,1.3001034],[103.8548776,1.3001786],[103.8550651,1.3000159],[103.8549982,1.299943]]]}},{"type":"Feature","id":297128898,"properties":{"osm_id":297128898,"name":"Unnamed building","height_m":9.600000000000001,"height_basis":"levels-estimate","source_id":"osm-cbd-buildings"},"geometry":{"type":"Polygon","coordinates":[[[103.8549982,1.299943],[103.8548119,1.3001034],[103.8547475,1.3000297],[103.8549305,1.2998694],[103.8549982,1.299943]]]}},{"type":"Feature","id":300380459,"properties":{"osm_id":300380459,"name":"Sri Mariamman Temple","height_m":10.0,"height_basis":"osm-height","source_id":"osm-cbd-buildings"},"geometry":{"type":"Polygon","coordinates":[[[103.8450421,1.2827589],[103.8450442,1.2827554],[103.8450468,1.2827523],[103.8450479,1.2827352],[103.8450412,1.2827329],[103.8450359,1.282729],[103.845032,1.2827235],[103.8450302,1.2827176],[103.8450298,1.2827109],[103.8450208,1.2827006],[103.8450135,1.2827015],[103.8450061,1.2827003],[103.8449995,1.2826969],[103.8449947,1.2826925],[103.8449913,1.2826871],[103.8449894,1.2826812],[103.8449889,1.282675],[103.84499,1.2826689],[103.8449939,1.2826613],[103.8450002,1.2826554],[103.845008,1.282652],[103.8450135,1.2826513],[103.845019,1.2826518],[103.8450268,1.2826525],[103.8450295,1.2826451],[103.8450261,1.2826412],[103.8450235,1.2826361],[103.8450223,1.2826302],[103.8450227,1.2826246],[103.8450239,1.2826204],[103.845026,1.2826165],[103.8450289,1.2826131],[103.8450325,1.2826103],[103.8450386,1.2826077],[103.8450412,1.2826072],[103.8450436,1.282607],[103.8450463,1.2826071],[103.8450516,1.2826083],[103.8450551,1.2826099],[103.8450582,1.2826122],[103.8453753,1.2825652],[103.8453773,1.282591],[103.8454,1.2825891],[103.845403,1.2826002],[103.8454055,1.2826195],[103.8454078,1.2826392],[103.845412,1.282659],[103.8453904,1.2826628],[103.8454104,1.2827222],[103.8452606,1.2827798],[103.8452346,1.282715],[103.8452079,1.2827172],[103.845211,1.282792],[103.8450792,1.2828052],[103.8450776,1.2827897],[103.8450714,1.2827879],[103.845065,1.2827899],[103.8450579,1.2827897],[103.8450509,1.2827871],[103.8450464,1.2827836],[103.845044,1.2827806],[103.8450421,1.2827773],[103.8450403,1.2827711],[103.8450403,1.2827648],[103.8450421,1.2827589]]]}},{"type":"Feature","id":303311927,"properties":{"osm_id":303311927,"name":"Marina Square","height_m":12,"height_basis":"illustrative-default","source_id":"osm-cbd-buildings"},"geometry":{"type":"Polygon","coordinates":[[[103.8583234,1.2918752],[103.8582593,1.2917694],[103.8581914,1.2916575],[103.858085,1.2914811],[103.8586983,1.2911416],[103.858575,1.2909393],[103.8585794,1.2909175],[103.8585858,1.2908841],[103.8586843,1.290826],[103.8587561,1.2907836],[103.8591697,1.2905486],[103.8591722,1.289903],[103.8590899,1.2898745],[103.8585904,1.2901569],[103.8585663,1.2901207],[103.8578697,1.2905308],[103.8579174,1.2906117],[103.8579351,1.2906417],[103.857784,1.2907309],[103.8577468,1.2906679],[103.8576224,1.2904615],[103.857491,1.2902348],[103.8573657,1.2903088],[103.8572103,1.2904005],[103.8569072,1.2905794],[103.8566866,1.290712],[103.8565935,1.2906034],[103.8564568,1.2907077],[103.8559352,1.2911405],[103.8559146,1.2911632],[103.8559052,1.2912024],[103.8558978,1.2912403],[103.8559179,1.2913075],[103.8559748,1.2914982],[103.8561361,1.2920386],[103.8561811,1.2920172],[103.8561885,1.2920443],[103.8561977,1.292068],[103.8562405,1.2922372],[103.856274,1.2923118],[103.8563225,1.2923727],[103.8564344,1.2924547],[103.8565607,1.292499],[103.856645,1.292498],[103.8567306,1.2924859],[103.8566521,1.2923428],[103.8565111,1.2923444],[103.8564402,1.2923068],[103.8563943,1.2922572],[103.8563916,1.2922547],[103.8566405,1.2921284],[103.856733,1.2922791],[103.8568153,1.2924217],[103.8570046,1.2923126],[103.8569224,1.29217],[103.8568289,1.2922238],[103.8568133,1.292198],[103.8567726,1.2921302],[103.8569302,1.2920419],[103.8568569,1.2919157],[103.8574745,1.29154],[103.8575942,1.2914693],[103.8577219,1.2916971],[103.8579575,1.2920929],[103.8579058,1.2921399],[103.8578602,1.2921828],[103.8578226,1.2922391],[103.8578025,1.2922994],[103.8577972,1.2923745],[103.8578059,1.292457],[103.8578307,1.2925227],[103.8578628,1.2925798],[103.857885,1.2926132],[103.8579252,1.2926473],[103.8579769,1.2926748],[103.8580359,1.2926916],[103.8580889,1.2926976],[103.8581419,1.2926972],[103.8582008,1.2926876],[103.8582558,1.2926641],[103.8582863,1.2926474],[103.858451,1.2925537],[103.8585072,1.2925217],[103.8585248,1.2925117],[103.8585142,1.2924937],[103.858332,1.2921751],[103.8583828,1.292146],[103.8584616,1.2921001],[103.8583234,1.2918752]]]}},{"type":"Feature","id":313646449,"properties":{"osm_id":313646449,"name":"Unnamed building","height_m":35.0,"height_basis":"osm-height","source_id":"osm-cbd-buildings"},"geometry":{"type":"Polygon","coordinates":[[[103.8587444,1.279723],[103.8590052,1.279558],[103.8589463,1.2794815],[103.8589993,1.2794476],[103.8587606,1.2790941],[103.8587268,1.2790588],[103.858684,1.2790337],[103.8586398,1.2790234],[103.8585986,1.2790279],[103.8585632,1.2790441],[103.8583659,1.2791766],[103.8587444,1.279723]]]}},{"type":"Feature","id":314352312,"properties":{"osm_id":314352312,"name":"One Finlayson Green","height_m":64.0,"height_basis":"osm-height","source_id":"osm-cbd-buildings"},"geometry":{"type":"Polygon","coordinates":[[[103.851442,1.2823107],[103.8513052,1.2820927],[103.8511114,1.2822142],[103.8512232,1.2823924],[103.8512902,1.2824059],[103.851442,1.2823107]]]}},{"type":"Feature","id":325793747,"properties":{"osm_id":325793747,"name":"Central Park Tower","height_m":215.0,"height_basis":"osm-height","source_id":"osm-cbd-buildings"},"geometry":{"type":"Polygon","coordinates":[[[103.8529688,1.2809527],[103.8529242,1.2809177],[103.8528722,1.2808593],[103.8528382,1.2808074],[103.852809,1.2807594],[103.8527898,1.2807159],[103.8528139,1.2806975],[103.8527904,1.2806581],[103.852842,1.2805624],[103.8528796,1.2805962],[103.8529113,1.2805598],[103.8529908,1.2806491],[103.8530216,1.2806964],[103.8530553,1.2807554],[103.8530914,1.280821],[103.8531094,1.2808645],[103.8529688,1.2809527]]]}},{"type":"Feature","id":325793771,"properties":{"osm_id":325793771,"name":"Marina Bay Tower","height_m":245.0,"height_basis":"osm-height","source_id":"osm-cbd-buildings"},"geometry":{"type":"Polygon","coordinates":[[[103.852612,1.2814765],[103.852621,1.2813939],[103.8526135,1.2813211],[103.85266,1.2812919],[103.8526548,1.2812828],[103.8526741,1.2812685],[103.8527417,1.2812267],[103.8527672,1.2812101],[103.8528882,1.2811317],[103.8529092,1.2811185],[103.8529561,1.2810893],[103.853,1.281069],[103.8530038,1.2810765],[103.8530488,1.281051],[103.8530999,1.2810892],[103.8531141,1.2810727],[103.8531885,1.2811147],[103.8530961,1.2812393],[103.8530188,1.2813076],[103.8529205,1.2813759],[103.8528342,1.2814232],[103.8527433,1.2814562],[103.852612,1.2814765]]]}},{"type":"Feature","id":325793774,"properties":{"osm_id":325793774,"name":"One Shenton Tower 1","height_m":214.0,"height_basis":"osm-height","source_id":"osm-cbd-buildings"},"geometry":{"type":"Polygon","coordinates":[[[103.8505843,1.2794999],[103.8506057,1.2795445],[103.850573,1.279564],[103.850586,1.2795847],[103.8506217,1.2796418],[103.8506925,1.2796133],[103.85076,1.2795723],[103.8508246,1.2795188],[103.8508072,1.279491],[103.8508198,1.2794833],[103.8507659,1.2793991],[103.8505843,1.2794999]]]}},{"type":"Feature","id":325793778,"properties":{"osm_id":325793778,"name":"One Shenton Tower 2","height_m":178.0,"height_basis":"osm-height","source_id":"osm-cbd-buildings"},"geometry":{"type":"Polygon","coordinates":[[[103.8504786,1.2793461],[103.8504306,1.2792857],[103.850384,1.2792134],[103.8503521,1.279153],[103.8503701,1.2791398],[103.8503472,1.2791015],[103.8503792,1.2790675],[103.8504271,1.2790355],[103.8504634,1.279022],[103.850505,1.2790182],[103.8505439,1.2790557],[103.8505884,1.2791293],[103.8506121,1.2791749],[103.8506231,1.279196],[103.8506002,1.2792162],[103.8506248,1.2792616],[103.8504786,1.2793461]]]}},{"type":"Feature","id":325895782,"properties":{"osm_id":325895782,"name":"Esplanade Annexe","height_m":10.0,"height_basis":"osm-height","source_id":"osm-cbd-buildings"},"geometry":{"type":"Polygon","coordinates":[[[103.8563507,1.2892255],[103.8563712,1.2892234],[103.8563807,1.2894071],[103.856396,1.2897006],[103.8564666,1.2896939],[103.8564391,1.2892104],[103.8564635,1.2891767],[103.8564983,1.2891716],[103.8565022,1.2891711],[103.85653,1.289192],[103.8565657,1.2896437],[103.8567842,1.2896288],[103.8567574,1.2891876],[103.8566223,1.2891992],[103.8566092,1.2891739],[103.8565907,1.2891384],[103.8565351,1.2890942],[103.8564936,1.2890857],[103.8564728,1.2890815],[103.8563976,1.2891148],[103.8563553,1.2891868],[103.8563507,1.2892255]]]}},{"type":"Feature","id":326926547,"properties":{"osm_id":326926547,"name":"Perennial Chinatown Point","height_m":118.0,"height_basis":"osm-height","source_id":"osm-cbd-buildings"},"geometry":{"type":"Polygon","coordinates":[[[103.8449045,1.2854504],[103.8448205,1.2853142],[103.8449012,1.2849809],[103.8450332,1.284902],[103.8451174,1.2850379],[103.8450893,1.2851537],[103.8451644,1.2851704],[103.845167,1.2851629],[103.8452196,1.2851765],[103.8451942,1.2852809],[103.8451433,1.2852668],[103.8451455,1.2852568],[103.8450675,1.2852379],[103.8450353,1.2853712],[103.8449045,1.2854504]]]}},{"type":"Feature","id":326926571,"properties":{"osm_id":326926571,"name":"Unnamed building","height_m":56.0,"height_basis":"osm-height","source_id":"osm-cbd-buildings"},"geometry":{"type":"Polygon","coordinates":[[[103.8457883,1.2843523],[103.8457369,1.2842689],[103.8461448,1.2840179],[103.8461982,1.2841047],[103.846113,1.2841571],[103.8461043,1.284143],[103.8460799,1.284158],[103.846087,1.2841695],[103.8460489,1.2841929],[103.8460031,1.2842211],[103.8459025,1.284283],[103.845892,1.2842658],[103.8458673,1.284281],[103.8458775,1.2842974],[103.8457883,1.2843523]]]}},{"type":"Feature","id":326926572,"properties":{"osm_id":326926572,"name":"Unnamed building","height_m":56.0,"height_basis":"osm-height","source_id":"osm-cbd-buildings"},"geometry":{"type":"Polygon","coordinates":[[[103.845154,1.2847629],[103.8451428,1.2847444],[103.8451329,1.2847504],[103.8450809,1.2846649],[103.8455847,1.2843584],[103.8456358,1.2844423],[103.8456274,1.2844474],[103.8456404,1.2844689],[103.8455553,1.2845206],[103.8455444,1.2845027],[103.8455148,1.2845208],[103.8455247,1.2845369],[103.8452642,1.2846954],[103.8452529,1.2846767],[103.8452229,1.2846949],[103.8452345,1.2847139],[103.845154,1.2847629]]]}},{"type":"Feature","id":326926573,"properties":{"osm_id":326926573,"name":"Unnamed building","height_m":56.0,"height_basis":"osm-height","source_id":"osm-cbd-buildings"},"geometry":{"type":"Polygon","coordinates":[[[103.8463828,1.2844001],[103.8464341,1.2844835],[103.8460263,1.2847345],[103.8459728,1.2846478],[103.8460581,1.2845953],[103.8460668,1.2846094],[103.8460911,1.2845945],[103.846084,1.284583],[103.8462685,1.2844695],[103.8462791,1.2844866],[103.8463037,1.2844715],[103.8462936,1.284455],[103.8463828,1.2844001]]]}},{"type":"Feature","id":326926574,"properties":{"osm_id":326926574,"name":"Unnamed building","height_m":56.0,"height_basis":"osm-height","source_id":"osm-cbd-buildings"},"geometry":{"type":"Polygon","coordinates":[[[103.8458104,1.2847453],[103.8458217,1.2847637],[103.8458315,1.2847576],[103.8458839,1.2848429],[103.8453814,1.2851515],[103.84533,1.2850678],[103.8453384,1.2850627],[103.8453252,1.2850413],[103.8454101,1.2849892],[103.8454211,1.285007],[103.8454506,1.2849889],[103.8454407,1.2849728],[103.8457004,1.2848132],[103.8457119,1.2848318],[103.8457418,1.2848135],[103.8457301,1.2847945],[103.8458104,1.2847453]]]}},{"type":"Feature","id":334127049,"properties":{"osm_id":334127049,"name":"Peninsula Hotel","height_m":84.0,"height_basis":"osm-height","source_id":"osm-cbd-buildings"},"geometry":{"type":"Polygon","coordinates":[[[103.8503666,1.2919316],[103.8502025,1.2916273],[103.8503693,1.2915374],[103.8505334,1.2918417],[103.8503666,1.2919316]]]}},{"type":"Feature","id":335167827,"properties":{"osm_id":335167827,"name":"UOB Plaza Tower 1","height_m":12,"height_basis":"illustrative-default","source_id":"osm-cbd-buildings"},"geometry":{"type":"Polygon","coordinates":[[[103.8502991,1.28562],[103.850321,1.2856421],[103.8503027,1.2856653],[103.8502393,1.2856694],[103.8502271,1.2856864],[103.8502096,1.2856725],[103.8501498,1.2856783],[103.8501272,1.2856595],[103.8501439,1.285634],[103.8500774,1.28564],[103.8500703,1.2855606],[103.8500513,1.2855833],[103.8500231,1.2855615],[103.8500172,1.2855025],[103.8500073,1.285495],[103.8500158,1.2854838],[103.8500092,1.285413],[103.850029,1.2853895],[103.8500564,1.2854069],[103.8500527,1.2853655],[103.8500505,1.2853411],[103.8501214,1.2853347],[103.8501002,1.285314],[103.8501222,1.2852859],[103.8501832,1.2852801],[103.8501878,1.2852734],[103.8501952,1.2852789],[103.8502708,1.2852726],[103.8502941,1.2852925],[103.8502767,1.2853199],[103.8503449,1.2853147],[103.8503524,1.2853981],[103.8503763,1.2853754],[103.8504005,1.285394],[103.8504066,1.2854595],[103.8504177,1.285468],[103.8504085,1.2854801],[103.8504145,1.2855477],[103.8503926,1.2855703],[103.8503663,1.2855533],[103.8503718,1.2856135],[103.8502991,1.28562]]]}},{"type":"Feature","id":335574380,"properties":{"osm_id":335574380,"name":"Unnamed building","height_m":12,"height_basis":"illustrative-default","source_id":"osm-cbd-buildings"},"geometry":{"type":"Polygon","coordinates":[[[103.8504005,1.285394],[103.8503524,1.2853981],[103.8503663,1.2855533],[103.8504145,1.2855477],[103.8504085,1.2854801],[103.8504066,1.2854595],[103.8504005,1.285394]]]}},{"type":"Feature","id":338916092,"properties":{"osm_id":338916092,"name":"Golden Castle Building","height_m":18.0,"height_basis":"osm-height","source_id":"osm-cbd-buildings"},"geometry":{"type":"Polygon","coordinates":[[[103.8478052,1.2867513],[103.8478229,1.2867844],[103.8476827,1.2868652],[103.8476626,1.2868332],[103.8478052,1.2867513]]]}},{"type":"Feature","id":351305485,"properties":{"osm_id":351305485,"name":"Unnamed building","height_m":12,"height_basis":"illustrative-default","source_id":"osm-cbd-buildings"},"geometry":{"type":"Polygon","coordinates":[[[103.8483986,1.3014664],[103.8482789,1.3013742],[103.8484067,1.3011865],[103.8484748,1.3010111],[103.848506,1.3008395],[103.8485033,1.3006182],[103.8484379,1.3003919],[103.8483423,1.3002248],[103.8481938,1.3000706],[103.8479963,1.299926],[103.8480767,1.2998072],[103.8482671,1.2999275],[103.8484383,1.3001141],[103.8483981,1.300154],[103.8484629,1.3002392],[103.8485175,1.3003711],[103.8485871,1.3003464],[103.8486516,1.3005855],[103.8486576,1.3006945],[103.8485987,1.3006939],[103.8485824,1.3009012],[103.8486376,1.3009117],[103.8486235,1.301053],[103.8485412,1.3012614],[103.8483986,1.3014664]]]}},{"type":"Feature","id":351305492,"properties":{"osm_id":351305492,"name":"Unnamed building","height_m":12,"height_basis":"illustrative-default","source_id":"osm-cbd-buildings"},"geometry":{"type":"Polygon","coordinates":[[[103.8488445,1.3002298],[103.8487587,1.3001066],[103.8487868,1.3000871],[103.8487335,1.3000106],[103.8486787,1.3000488],[103.8486402,1.2999935],[103.8485127,1.3000823],[103.8485246,1.3000993],[103.8484651,1.3001407],[103.848517,1.3002152],[103.8485959,1.3001602],[103.8486296,1.3002085],[103.848549,1.3002647],[103.8486142,1.3003582],[103.8487675,1.3002514],[103.8487825,1.300273],[103.8488445,1.3002298]]]}},{"type":"Feature","id":351305502,"properties":{"osm_id":351305502,"name":"Suites @ Orchard","height_m":32.0,"height_basis":"levels-estimate","source_id":"osm-cbd-buildings"},"geometry":{"type":"Polygon","coordinates":[[[103.8457511,1.3008705],[103.8455964,1.3005993],[103.8460466,1.3001986],[103.8462395,1.2999866],[103.8463661,1.3000888],[103.8457511,1.3008705]]]}},{"type":"Feature","id":351305503,"properties":{"osm_id":351305503,"name":"Unnamed building","height_m":5.0,"height_basis":"osm-height","source_id":"osm-cbd-buildings"},"geometry":{"type":"Polygon","coordinates":[[[103.8457657,1.2983433],[103.8457027,1.2983324],[103.8456527,1.298332],[103.8456148,1.2983397],[103.8455857,1.2983543],[103.8455535,1.2983811],[103.8454614,1.2984883],[103.8454516,1.2984763],[103.8455582,1.2983465],[103.8456082,1.2983067],[103.8456448,1.2982959],[103.8457014,1.29829],[103.8457403,1.2982944],[103.845758,1.2983004],[103.8457751,1.2983117],[103.8457657,1.2983433]]]}},{"type":"Feature","id":351305504,"properties":{"osm_id":351305504,"name":"Wesley Methodist Church","height_m":30.0,"height_basis":"osm-height","source_id":"osm-cbd-buildings"},"geometry":{"type":"Polygon","coordinates":[[[103.847869,1.2971432],[103.8478374,1.2970956],[103.8478028,1.2971185],[103.8477209,1.2969947],[103.8477717,1.2969582],[103.8477053,1.2968547],[103.8476304,1.2969038],[103.847622,1.2968912],[103.8475337,1.2969496],[103.8475289,1.2969424],[103.8475013,1.2969605],[103.8474923,1.2969469],[103.8474409,1.296978],[103.8473987,1.2970067],[103.8473876,1.2969904],[103.8472949,1.2970534],[103.8472725,1.2970732],[103.8472608,1.2970581],[103.8472085,1.2970957],[103.8471971,1.2971168],[103.8471796,1.2971047],[103.8471293,1.2971644],[103.8470643,1.2971711],[103.8470757,1.2972619],[103.8471072,1.2972592],[103.8470938,1.297279],[103.8471186,1.2972961],[103.8471354,1.297272],[103.8471451,1.2972793],[103.8471471,1.2973152],[103.8472789,1.2973018],[103.8472826,1.2973313],[103.8473711,1.2973266],[103.8474059,1.2972998],[103.8474257,1.297332],[103.8474958,1.2972887],[103.8475143,1.2973161],[103.847545,1.2972954],[103.8475277,1.2972703],[103.8476453,1.2971925],[103.8476637,1.2971804],[103.8476736,1.2971953],[103.8476982,1.2972325],[103.8476838,1.297242],[103.84771,1.2972818],[103.8478265,1.2972047],[103.8478112,1.2971815],[103.847869,1.2971432]]]}},{"type":"Feature","id":351305505,"properties":{"osm_id":351305505,"name":"Mercure","height_m":80.0,"height_basis":"levels-estimate","source_id":"osm-cbd-buildings"},"geometry":{"type":"Polygon","coordinates":[[[103.8530069,1.2999069],[103.8528164,1.299682],[103.8532215,1.299339],[103.853412,1.299564],[103.8530069,1.2999069]]]}},{"type":"Feature","id":351305507,"properties":{"osm_id":351305507,"name":"Unnamed building","height_m":8.0,"height_basis":"osm-height","source_id":"osm-cbd-buildings"},"geometry":{"type":"Polygon","coordinates":[[[103.8544243,1.299371],[103.8546626,1.2993436],[103.8548147,1.2993269],[103.8549702,1.2992937],[103.8548626,1.2991699],[103.8548255,1.2991273],[103.8546748,1.2991605],[103.8545356,1.2991957],[103.8543352,1.2992453],[103.8544243,1.299371]]]}},{"type":"Feature","id":372072215,"properties":{"osm_id":372072215,"name":"Temasek Shophouse","height_m":40.0,"height_basis":"osm-height","source_id":"osm-cbd-buildings"},"geometry":{"type":"Polygon","coordinates":[[[103.8467324,1.2991701],[103.8469717,1.2990922],[103.8469393,1.2989928],[103.8468882,1.2988359],[103.8466489,1.2989138],[103.8467324,1.2991701]]]}},{"type":"Feature","id":372072222,"properties":{"osm_id":372072222,"name":"The Atrium @ Orchard","height_m":38.400000000000006,"height_basis":"levels-estimate","source_id":"osm-cbd-buildings"},"geometry":{"type":"Polygon","coordinates":[[[103.8456213,1.2995787],[103.8457351,1.2995457],[103.8458269,1.2995191],[103.8457635,1.2993004],[103.8457224,1.2992679],[103.8456796,1.2992563],[103.8452215,1.299409],[103.8451604,1.2994597],[103.8451324,1.2995406],[103.8451804,1.2997064],[103.8456213,1.2995787]]]}},{"type":"Feature","id":372072223,"properties":{"osm_id":372072223,"name":"The Atrium @ Orchard","height_m":38.400000000000006,"height_basis":"levels-estimate","source_id":"osm-cbd-buildings"},"geometry":{"type":"Polygon","coordinates":[[[103.8456758,1.2997457],[103.8451984,1.3000184],[103.8452819,1.300231],[103.8453427,1.3002836],[103.8454472,1.3002855],[103.8455688,1.3002415],[103.8457917,1.3001002],[103.8458898,1.3000121],[103.8459381,1.2999442],[103.8459456,1.2998835],[103.8458687,1.2996412],[103.8457793,1.2996972],[103.8457725,1.2997004],[103.8456758,1.2997457]]]}},{"type":"Feature","id":372148462,"properties":{"osm_id":372148462,"name":"Unnamed building","height_m":10.0,"height_basis":"osm-height","source_id":"osm-cbd-buildings"},"geometry":{"type":"Polygon","coordinates":[[[103.848843,1.2828812],[103.8488678,1.2829144],[103.8487337,1.2830147],[103.8487089,1.2829815],[103.848843,1.2828812]]]}},{"type":"Feature","id":372148464,"properties":{"osm_id":372148464,"name":"Unnamed building","height_m":10.0,"height_basis":"osm-height","source_id":"osm-cbd-buildings"},"geometry":{"type":"Polygon","coordinates":[[[103.8488678,1.2829144],[103.8488892,1.2829429],[103.8487551,1.2830432],[103.8487337,1.2830147],[103.8488678,1.2829144]]]}},{"type":"Feature","id":372148466,"properties":{"osm_id":372148466,"name":"Unnamed building","height_m":10.0,"height_basis":"osm-height","source_id":"osm-cbd-buildings"},"geometry":{"type":"Polygon","coordinates":[[[103.8487964,1.282819],[103.848843,1.2828812],[103.8487089,1.2829815],[103.848679,1.2830039],[103.8486324,1.2829416],[103.8487964,1.282819]]]}},{"type":"Feature","id":372148467,"properties":{"osm_id":372148467,"name":"Unnamed building","height_m":10.0,"height_basis":"osm-height","source_id":"osm-cbd-buildings"},"geometry":{"type":"Polygon","coordinates":[[[103.8487834,1.2830812],[103.8487551,1.2830432],[103.8487337,1.2830147],[103.8487089,1.2829815],[103.848679,1.2830039],[103.8487536,1.2831035],[103.8487834,1.2830812]]]}},{"type":"Feature","id":372148468,"properties":{"osm_id":372148468,"name":"Unnamed building","height_m":10.0,"height_basis":"osm-height","source_id":"osm-cbd-buildings"},"geometry":{"type":"Polygon","coordinates":[[[103.8488892,1.2829429],[103.8489176,1.2829809],[103.8488847,1.2830055],[103.8488481,1.2830328],[103.8488152,1.2830574],[103.8487834,1.2830812],[103.8487551,1.2830432],[103.8488892,1.2829429]]]}},{"type":"Feature","id":372158673,"properties":{"osm_id":372158673,"name":"Unnamed building","height_m":10.0,"height_basis":"osm-height","source_id":"osm-cbd-buildings"},"geometry":{"type":"Polygon","coordinates":[[[103.8476997,1.281709],[103.8477305,1.2816894],[103.847849,1.2818749],[103.8478167,1.2818955],[103.8476997,1.281709]]]}},{"type":"Feature","id":372164610,"properties":{"osm_id":372164610,"name":"Chai Ming Optical Pte Ltd","height_m":18.0,"height_basis":"osm-height","source_id":"osm-cbd-buildings"},"geometry":{"type":"Polygon","coordinates":[[[103.8481114,1.2876908],[103.8483106,1.2875731],[103.8483465,1.2876274],[103.8483317,1.2876737],[103.8481676,1.2877825],[103.8481114,1.2876908]]]}},{"type":"Feature","id":372164611,"properties":{"osm_id":372164611,"name":"Unnamed building","height_m":18.0,"height_basis":"osm-height","source_id":"osm-cbd-buildings"},"geometry":{"type":"Polygon","coordinates":[[[103.8482672,1.2874998],[103.8480681,1.2876174],[103.8480908,1.2876559],[103.84829,1.2875383],[103.8482672,1.2874998]]]}},{"type":"Feature","id":372164612,"properties":{"osm_id":372164612,"name":"Unnamed building","height_m":18.0,"height_basis":"osm-height","source_id":"osm-cbd-buildings"},"geometry":{"type":"Polygon","coordinates":[[[103.8482467,1.287465],[103.8482672,1.2874998],[103.8480681,1.2876174],[103.8480475,1.2875827],[103.8482467,1.287465]]]}},{"type":"Feature","id":372352478,"properties":{"osm_id":372352478,"name":"Unnamed building","height_m":10.0,"height_basis":"osm-height","source_id":"osm-cbd-buildings"},"geometry":{"type":"Polygon","coordinates":[[[103.8454028,1.2805235],[103.8454596,1.2803495],[103.8455061,1.2803349],[103.8456084,1.2804527],[103.845618,1.2805706],[103.8454028,1.2805235]]]}},{"type":"Feature","id":380508304,"properties":{"osm_id":380508304,"name":"NAFA Campus 1 Tower Block","height_m":40.0,"height_basis":"osm-height","source_id":"osm-cbd-buildings"},"geometry":{"type":"Polygon","coordinates":[[[103.8508881,1.2992912],[103.8507923,1.2991852],[103.8509006,1.2990949],[103.8509801,1.2990287],[103.8510153,1.2989993],[103.8511031,1.2991046],[103.8508881,1.2992912]]]}},{"type":"Feature","id":380512068,"properties":{"osm_id":380512068,"name":"NCO Club","height_m":6.4,"height_basis":"levels-estimate","source_id":"osm-cbd-buildings"},"geometry":{"type":"Polygon","coordinates":[[[103.8551185,1.2943349],[103.8548513,1.2939126],[103.8550125,1.2938197],[103.855033,1.2938545],[103.8551551,1.2940459],[103.8552753,1.2942358],[103.8551185,1.2943349]]]}},{"type":"Feature","id":380512070,"properties":{"osm_id":380512070,"name":"South Beach Quarter","height_m":12,"height_basis":"illustrative-default","source_id":"osm-cbd-buildings"},"geometry":{"type":"Polygon","coordinates":[[[103.8562202,1.295981],[103.8559763,1.2955561],[103.8560909,1.2954903],[103.8563101,1.2958728],[103.8563347,1.2959147],[103.8562508,1.295964],[103.8562202,1.295981]]]}},{"type":"Feature","id":380512072,"properties":{"osm_id":380512072,"name":"Old SSVF HQ","height_m":12,"height_basis":"illustrative-default","source_id":"osm-cbd-buildings"},"geometry":{"type":"Polygon","coordinates":[[[103.8558337,1.2953228],[103.8557402,1.2951665],[103.8558769,1.2950837],[103.8560771,1.2949661],[103.8561696,1.2951234],[103.8559856,1.2952315],[103.8558337,1.2953228]]]}},{"type":"Feature","id":380512074,"properties":{"osm_id":380512074,"name":"Old Command Block","height_m":6.4,"height_basis":"levels-estimate","source_id":"osm-cbd-buildings"},"geometry":{"type":"Polygon","coordinates":[[[103.8556189,1.2949655],[103.8553106,1.2944417],[103.8553561,1.2944149],[103.8553635,1.2944275],[103.8554239,1.2943919],[103.8556611,1.2947955],[103.8557249,1.2949031],[103.8556189,1.2949655]]]}},{"type":"Feature","id":380512075,"properties":{"osm_id":380512075,"name":"South Beach Avenue","height_m":9.600000000000001,"height_basis":"levels-estimate","source_id":"osm-cbd-buildings"},"geometry":{"type":"Polygon","coordinates":[[[103.8563924,1.2958112],[103.856286,1.295631],[103.8562601,1.2955872],[103.8561513,1.2954028],[103.8559282,1.2955219],[103.8559014,1.2954762],[103.8560152,1.2954094],[103.8559857,1.2953591],[103.8560127,1.2953432],[103.8559786,1.2952852],[103.8560073,1.2952684],[103.8559856,1.2952315],[103.8561696,1.2951234],[103.8560771,1.2949661],[103.8558769,1.2950837],[103.8558386,1.2950185],[103.8557508,1.2950701],[103.8557224,1.2950217],[103.8556813,1.2950459],[103.8556496,1.294992],[103.8558781,1.2948578],[103.8558502,1.2948104],[103.8558145,1.2948314],[103.8557902,1.29479],[103.8557445,1.2948169],[103.8557137,1.2947646],[103.8556611,1.2947955],[103.8554239,1.2943919],[103.8554198,1.2943849],[103.855373,1.2944124],[103.8553438,1.2943628],[103.8553645,1.2943507],[103.855339,1.2943072],[103.8553701,1.294289],[103.8551247,1.2938715],[103.8550935,1.2938898],[103.8550625,1.2938372],[103.855033,1.2938545],[103.8550125,1.2938197],[103.8555277,1.293517],[103.8555478,1.2935512],[103.8556215,1.2935079],[103.8556457,1.293549],[103.8557164,1.2935075],[103.8557463,1.2935583],[103.8557523,1.2935547],[103.8563561,1.2945819],[103.8563142,1.2946065],[103.8563405,1.2946512],[103.8563106,1.2946687],[103.8563389,1.2947169],[103.8562999,1.2947398],[103.8564382,1.2949751],[103.8564489,1.2949688],[103.856476,1.295015],[103.856487,1.2950085],[103.8565162,1.2950583],[103.8565589,1.2950332],[103.856586,1.2950793],[103.8566221,1.2950581],[103.8566476,1.2951016],[103.8566799,1.2950826],[103.8567016,1.2951195],[103.8567434,1.2950949],[103.8569213,1.2953976],[103.8568976,1.2954115],[103.8569271,1.2954617],[103.8568973,1.2954793],[103.8569113,1.2955031],[103.8569318,1.2955381],[103.8567199,1.2956626],[103.8567538,1.2957203],[103.8562734,1.2960025],[103.8562508,1.295964],[103.8563347,1.2959147],[103.8563101,1.2958728],[103.8563924,1.2958112]]]}},{"type":"Feature","id":393090489,"properties":{"osm_id":393090489,"name":"Suntec Singapore Convention & Exhibition Centre","height_m":12,"height_basis":"illustrative-default","source_id":"osm-cbd-buildings"},"geometry":{"type":"Polygon","coordinates":[[[103.8573063,1.2943928],[103.8573342,1.2943768],[103.8573701,1.2943562],[103.8573941,1.2943425],[103.8574281,1.294323],[103.8575387,1.2942597],[103.8576986,1.2941682],[103.8577319,1.2941491],[103.8577793,1.2941219],[103.8580051,1.2939927],[103.8581233,1.293925],[103.8580469,1.2937969],[103.8581556,1.2937378],[103.858092,1.2936167],[103.8579776,1.2934258],[103.8579581,1.2933931],[103.8578186,1.2931495],[103.857686,1.2929182],[103.8576402,1.2928383],[103.857582,1.2927364],[103.8575494,1.2926798],[103.8574844,1.2925662],[103.8573623,1.292636],[103.8573032,1.2925328],[103.8571848,1.2926005],[103.8570616,1.292669],[103.8569465,1.292737],[103.856845,1.2927952],[103.8567152,1.2928695],[103.8566278,1.2929197],[103.8564728,1.2930082],[103.8563684,1.293068],[103.8563607,1.2930724],[103.8564314,1.2931958],[103.8563285,1.2932547],[103.8563964,1.2933731],[103.8565342,1.2936138],[103.8566653,1.2938425],[103.8568004,1.2940784],[103.8569333,1.2943104],[103.8569974,1.2944221],[103.8570867,1.294371],[103.8571227,1.2943504],[103.8571864,1.2944615],[103.8572313,1.2944358],[103.8572771,1.2944095],[103.8573063,1.2943928]]]}},{"type":"Feature","id":393090492,"properties":{"osm_id":393090492,"name":"Unnamed building","height_m":6.0,"height_basis":"osm-height","source_id":"osm-cbd-buildings"},"geometry":{"type":"Polygon","coordinates":[[[103.8591744,1.291974],[103.8591968,1.2919614],[103.8592013,1.2921022],[103.8592076,1.2922426],[103.859123,1.2922996],[103.8591332,1.2923213],[103.8590893,1.2923465],[103.8591048,1.2923741],[103.859033,1.2924169],[103.8590673,1.2924743],[103.8590194,1.2925029],[103.8590635,1.2925769],[103.8589204,1.2926623],[103.8588771,1.2925898],[103.8587589,1.2926603],[103.8587286,1.2926096],[103.8585534,1.2925616],[103.8585248,1.2925117],[103.858451,1.2925537],[103.8582863,1.2926474],[103.858298,1.2926689],[103.858349,1.2927623],[103.858225,1.2927714],[103.8582268,1.292811],[103.8582283,1.292846],[103.8582325,1.2929423],[103.8582805,1.2929406],[103.8582793,1.2929179],[103.8584444,1.2929103],[103.8586272,1.2929018],[103.8588125,1.2928926],[103.858811,1.2928588],[103.8591716,1.2928427],[103.8591703,1.2927954],[103.8591686,1.2927381],[103.8591818,1.2926614],[103.8592126,1.2926067],[103.8592622,1.2925589],[103.859325,1.2925394],[103.8594346,1.2925356],[103.8594305,1.2924465],[103.8593402,1.2924485],[103.8593251,1.2921343],[103.8594158,1.2921317],[103.8594138,1.292089],[103.8594135,1.2920826],[103.8594129,1.2920682],[103.8594114,1.2920352],[103.8593978,1.2920356],[103.8593035,1.2920382],[103.8592952,1.2917863],[103.8592207,1.2917876],[103.8592158,1.2915927],[103.85926,1.2915915],[103.8593351,1.2915895],[103.8593798,1.2915883],[103.8593733,1.291299],[103.8593004,1.2913011],[103.8591668,1.2913049],[103.8591706,1.2914593],[103.8591747,1.2916202],[103.8591073,1.2916593],[103.8591185,1.2920074],[103.8591744,1.291974]]]}},{"type":"Feature","id":393092728,"properties":{"osm_id":393092728,"name":"Unnamed building","height_m":227.0,"height_basis":"osm-height","source_id":"osm-cbd-buildings"},"geometry":{"type":"Polygon","coordinates":[[[103.8521282,1.2804721],[103.8522779,1.2805024],[103.8523198,1.2804742],[103.8524179,1.280136],[103.8523587,1.2801043],[103.8522084,1.2800731],[103.8521282,1.2804721]]]}},{"type":"Feature","id":393100846,"properties":{"osm_id":393100846,"name":"Maxwell Chambers","height_m":12.8,"height_basis":"levels-estimate","source_id":"osm-cbd-buildings"},"geometry":{"type":"Polygon","coordinates":[[[103.8462996,1.2771021],[103.8463142,1.2769915],[103.846544,1.2770134],[103.8465379,1.2770596],[103.8465792,1.2770596],[103.8466157,1.2770668],[103.8466364,1.2771033],[103.8466364,1.2771446],[103.8466011,1.2771993],[103.8462643,1.2776175],[103.8461174,1.2775149],[103.846099,1.277502],[103.846375,1.2771301],[103.8464358,1.2771374],[103.8464358,1.2771191],[103.8462996,1.2771021]]]}},{"type":"Feature","id":393100849,"properties":{"osm_id":393100849,"name":"Guoco Tower","height_m":30.0,"height_basis":"osm-height","source_id":"osm-cbd-buildings"},"geometry":{"type":"Polygon","coordinates":[[[103.844918,1.2772273],[103.8459771,1.2773107],[103.8460213,1.2768661],[103.8460257,1.2768223],[103.8449853,1.2767189],[103.844918,1.2772273]]]}},{"type":"Feature","id":393100853,"properties":{"osm_id":393100853,"name":"CapitaGreen","height_m":242.0,"height_basis":"osm-height","source_id":"osm-cbd-buildings"},"geometry":{"type":"Polygon","coordinates":[[[103.850081,1.2823198],[103.8497492,1.2817929],[103.8497687,1.281649],[103.8501737,1.281432],[103.8502957,1.2816003],[103.8502713,1.2822149],[103.850081,1.2823198]]]}},{"type":"Feature","id":393118060,"properties":{"osm_id":393118060,"name":"Unnamed building","height_m":16.0,"height_basis":"osm-height","source_id":"osm-cbd-buildings"},"geometry":{"type":"Polygon","coordinates":[[[103.8621814,1.2952645],[103.8621503,1.295541],[103.8619373,1.2955171],[103.8619684,1.2952406],[103.8621814,1.2952645]]]}},{"type":"Feature","id":393118061,"properties":{"osm_id":393118061,"name":"Unnamed building","height_m":16.0,"height_basis":"osm-height","source_id":"osm-cbd-buildings"},"geometry":{"type":"Polygon","coordinates":[[[103.8622042,1.2948595],[103.8622138,1.2947415],[103.8621013,1.2947323],[103.8620917,1.2948504],[103.8622042,1.2948595]]]}},{"type":"Feature","id":393210508,"properties":{"osm_id":393210508,"name":"Suntec City","height_m":20.0,"height_basis":"osm-height","source_id":"osm-cbd-buildings"},"geometry":{"type":"Polygon","coordinates":[[[103.8595896,1.2955117],[103.859768,1.2958227],[103.8600371,1.2956669],[103.8599698,1.2955583],[103.8605717,1.2952105],[103.860714,1.294718],[103.8605229,1.2946614],[103.8605731,1.2946296],[103.8606305,1.2945716],[103.8606466,1.2945351],[103.8606598,1.2945063],[103.8606751,1.2944386],[103.8606673,1.2943539],[103.8606394,1.2942736],[103.8605838,1.294206],[103.8605086,1.2941612],[103.8604222,1.2941436],[103.8603342,1.2941509],[103.8602616,1.2941811],[103.8601974,1.2942372],[103.8601549,1.2943015],[103.8601364,1.2943819],[103.8601338,1.2944535],[103.8601522,1.294527],[103.8601443,1.2945325],[103.860082,1.2944372],[103.859976,1.2945123],[103.8601143,1.2947497],[103.8600571,1.2947382],[103.8599783,1.2947791],[103.8599643,1.2947546],[103.8598983,1.2947932],[103.8597348,1.2948888],[103.8597521,1.2949206],[103.859717,1.2950259],[103.8597855,1.2951453],[103.8598768,1.2953042],[103.8597325,1.295387],[103.8595704,1.29548],[103.8595896,1.2955117]]]}},{"type":"Feature","id":393210509,"properties":{"osm_id":393210509,"name":"Suntec City","height_m":20.0,"height_basis":"osm-height","source_id":"osm-cbd-buildings"},"geometry":{"type":"Polygon","coordinates":[[[103.859768,1.2958227],[103.8596538,1.2958882],[103.8596109,1.2959128],[103.8595484,1.2959487],[103.8594984,1.2959773],[103.8593861,1.2960417],[103.8592077,1.2957306],[103.8593269,1.2956623],[103.8593513,1.2956483],[103.859441,1.2955969],[103.8594832,1.2955727],[103.8595896,1.2955117],[103.859768,1.2958227]]]}},{"type":"Feature","id":393410566,"properties":{"osm_id":393410566,"name":"One Upper Pickering","height_m":12,"height_basis":"illustrative-default","source_id":"osm-cbd-buildings"},"geometry":{"type":"Polygon","coordinates":[[[103.8454241,1.2862976],[103.84551,1.2862519],[103.8455153,1.2862356],[103.8457173,1.2861247],[103.8455724,1.2858617],[103.8454902,1.285907],[103.8453576,1.2859802],[103.8452744,1.286026],[103.8452508,1.286039],[103.8452411,1.2860629],[103.8453796,1.2862885],[103.8454241,1.2862976]]]}},{"type":"Feature","id":395113920,"properties":{"osm_id":395113920,"name":"Old Customs House","height_m":10.0,"height_basis":"osm-height","source_id":"osm-cbd-buildings"},"geometry":{"type":"Polygon","coordinates":[[[103.8531954,1.2824568],[103.8537165,1.28243],[103.8537255,1.2826051],[103.853641,1.2826095],[103.8531998,1.2826322],[103.8531753,1.2826334],[103.8531676,1.2824842],[103.8531968,1.2824827],[103.8531954,1.2824568]]]}},{"type":"Feature","id":395907258,"properties":{"osm_id":395907258,"name":"Unnamed building","height_m":12,"height_basis":"illustrative-default","source_id":"osm-cbd-buildings"},"geometry":{"type":"Polygon","coordinates":[[[103.8593531,1.2830706],[103.8593468,1.283082],[103.8593453,1.2830948],[103.8593486,1.2831074],[103.8593564,1.2831178],[103.8593674,1.2831246],[103.8593803,1.2831268],[103.859393,1.283124],[103.8594038,1.2831167],[103.8594111,1.2831059],[103.8594139,1.2830931],[103.8594113,1.2830793],[103.8594034,1.2830677],[103.8593915,1.2830603],[103.8593776,1.2830582],[103.859364,1.2830618],[103.8593531,1.2830706]]]}},{"type":"Feature","id":406900506,"properties":{"osm_id":406900506,"name":"Asia Square","height_m":20.0,"height_basis":"osm-height","source_id":"osm-cbd-buildings"},"geometry":{"type":"Polygon","coordinates":[[[103.8510883,1.2795478],[103.851014,1.2795296],[103.8505857,1.2788238],[103.8502372,1.2782493],[103.8501975,1.2781839],[103.8502155,1.2781081],[103.8509478,1.2776345],[103.8510242,1.2776486],[103.8511522,1.2778483],[103.8513036,1.2780845],[103.8517317,1.2787527],[103.8518743,1.2789752],[103.8518582,1.2790528],[103.8518504,1.2790578],[103.8511607,1.2795013],[103.8510883,1.2795478]]]}},{"type":"Feature","id":406900756,"properties":{"osm_id":406900756,"name":"Clifford Pier Lighthouse","height_m":12,"height_basis":"illustrative-default","source_id":"osm-cbd-buildings"},"geometry":{"type":"Polygon","coordinates":[[[103.8537052,1.2824368],[103.8536917,1.2824397],[103.8536803,1.2824476],[103.8536728,1.2824593],[103.8536703,1.282473],[103.8536733,1.2824865],[103.8536812,1.2824979],[103.8536929,1.2825054],[103.8537065,1.2825078],[103.8537201,1.2825049],[103.8537315,1.2824969],[103.853739,1.2824853],[103.8537414,1.2824716],[103.8537385,1.2824581],[103.8537305,1.2824467],[103.8537189,1.2824392],[103.8537052,1.2824368]]]}},{"type":"Feature","id":407705505,"properties":{"osm_id":407705505,"name":"One Raffles Place Tower 2","height_m":179.0,"height_basis":"osm-height","source_id":"osm-cbd-buildings"},"geometry":{"type":"Polygon","coordinates":[[[103.8509299,1.2849168],[103.8505187,1.2849584],[103.850502,1.2847932],[103.8504973,1.2847464],[103.8504795,1.2845709],[103.8506128,1.2846733],[103.8507949,1.2848131],[103.8509299,1.2849168]]]}},{"type":"Feature","id":407705559,"properties":{"osm_id":407705559,"name":"One Raffles Place Tower 2","height_m":209.0,"height_basis":"osm-height","source_id":"osm-cbd-buildings"},"geometry":{"type":"Polygon","coordinates":[[[103.8509299,1.2849168],[103.8507949,1.2848131],[103.8506128,1.2846733],[103.8504795,1.2845709],[103.8508906,1.2845293],[103.8509246,1.2848652],[103.8509299,1.2849168]]]}},{"type":"Feature","id":407926380,"properties":{"osm_id":407926380,"name":"Unnamed building","height_m":30.0,"height_basis":"osm-height","source_id":"osm-cbd-buildings"},"geometry":{"type":"Polygon","coordinates":[[[103.8530693,1.2835282],[103.8530836,1.2835142],[103.8530918,1.2834979],[103.8530945,1.2834798],[103.8530915,1.2834618],[103.853083,1.2834456],[103.8530699,1.2834329],[103.8530534,1.2834248],[103.8530353,1.2834223],[103.8530173,1.2834255],[103.8530012,1.2834342],[103.8529886,1.2834475],[103.8529803,1.2834657],[103.8529787,1.2834856],[103.8529839,1.2835049],[103.8529954,1.2835213],[103.8530118,1.2835329],[103.8530311,1.2835381],[103.8530511,1.2835365],[103.8530693,1.2835282]]]}},{"type":"Feature","id":407926393,"properties":{"osm_id":407926393,"name":"Hitachi Tower","height_m":12,"height_basis":"illustrative-default","source_id":"osm-cbd-buildings"},"geometry":{"type":"Polygon","coordinates":[[[103.8525268,1.2843746],[103.8524985,1.2842838],[103.8524782,1.2842165],[103.8524498,1.284128],[103.8524423,1.2840899],[103.8524494,1.2840488],[103.8524726,1.2840164],[103.8525053,1.2839925],[103.8525428,1.2839842],[103.8525845,1.2839921],[103.8526152,1.2840144],[103.8526408,1.2840479],[103.8526892,1.2842245],[103.8527175,1.2843154],[103.8525268,1.2843746]]]}},{"type":"Feature","id":407941850,"properties":{"osm_id":407941850,"name":"Asia Square Tower 1","height_m":12,"height_basis":"illustrative-default","source_id":"osm-cbd-buildings"},"geometry":{"type":"Polygon","coordinates":[[[103.8512407,1.2793773],[103.8514062,1.279273],[103.8515646,1.2791731],[103.8517331,1.279067],[103.851644,1.2789257],[103.8515508,1.2787778],[103.851461,1.2786354],[103.8512925,1.2787416],[103.8511341,1.2788415],[103.8509686,1.2789458],[103.8510584,1.2790882],[103.8511516,1.2792361],[103.8512407,1.2793773]]]}},{"type":"Feature","id":407941851,"properties":{"osm_id":407941851,"name":"Asia Square Tower 2","height_m":12,"height_basis":"illustrative-default","source_id":"osm-cbd-buildings"},"geometry":{"type":"Polygon","coordinates":[[[103.8506957,1.2784917],[103.8508612,1.2783874],[103.8510196,1.2782875],[103.8511881,1.2781814],[103.851099,1.2780401],[103.8510057,1.2778922],[103.8509159,1.2777498],[103.8507475,1.277856],[103.8505877,1.2779559],[103.8504236,1.2780602],[103.8505134,1.2782026],[103.8506066,1.2783505],[103.8506957,1.2784917]]]}},{"type":"Feature","id":407951337,"properties":{"osm_id":407951337,"name":"OUE Link","height_m":15.0,"height_basis":"osm-height","source_id":"osm-cbd-buildings"},"geometry":{"type":"Polygon","coordinates":[[[103.8525933,1.2838138],[103.852927,1.2837039],[103.8529807,1.2836863],[103.8530746,1.2836553],[103.853076,1.2836595],[103.8530906,1.2837039],[103.8531087,1.283759],[103.8526274,1.2839174],[103.8526116,1.2838694],[103.8525933,1.2838138]]]}},{"type":"Feature","id":407955319,"properties":{"osm_id":407955319,"name":"Unnamed building","height_m":69.0,"height_basis":"osm-height","source_id":"osm-cbd-buildings"},"geometry":{"type":"Polygon","coordinates":[[[103.8490738,1.2811875],[103.8489906,1.2810373],[103.848849,1.2811157],[103.8489322,1.2812658],[103.8490738,1.2811875]]]}},{"type":"Feature","id":419656944,"properties":{"osm_id":419656944,"name":"Unnamed building","height_m":5.0,"height_basis":"osm-height","source_id":"osm-cbd-buildings"},"geometry":{"type":"Polygon","coordinates":[[[103.845258,1.2923428],[103.8451431,1.2922808],[103.8451654,1.2922395],[103.8452803,1.2923015],[103.845258,1.2923428]]]}},{"type":"Feature","id":423797940,"properties":{"osm_id":423797940,"name":"Unnamed building","height_m":3.2,"height_basis":"levels-estimate","source_id":"osm-cbd-buildings"},"geometry":{"type":"Polygon","coordinates":[[[103.849648,1.2982251],[103.8495851,1.2981503],[103.8495613,1.2981221],[103.8496015,1.2980881],[103.8496884,1.2981887],[103.849648,1.2982251]]]}},{"type":"Feature","id":423797941,"properties":{"osm_id":423797941,"name":"School of Law & Kwa Geok Choo Library","height_m":30.0,"height_basis":"osm-height","source_id":"osm-cbd-buildings"},"geometry":{"type":"Polygon","coordinates":[[[103.8495581,1.2949158],[103.849432,1.2947289],[103.8491281,1.2949033],[103.8490208,1.2947211],[103.8486168,1.2949696],[103.8486572,1.2950343],[103.8485836,1.2950802],[103.8485618,1.2951167],[103.8485569,1.2951715],[103.8485664,1.2952182],[103.8485896,1.295269],[103.8486156,1.2952985],[103.8486473,1.2953279],[103.848683,1.2953393],[103.8487415,1.2953511],[103.8487959,1.2953385],[103.8488368,1.295313],[103.8488866,1.2953851],[103.8490706,1.2952609],[103.8492198,1.2951674],[103.8495581,1.2949158]]]}},{"type":"Feature","id":424896147,"properties":{"osm_id":424896147,"name":"18 Robinson","height_m":180.0,"height_basis":"osm-height","source_id":"osm-cbd-buildings"},"geometry":{"type":"Polygon","coordinates":[[[103.8508192,1.2819213],[103.8506407,1.282029],[103.8506388,1.282125],[103.8504014,1.2821215],[103.8504072,1.2818186],[103.8504041,1.2816481],[103.8503833,1.2814883],[103.850403,1.2814356],[103.8504957,1.2814099],[103.8508192,1.2819213]]]}},{"type":"Feature","id":427064883,"properties":{"osm_id":427064883,"name":"South Beach Residences","height_m":12,"height_basis":"illustrative-default","source_id":"osm-cbd-buildings"},"geometry":{"type":"Polygon","coordinates":[[[103.8560676,1.29465],[103.856256,1.2945446],[103.8561199,1.2943014],[103.8560961,1.2942588],[103.8559954,1.2940789],[103.8557403,1.2936231],[103.8555519,1.2937284],[103.855807,1.2941843],[103.8559077,1.2943642],[103.8559315,1.2944067],[103.8560676,1.29465]]]}},{"type":"Feature","id":427064886,"properties":{"osm_id":427064886,"name":"South Beach Tower","height_m":12,"height_basis":"illustrative-default","source_id":"osm-cbd-buildings"},"geometry":{"type":"Polygon","coordinates":[[[103.8566119,1.2956818],[103.8565055,1.2955016],[103.8564796,1.2954577],[103.8563708,1.2952733],[103.8561513,1.2954028],[103.8562601,1.2955872],[103.856286,1.295631],[103.8563924,1.2958112],[103.8566119,1.2956818]]]}},{"type":"Feature","id":430500855,"properties":{"osm_id":430500855,"name":"Unnamed building","height_m":12,"height_basis":"illustrative-default","source_id":"osm-cbd-buildings"},"geometry":{"type":"Polygon","coordinates":[[[103.8475288,1.2946811],[103.8476019,1.294689],[103.8476396,1.294693],[103.8476576,1.2945238],[103.847619,1.2945197],[103.8475469,1.294512],[103.8475288,1.2946811]]]}},{"type":"Feature","id":432515092,"properties":{"osm_id":432515092,"name":"Funan","height_m":12,"height_basis":"illustrative-default","source_id":"osm-cbd-buildings"},"geometry":{"type":"Polygon","coordinates":[[[103.8506348,1.291827],[103.8505189,1.2916292],[103.8504159,1.2914535],[103.8503943,1.2914661],[103.8503589,1.2914867],[103.8502724,1.2915373],[103.8500395,1.2916733],[103.8500074,1.2916733],[103.8499973,1.2916556],[103.8498384,1.2917463],[103.8495313,1.2919217],[103.8494418,1.291765],[103.8493288,1.291567],[103.8493118,1.2915373],[103.8492874,1.2914947],[103.8492472,1.2914236],[103.8492339,1.2914009],[103.8495419,1.2912251],[103.8496662,1.2911544],[103.8497281,1.2911189],[103.8497965,1.2911216],[103.8499712,1.2910184],[103.850056,1.2909684],[103.8502452,1.2908567],[103.8503099,1.2909717],[103.8502108,1.2911072],[103.85024,1.2911582],[103.8502527,1.2911805],[103.8504066,1.2911468],[103.8506279,1.2915159],[103.8507409,1.2917072],[103.8506348,1.291827]]]}},{"type":"Feature","id":448084975,"properties":{"osm_id":448084975,"name":"V on Shenton","height_m":25.6,"height_basis":"levels-estimate","source_id":"osm-cbd-buildings"},"geometry":{"type":"Polygon","coordinates":[[[103.8496512,1.2781357],[103.8488437,1.276853],[103.849098,1.276693],[103.8498263,1.2778695],[103.8498534,1.2779119],[103.849871,1.2779394],[103.8498954,1.27798],[103.8496512,1.2781357]]]}},{"type":"Feature","id":452647592,"properties":{"osm_id":452647592,"name":"Unnamed building","height_m":16.0,"height_basis":"osm-height","source_id":"osm-cbd-buildings"},"geometry":{"type":"Polygon","coordinates":[[[103.8632748,1.2957916],[103.8633952,1.295789],[103.8633921,1.2956475],[103.8632717,1.2956501],[103.8632748,1.2957916]]]}},{"type":"Feature","id":452647613,"properties":{"osm_id":452647613,"name":"Unnamed building","height_m":4.0,"height_basis":"osm-height","source_id":"osm-cbd-buildings"},"geometry":{"type":"Polygon","coordinates":[[[103.8633152,1.2906188],[103.8637229,1.2906],[103.863717,1.2904725],[103.8633093,1.2904913],[103.8633152,1.2906188]]]}},{"type":"Feature","id":452647616,"properties":{"osm_id":452647616,"name":"Unnamed building","height_m":4.0,"height_basis":"osm-height","source_id":"osm-cbd-buildings"},"geometry":{"type":"Polygon","coordinates":[[[103.8636505,1.2907233],[103.8636183,1.2909834],[103.863716,1.2909955],[103.8637482,1.2907354],[103.8636505,1.2907233]]]}},{"type":"Feature","id":459176084,"properties":{"osm_id":459176084,"name":"Paradox Singapore Merchant Court at Clarke Quay","height_m":40.0,"height_basis":"osm-height","source_id":"osm-cbd-buildings"},"geometry":{"type":"Polygon","coordinates":[[[103.8452415,1.288821],[103.8452114,1.288786],[103.8452141,1.2887412],[103.8452452,1.2887094],[103.8452144,1.2887066],[103.8452335,1.2884925],[103.8452141,1.2884618],[103.845217,1.2884193],[103.8452504,1.2883859],[103.8452965,1.2883868],[103.8452765,1.2883616],[103.8454455,1.2882273],[103.8454529,1.288193],[103.8454764,1.2881717],[103.8454768,1.2881517],[103.8455241,1.288112],[103.8455544,1.2881159],[103.84565,1.2880353],[103.8456089,1.2879848],[103.8456577,1.2879449],[103.845709,1.2879007],[103.8457226,1.2879181],[103.8457332,1.2879344],[103.8457722,1.2879045],[103.8458087,1.2879051],[103.8458759,1.2879862],[103.845872,1.2880305],[103.8458508,1.288052],[103.8458732,1.2880819],[103.8459263,1.2880869],[103.8459954,1.2881732],[103.8459924,1.2882262],[103.8460121,1.2882498],[103.8460374,1.2882289],[103.8460804,1.2882328],[103.8461456,1.2883132],[103.8461424,1.2883576],[103.8460833,1.2884107],[103.8460538,1.2884113],[103.8460877,1.2884552],[103.8459035,1.2886077],[103.8458663,1.288562],[103.8458528,1.2885722],[103.8458387,1.2887316],[103.8457244,1.2888305],[103.8456918,1.2888586],[103.8456444,1.2888997],[103.8456495,1.2889117],[103.8456499,1.2889311],[103.8456352,1.2889614],[103.8456136,1.2889758],[103.8455681,1.2889734],[103.8455389,1.2889382],[103.8455445,1.288894],[103.8455757,1.2888686],[103.8456176,1.2888687],[103.8455613,1.2888037],[103.8457353,1.2886621],[103.8457407,1.2885804],[103.8457353,1.28858],[103.8456943,1.2885349],[103.8456979,1.2884885],[103.8457179,1.2884716],[103.8457196,1.2884482],[103.8457431,1.2884294],[103.8456171,1.2882757],[103.8455948,1.2882944],[103.8455821,1.288295],[103.8455574,1.2883167],[103.8455148,1.2883144],[103.8453457,1.2884487],[103.8453316,1.288431],[103.8453264,1.288471],[103.8452933,1.2884978],[103.8453553,1.2885033],[103.8453362,1.2887175],[103.8452986,1.2887142],[103.8453263,1.2887484],[103.8453227,1.2887972],[103.8452871,1.2888241],[103.8452415,1.288821]]]}},{"type":"Feature","id":463857949,"properties":{"osm_id":463857949,"name":"Marina One Offices","height_m":12,"height_basis":"illustrative-default","source_id":"osm-cbd-buildings"},"geometry":{"type":"Polygon","coordinates":[[[103.8521196,1.2769053],[103.8521591,1.2769688],[103.8521503,1.2769747],[103.8521352,1.2769502],[103.8521282,1.2769422],[103.8521182,1.2769392],[103.8521109,1.27694],[103.8521034,1.2769447],[103.8520989,1.276951],[103.8520983,1.2769616],[103.8521008,1.2769701],[103.8521171,1.2769958],[103.8521005,1.2770059],[103.8520796,1.2769735],[103.8519885,1.2770293],[103.852012,1.277066],[103.8520643,1.2771532],[103.8520987,1.277132],[103.8521088,1.2771482],[103.8520428,1.2771892],[103.852265,1.2775409],[103.852277,1.2775325],[103.8522949,1.2775201],[103.8524617,1.2777922],[103.8524331,1.2778107],[103.8526535,1.2781666],[103.852715,1.2781269],[103.8527258,1.278145],[103.8526936,1.2781649],[103.8527687,1.2782862],[103.8528642,1.2782271],[103.8528429,1.2781926],[103.8528565,1.2781838],[103.8528791,1.2782178],[103.8528917,1.2782216],[103.8529027,1.2782177],[103.8529095,1.2782083],[103.8529095,1.2781949],[103.8528894,1.2781638],[103.8528991,1.2781579],[103.8529385,1.2782262],[103.8533777,1.2779542],[103.8533141,1.2778554],[103.8533262,1.2778493],[103.8533519,1.2778871],[103.8533636,1.2778949],[103.8533766,1.2778915],[103.8533887,1.2778831],[103.8533889,1.2778701],[103.8533514,1.2778073],[103.8533372,1.2778002],[103.853323,1.277809],[103.8533134,1.2778263],[103.8533174,1.2778352],[103.853307,1.277844],[103.8532301,1.2777178],[103.8532127,1.2777141],[103.8531022,1.2776908],[103.8530399,1.2776659],[103.852995,1.2776462],[103.852915,1.2776414],[103.8528529,1.2776278],[103.8528143,1.2775974],[103.852805,1.2775818],[103.8527849,1.2775477],[103.8527154,1.2774139],[103.8526497,1.277324],[103.8526407,1.2773053],[103.8526227,1.2772682],[103.8526214,1.2771738],[103.8526361,1.2770831],[103.8526841,1.2769892],[103.8526883,1.276981],[103.8527053,1.2769392],[103.8527071,1.2769346],[103.852711,1.2768884],[103.852623,1.2767442],[103.8526352,1.276737],[103.852647,1.2767451],[103.8526628,1.2767455],[103.852672,1.276736],[103.8526767,1.276721],[103.8526373,1.2766589],[103.8526233,1.2766529],[103.8526096,1.2766599],[103.8526022,1.2766736],[103.8526039,1.2766872],[103.8526273,1.276723],[103.8526158,1.2767308],[103.8525554,1.2766377],[103.8521196,1.2769053]]]}},{"type":"Feature","id":463857986,"properties":{"osm_id":463857986,"name":"Unnamed building","height_m":75.0,"height_basis":"osm-height","source_id":"osm-cbd-buildings"},"geometry":{"type":"Polygon","coordinates":[[[103.8517682,1.2820497],[103.851789,1.2820485],[103.8518058,1.2820539],[103.8518262,1.2820628],[103.8517914,1.2820043],[103.8517528,1.282025],[103.8516957,1.2819333],[103.8516569,1.2819563],[103.8514413,1.2820846],[103.851521,1.2822186],[103.8515503,1.2822678],[103.8517314,1.2821591],[103.8517483,1.2821826],[103.851817,1.2821418],[103.8517963,1.2821463],[103.8517748,1.2821471],[103.8517582,1.2821403],[103.8517435,1.282128],[103.8517346,1.2821109],[103.851733,1.2820917],[103.8517388,1.2820733],[103.8517511,1.2820586],[103.8517682,1.2820497]]]}},{"type":"Feature","id":463857989,"properties":{"osm_id":463857989,"name":"Unnamed building","height_m":60.800000000000004,"height_basis":"levels-estimate","source_id":"osm-cbd-buildings"},"geometry":{"type":"Polygon","coordinates":[[[103.8517682,1.2820497],[103.8517511,1.2820586],[103.8517388,1.2820733],[103.851733,1.2820917],[103.8517346,1.2821109],[103.8517435,1.282128],[103.8517582,1.2821403],[103.8517748,1.2821471],[103.8517963,1.2821463],[103.851817,1.2821418],[103.8518256,1.2821207],[103.851832,1.2821017],[103.8518292,1.2820847],[103.8518262,1.2820628],[103.8518058,1.2820539],[103.851789,1.2820485],[103.8517682,1.2820497]]]}},{"type":"Feature","id":463858904,"properties":{"osm_id":463858904,"name":"Marina One Residences - Garden Tower","height_m":141.0,"height_basis":"osm-height","source_id":"osm-cbd-buildings"},"geometry":{"type":"Polygon","coordinates":[[[103.8536239,1.2777815],[103.8537606,1.2777015],[103.8537233,1.2776379],[103.8536868,1.2776593],[103.8536785,1.2776452],[103.8536934,1.2776365],[103.8536731,1.2776018],[103.8537168,1.2775763],[103.8537318,1.2775675],[103.8537503,1.2775992],[103.8537683,1.2775887],[103.8537793,1.2776073],[103.853742,1.2776291],[103.8537772,1.2776891],[103.8538599,1.2776407],[103.8538267,1.277584],[103.8538394,1.2775764],[103.8538422,1.2775748],[103.8538766,1.2776336],[103.8539923,1.2775658],[103.8538748,1.277365],[103.8538284,1.2773921],[103.8538172,1.2773729],[103.8538635,1.2773457],[103.8537631,1.2771741],[103.8537013,1.2772102],[103.8537233,1.2772477],[103.853706,1.2772578],[103.8536974,1.2772431],[103.8536673,1.2772607],[103.8536299,1.2771969],[103.8536603,1.2771791],[103.8536495,1.2771608],[103.8536673,1.2771504],[103.8536897,1.2771888],[103.8537475,1.277155],[103.8536491,1.276987],[103.8535989,1.2770163],[103.8535917,1.2770042],[103.8535894,1.2770055],[103.853551,1.277028],[103.8535594,1.2770424],[103.8535669,1.2770379],[103.8535777,1.2770566],[103.8535584,1.2770678],[103.853566,1.2770808],[103.8535488,1.2770909],[103.8535432,1.2770811],[103.8535307,1.2770884],[103.8535171,1.2770651],[103.8535248,1.2770605],[103.8535179,1.2770486],[103.8534613,1.2770817],[103.8534931,1.2771929],[103.8535284,1.2772644],[103.853589,1.2773506],[103.8535933,1.2773567],[103.8536534,1.27745],[103.8537168,1.2774102],[103.8537056,1.2773885],[103.8537337,1.2773723],[103.8538127,1.2774994],[103.8536591,1.2775866],[103.8536504,1.2775734],[103.8536724,1.2775615],[103.8536333,1.2775002],[103.8535366,1.2775524],[103.8534792,1.2776095],[103.8535171,1.2776771],[103.8535342,1.2776675],[103.8535516,1.2776966],[103.8535319,1.2777083],[103.8535641,1.2777621],[103.8535987,1.2777414],[103.8536239,1.2777815]]]}},{"type":"Feature","id":463858905,"properties":{"osm_id":463858905,"name":"Marina One Residences - Park Tower","height_m":141.0,"height_basis":"osm-height","source_id":"osm-cbd-buildings"},"geometry":{"type":"Polygon","coordinates":[[[103.8528279,1.2764471],[103.8529631,1.2763649],[103.8530015,1.2764278],[103.8529653,1.2764498],[103.8529738,1.2764637],[103.8529885,1.2764548],[103.8530094,1.276489],[103.8530674,1.2764537],[103.8530483,1.2764223],[103.8530663,1.2764115],[103.853055,1.2763931],[103.8530182,1.2764154],[103.852982,1.2763561],[103.8530639,1.2763063],[103.853098,1.2763625],[103.8531135,1.276353],[103.8530781,1.276295],[103.8531926,1.2762253],[103.8533136,1.276424],[103.8532677,1.2764519],[103.8532793,1.2764709],[103.8533252,1.276443],[103.8534287,1.2766129],[103.8533675,1.27665],[103.853345,1.276613],[103.8533279,1.2766234],[103.8533367,1.276638],[103.853307,1.276656],[103.8533455,1.2767193],[103.8533754,1.2767011],[103.8533864,1.2767191],[103.853404,1.2767085],[103.8533809,1.2766705],[103.8534382,1.2766357],[103.8535394,1.276802],[103.8534896,1.2768323],[103.853497,1.2768444],[103.8534567,1.2768688],[103.8534481,1.2768547],[103.8534555,1.2768502],[103.8534442,1.2768318],[103.8534251,1.2768434],[103.8534173,1.2768305],[103.8534003,1.2768409],[103.8534061,1.2768505],[103.8533937,1.2768581],[103.8534078,1.2768811],[103.8534156,1.2768764],[103.8534228,1.2768882],[103.8533668,1.2769223],[103.853284,1.2768417],[103.8532378,1.2767766],[103.8532341,1.2767693],[103.8531874,1.2766756],[103.8531337,1.2765786],[103.8531988,1.2765416],[103.8532126,1.2765617],[103.8532402,1.2765447],[103.8531658,1.2764149],[103.8530126,1.2765051],[103.8530237,1.2765225],[103.8530446,1.2765088],[103.85308,1.2765724],[103.8529881,1.2766327],[103.8529106,1.2766561],[103.8528691,1.2765907],[103.8528856,1.2765802],[103.8528683,1.2765511],[103.8528487,1.2765628],[103.8528166,1.276509],[103.8528512,1.2764883],[103.8528279,1.2764471]]]}},{"type":"Feature","id":463863824,"properties":{"osm_id":463863824,"name":"Robinson Suites","height_m":159.0,"height_basis":"osm-height","source_id":"osm-cbd-buildings"},"geometry":{"type":"Polygon","coordinates":[[[103.8498325,1.2807874],[103.8498575,1.2807892],[103.8499439,1.2809165],[103.849968,1.2809148],[103.8499893,1.2809495],[103.8499521,1.2809907],[103.8498958,1.2810226],[103.8498869,1.2810074],[103.8498263,1.2810422],[103.8497986,1.2809976],[103.8497621,1.281019],[103.8497381,1.281011],[103.8496792,1.2809103],[103.849681,1.2808827],[103.8498325,1.2807874]]]}},{"type":"Feature","id":465136070,"properties":{"osm_id":465136070,"name":"The Lighthouse","height_m":5.0,"height_basis":"osm-height","source_id":"osm-cbd-buildings"},"geometry":{"type":"Polygon","coordinates":[[[103.8477346,1.2921604],[103.8477535,1.2921678],[103.8477739,1.2921687],[103.8477934,1.2921629],[103.8478101,1.2921511],[103.8478219,1.2921346],[103.8478278,1.2921151],[103.847827,1.2920947],[103.8478197,1.2920757],[103.8478065,1.2920601],[103.847789,1.2920497],[103.8477691,1.2920454],[103.8477489,1.2920479],[103.8477305,1.2920568],[103.8477161,1.2920712],[103.8477071,1.2920895],[103.8477045,1.2921097],[103.8477087,1.2921296],[103.8477191,1.2921472],[103.8477346,1.2921604]]]}},{"type":"Feature","id":465136078,"properties":{"osm_id":465136078,"name":"The Flagstaff","height_m":5.0,"height_basis":"osm-height","source_id":"osm-cbd-buildings"},"geometry":{"type":"Polygon","coordinates":[[[103.8476051,1.2917675],[103.8475907,1.2917768],[103.8475803,1.2917904],[103.8475752,1.2918067],[103.847576,1.2918238],[103.8475826,1.2918395],[103.8475942,1.2918521],[103.8476094,1.29186],[103.8476247,1.2918622],[103.8476399,1.2918597],[103.8476535,1.2918525],[103.8476643,1.2918415],[103.8476712,1.2918276],[103.8476734,1.2918124],[103.8476708,1.2917972],[103.8476636,1.2917835],[103.8476526,1.2917728],[103.8476387,1.2917659],[103.8476218,1.2917638],[103.8476051,1.2917675]]]}},{"type":"Feature","id":465136081,"properties":{"osm_id":465136081,"name":"Flutes at the Fort","height_m":20.0,"height_basis":"osm-height","source_id":"osm-cbd-buildings"},"geometry":{"type":"Polygon","coordinates":[[[103.8483159,1.2925237],[103.8483159,1.29234],[103.8484525,1.292337],[103.8484541,1.2923916],[103.8484768,1.2923901],[103.8484768,1.2924751],[103.848451,1.2924766],[103.8484511,1.2925206],[103.8483159,1.2925237]]]}},{"type":"Feature","id":466885625,"properties":{"osm_id":466885625,"name":"Unnamed building","height_m":10.0,"height_basis":"osm-height","source_id":"osm-cbd-buildings"},"geometry":{"type":"Polygon","coordinates":[[[103.8490585,1.2908073],[103.8489833,1.2906926],[103.8491251,1.2905997],[103.8492003,1.2907144],[103.8490585,1.2908073]]]}},{"type":"Feature","id":467465702,"properties":{"osm_id":467465702,"name":"Unnamed building","height_m":12.0,"height_basis":"osm-height","source_id":"osm-cbd-buildings"},"geometry":{"type":"Polygon","coordinates":[[[103.8551514,1.2964688],[103.8551914,1.2964372],[103.8550343,1.2962379],[103.8549943,1.2962694],[103.8551514,1.2964688]]]}},{"type":"Feature","id":467465704,"properties":{"osm_id":467465704,"name":"Unnamed building","height_m":12.0,"height_basis":"osm-height","source_id":"osm-cbd-buildings"},"geometry":{"type":"Polygon","coordinates":[[[103.8551113,1.2965003],[103.8551514,1.2964688],[103.8549943,1.2962694],[103.8549542,1.296301],[103.8551113,1.2965003]]]}},{"type":"Feature","id":467465705,"properties":{"osm_id":467465705,"name":"Unnamed building","height_m":12.0,"height_basis":"osm-height","source_id":"osm-cbd-buildings"},"geometry":{"type":"Polygon","coordinates":[[[103.8550713,1.2965319],[103.8551113,1.2965003],[103.8549542,1.296301],[103.8549142,1.2963325],[103.8550713,1.2965319]]]}},{"type":"Feature","id":467465706,"properties":{"osm_id":467465706,"name":"Unnamed building","height_m":12.0,"height_basis":"osm-height","source_id":"osm-cbd-buildings"},"geometry":{"type":"Polygon","coordinates":[[[103.8550312,1.2965634],[103.8550713,1.2965319],[103.8549142,1.2963325],[103.8548741,1.2963641],[103.8550312,1.2965634]]]}},{"type":"Feature","id":467465707,"properties":{"osm_id":467465707,"name":"Unnamed building","height_m":12.0,"height_basis":"osm-height","source_id":"osm-cbd-buildings"},"geometry":{"type":"Polygon","coordinates":[[[103.8549912,1.296595],[103.8550312,1.2965634],[103.8548741,1.2963641],[103.854834,1.2963956],[103.8549912,1.296595]]]}},{"type":"Feature","id":467465708,"properties":{"osm_id":467465708,"name":"Unnamed building","height_m":12.0,"height_basis":"osm-height","source_id":"osm-cbd-buildings"},"geometry":{"type":"Polygon","coordinates":[[[103.8549511,1.2966265],[103.8549912,1.296595],[103.854834,1.2963956],[103.854794,1.2964271],[103.8549511,1.2966265]]]}},{"type":"Feature","id":467465709,"properties":{"osm_id":467465709,"name":"Unnamed building","height_m":12.0,"height_basis":"osm-height","source_id":"osm-cbd-buildings"},"geometry":{"type":"Polygon","coordinates":[[[103.8549111,1.2966581],[103.8549511,1.2966265],[103.854794,1.2964271],[103.854754,1.2964587],[103.8549111,1.2966581]]]}},{"type":"Feature","id":467465710,"properties":{"osm_id":467465710,"name":"Unnamed building","height_m":12.0,"height_basis":"osm-height","source_id":"osm-cbd-buildings"},"geometry":{"type":"Polygon","coordinates":[[[103.854871,1.2966896],[103.8549111,1.2966581],[103.854754,1.2964587],[103.8547139,1.2964902],[103.854871,1.2966896]]]}},{"type":"Feature","id":467465711,"properties":{"osm_id":467465711,"name":"Unnamed building","height_m":12.0,"height_basis":"osm-height","source_id":"osm-cbd-buildings"},"geometry":{"type":"Polygon","coordinates":[[[103.8548309,1.2967212],[103.854871,1.2966896],[103.8547139,1.2964902],[103.8546739,1.2965218],[103.8548309,1.2967212]]]}},{"type":"Feature","id":474617023,"properties":{"osm_id":474617023,"name":"Unnamed building","height_m":12,"height_basis":"illustrative-default","source_id":"osm-cbd-buildings"},"geometry":{"type":"Polygon","coordinates":[[[103.849005,1.2991429],[103.8490155,1.2991345],[103.8490333,1.2991568],[103.8490568,1.2991381],[103.848985,1.2990482],[103.8489619,1.2990667],[103.848977,1.2990856],[103.8489662,1.2990942],[103.849005,1.2991429]]]}},{"type":"Feature","id":474991675,"properties":{"osm_id":474991675,"name":"Front Hall","height_m":15.0,"height_basis":"osm-height","source_id":"osm-cbd-buildings"},"geometry":{"type":"Polygon","coordinates":[[[103.8506358,1.2895426],[103.8504209,1.2892291],[103.8503786,1.2892581],[103.8504021,1.2892925],[103.8503247,1.2893455],[103.8501941,1.2891546],[103.8502222,1.2891354],[103.8502053,1.2891106],[103.8502457,1.2890831],[103.8500666,1.2888119],[103.8500864,1.2887972],[103.8500123,1.288695],[103.8501501,1.2885923],[103.8503265,1.2888356],[103.8503564,1.2888788],[103.850395,1.2888522],[103.8504834,1.2889944],[103.8505386,1.2889919],[103.8506859,1.2892053],[103.8506305,1.2892457],[103.8507479,1.289407],[103.8507755,1.2894469],[103.8506358,1.2895426]]]}},{"type":"Feature","id":474991676,"properties":{"osm_id":474991676,"name":"Hallpike Public Hall","height_m":1.0,"height_basis":"osm-height","source_id":"osm-cbd-buildings"},"geometry":{"type":"Polygon","coordinates":[[[103.8507479,1.289407],[103.850797,1.2893712],[103.850911,1.2892882],[103.8507951,1.2891259],[103.850705,1.2891914],[103.8506859,1.2892053],[103.8506305,1.2892457],[103.8507479,1.289407]]]}},{"type":"Feature","id":474991677,"properties":{"osm_id":474991677,"name":"Chamber","height_m":15.0,"height_basis":"osm-height","source_id":"osm-cbd-buildings"},"geometry":{"type":"Polygon","coordinates":[[[103.8503265,1.2888356],[103.8507233,1.288562],[103.8507004,1.2885231],[103.8507428,1.2884925],[103.8507146,1.2884535],[103.850743,1.288433],[103.8506716,1.2883343],[103.8506441,1.2883542],[103.8506247,1.2883274],[103.8505454,1.2883846],[103.8505084,1.2883334],[103.8501501,1.2885923],[103.8503265,1.2888356]]]}},{"type":"Feature","id":474991678,"properties":{"osm_id":474991678,"name":"Parliament Secretariat's Office","height_m":15.0,"height_basis":"osm-height","source_id":"osm-cbd-buildings"},"geometry":{"type":"Polygon","coordinates":[[[103.851135,1.2892021],[103.8509459,1.2893371],[103.850911,1.2892882],[103.8507951,1.2891259],[103.8505505,1.2887836],[103.8507396,1.2886486],[103.851135,1.2892021]]]}},{"type":"Feature","id":475065212,"properties":{"osm_id":475065212,"name":"Unnamed building","height_m":12,"height_basis":"illustrative-default","source_id":"osm-cbd-buildings"},"geometry":{"type":"Polygon","coordinates":[[[103.8511159,1.2953156],[103.851144,1.2952904],[103.8512101,1.2953642],[103.8511819,1.2953893],[103.8511159,1.2953156]]]}},{"type":"Feature","id":475075259,"properties":{"osm_id":475075259,"name":"Bencoolen House","height_m":40.0,"height_basis":"osm-height","source_id":"osm-cbd-buildings"},"geometry":{"type":"Polygon","coordinates":[[[103.8497626,1.2988225],[103.8498427,1.2989215],[103.8500643,1.2987387],[103.8499823,1.2986429],[103.8497626,1.2988225]]]}},{"type":"Feature","id":475084282,"properties":{"osm_id":475084282,"name":"Unnamed building","height_m":12,"height_basis":"illustrative-default","source_id":"osm-cbd-buildings"},"geometry":{"type":"Polygon","coordinates":[[[103.8491696,1.2983438],[103.8492027,1.2983769],[103.8492519,1.2983372],[103.8495187,1.2981221],[103.8495093,1.29811],[103.8494971,1.2980958],[103.8491833,1.298333],[103.8491696,1.2983438]]]}},{"type":"Feature","id":475084286,"properties":{"osm_id":475084286,"name":"Unnamed building","height_m":12,"height_basis":"illustrative-default","source_id":"osm-cbd-buildings"},"geometry":{"type":"Polygon","coordinates":[[[103.8494971,1.2980958],[103.8495021,1.2980919],[103.8495133,1.2980884],[103.849521,1.2980886],[103.8495284,1.2980969],[103.8495359,1.2981074],[103.8495536,1.2981282],[103.8496411,1.2982313],[103.8496477,1.2982388],[103.84973,1.298334],[103.8497246,1.2983573],[103.8495187,1.2981221],[103.8495093,1.29811],[103.8494971,1.2980958]]]}},{"type":"Feature","id":475416261,"properties":{"osm_id":475416261,"name":"Unnamed building","height_m":12,"height_basis":"illustrative-default","source_id":"osm-cbd-buildings"},"geometry":{"type":"Polygon","coordinates":[[[103.8518081,1.2936],[103.8518034,1.2935223],[103.8518328,1.2934637],[103.8518701,1.2934769],[103.8518963,1.2935158],[103.8518971,1.2935394],[103.8518785,1.2935783],[103.8518464,1.2935986],[103.8518081,1.2936]]]}},{"type":"Feature","id":475416264,"properties":{"osm_id":475416264,"name":"Unnamed building","height_m":8.0,"height_basis":"osm-height","source_id":"osm-cbd-buildings"},"geometry":{"type":"Polygon","coordinates":[[[103.8514263,1.2928708],[103.8512731,1.2926042],[103.8513319,1.2925609],[103.8513678,1.2925346],[103.8515279,1.2928191],[103.8514896,1.2928401],[103.8514263,1.2928708]]]}},{"type":"Feature","id":479156286,"properties":{"osm_id":479156286,"name":"Taj Authentic Indian Cuisine","height_m":10.0,"height_basis":"osm-height","source_id":"osm-cbd-buildings"},"geometry":{"type":"Polygon","coordinates":[[[103.8456918,1.2832625],[103.8457774,1.283214],[103.8457295,1.2831338],[103.8457011,1.2831497],[103.8456441,1.2831816],[103.8456918,1.2832625]]]}},{"type":"Feature","id":479156287,"properties":{"osm_id":479156287,"name":"Unnamed building","height_m":10.0,"height_basis":"osm-height","source_id":"osm-cbd-buildings"},"geometry":{"type":"Polygon","coordinates":[[[103.8456252,1.2829579],[103.8455336,1.2828135],[103.8454741,1.2828176],[103.8453276,1.2829032],[103.8453515,1.2829442],[103.8454219,1.2829536],[103.8454777,1.2830405],[103.8456252,1.2829579]]]}},{"type":"Feature","id":479156288,"properties":{"osm_id":479156288,"name":"The Chamber","height_m":10.0,"height_basis":"osm-height","source_id":"osm-cbd-buildings"},"geometry":{"type":"Polygon","coordinates":[[[103.8481308,1.2839733],[103.8481162,1.2839907],[103.8481083,1.2840121],[103.8481083,1.2840348],[103.8481161,1.2840562],[103.8481307,1.2840737],[103.8481504,1.2840851],[103.8481578,1.2840864],[103.8481778,1.2840896],[103.8481952,1.2840852],[103.848215,1.2840738],[103.8482296,1.2840564],[103.8482374,1.2840393],[103.8482388,1.2840232],[103.8482339,1.2840025],[103.8482297,1.2839908],[103.8482151,1.2839734],[103.8481954,1.283962],[103.848173,1.283958],[103.8481506,1.2839619],[103.8481308,1.2839733]]]}},{"type":"Feature","id":481661171,"properties":{"osm_id":481661171,"name":"NAFA Campus 1","height_m":19.200000000000003,"height_basis":"levels-estimate","source_id":"osm-cbd-buildings"},"geometry":{"type":"Polygon","coordinates":[[[103.8510011,1.2994356],[103.8508881,1.2992912],[103.8511031,1.2991046],[103.8512241,1.2992497],[103.8510011,1.2994356]]]}},{"type":"Feature","id":484664357,"properties":{"osm_id":484664357,"name":"Unnamed building","height_m":13.0,"height_basis":"osm-height","source_id":"osm-cbd-buildings"},"geometry":{"type":"Polygon","coordinates":[[[103.8501372,1.2928934],[103.8501135,1.2928497],[103.8500871,1.2928009],[103.8504744,1.292591],[103.8505005,1.2926389],[103.8505246,1.2926834],[103.8501372,1.2928934]]]}},{"type":"Feature","id":492114727,"properties":{"osm_id":492114727,"name":"Suntec City","height_m":20.0,"height_basis":"osm-height","source_id":"osm-cbd-buildings"},"geometry":{"type":"Polygon","coordinates":[[[103.8583577,1.2956717],[103.8585352,1.295574],[103.8585789,1.2955499],[103.8586365,1.2955705],[103.8587572,1.2956136],[103.8588155,1.2957198],[103.8589031,1.2958795],[103.8590694,1.2957883],[103.8592014,1.2957159],[103.8592077,1.2957306],[103.8593861,1.2960417],[103.8591233,1.2961939],[103.8590603,1.2960823],[103.85893,1.2961646],[103.8588685,1.2963924],[103.8589536,1.2965551],[103.8584735,1.2964217],[103.8583642,1.2962341],[103.8581136,1.295804],[103.8583577,1.2956717]]]}},{"type":"Feature","id":493590187,"properties":{"osm_id":493590187,"name":"Unnamed building","height_m":10.0,"height_basis":"osm-height","source_id":"osm-cbd-buildings"},"geometry":{"type":"Polygon","coordinates":[[[103.8485483,1.2820391],[103.8484807,1.2819099],[103.8486666,1.2818128],[103.8487052,1.2817926],[103.8487728,1.2819217],[103.8485483,1.2820391]]]}},{"type":"Feature","id":504560585,"properties":{"osm_id":504560585,"name":"Unnamed building","height_m":10.0,"height_basis":"osm-height","source_id":"osm-cbd-buildings"},"geometry":{"type":"Polygon","coordinates":[[[103.8451253,1.2835141],[103.8452437,1.2834858],[103.8452346,1.2834479],[103.8452594,1.283442],[103.8452429,1.2833727],[103.8451962,1.2833839],[103.8451917,1.2833649],[103.8451882,1.28335],[103.8450919,1.2833744],[103.8451253,1.2835141]]]}},{"type":"Feature","id":504562059,"properties":{"osm_id":504562059,"name":"Unnamed building","height_m":10.0,"height_basis":"osm-height","source_id":"osm-cbd-buildings"},"geometry":{"type":"Polygon","coordinates":[[[103.8449717,1.2831096],[103.8449973,1.2831528],[103.8452833,1.2829834],[103.845349,1.2829745],[103.8453515,1.2829442],[103.8453276,1.2829032],[103.8449717,1.2831096]]]}},{"type":"Feature","id":504562060,"properties":{"osm_id":504562060,"name":"Unnamed building","height_m":10.0,"height_basis":"osm-height","source_id":"osm-cbd-buildings"},"geometry":{"type":"Polygon","coordinates":[[[103.845126,1.2807813],[103.8451967,1.2807168],[103.84515,1.2806656],[103.8450793,1.2807301],[103.845126,1.2807813]]]}},{"type":"Feature","id":504562676,"properties":{"osm_id":504562676,"name":"Unnamed building","height_m":12,"height_basis":"illustrative-default","source_id":"osm-cbd-buildings"},"geometry":{"type":"Polygon","coordinates":[[[103.8453817,1.277935],[103.8455279,1.2779451],[103.8455353,1.2778379],[103.8453891,1.2778278],[103.8453817,1.277935]]]}},{"type":"Feature","id":504562678,"properties":{"osm_id":504562678,"name":"Unnamed building","height_m":12,"height_basis":"illustrative-default","source_id":"osm-cbd-buildings"},"geometry":{"type":"Polygon","coordinates":[[[103.8453028,1.2780597],[103.8454428,1.2780643],[103.8454448,1.2780035],[103.8453048,1.2779988],[103.8453028,1.2780597]]]}},{"type":"Feature","id":504809533,"properties":{"osm_id":504809533,"name":"GB Building","height_m":118.4,"height_basis":"levels-estimate","source_id":"osm-cbd-buildings"},"geometry":{"type":"Polygon","coordinates":[[[103.8482043,1.2790718],[103.8482399,1.2790496],[103.8482598,1.2790816],[103.8483395,1.279032],[103.8483155,1.2789935],[103.8483452,1.278975],[103.8482217,1.2787768],[103.8481867,1.2787986],[103.8481559,1.2787491],[103.8479726,1.2784556],[103.8478173,1.2785525],[103.848145,1.2790776],[103.8482043,1.2790718]]]}},{"type":"Feature","id":508994096,"properties":{"osm_id":508994096,"name":"Masjid Jamae (Chulia)","height_m":10.0,"height_basis":"osm-height","source_id":"osm-cbd-buildings"},"geometry":{"type":"Polygon","coordinates":[[[103.8452778,1.2831032],[103.8452606,1.2829972],[103.8452833,1.2829834],[103.845349,1.2829745],[103.8453658,1.2830582],[103.8453269,1.2830723],[103.8453303,1.2830891],[103.8453699,1.2830778],[103.8454678,1.2830572],[103.8455521,1.2830394],[103.845567,1.2831229],[103.8456749,1.2831028],[103.8457033,1.2830869],[103.8457165,1.2831106],[103.8457295,1.2831338],[103.8457011,1.2831497],[103.8456441,1.2831816],[103.8455809,1.2831985],[103.8455957,1.2832751],[103.8454933,1.283297],[103.8455024,1.2833294],[103.8453923,1.2833855],[103.8453703,1.2833461],[103.8454212,1.2833098],[103.8451917,1.2833649],[103.8451882,1.28335],[103.8451385,1.2831367],[103.8452778,1.2831032]]]}},{"type":"Feature","id":509003525,"properties":{"osm_id":509003525,"name":"Unnamed building","height_m":19.0,"height_basis":"osm-height","source_id":"osm-cbd-buildings"},"geometry":{"type":"Polygon","coordinates":[[[103.8542055,1.2787754],[103.853395,1.2793034],[103.8535523,1.2795739],[103.8539425,1.279329],[103.8541069,1.2795908],[103.8537167,1.2798357],[103.8538053,1.2799886],[103.8538203,1.2800143],[103.8540687,1.2804434],[103.853914,1.2800141],[103.8542314,1.2799047],[103.8543788,1.279959],[103.8545117,1.2803282],[103.8552672,1.2798745],[103.8551304,1.2797445],[103.8549305,1.2796453],[103.8550457,1.2794444],[103.8551349,1.2794932],[103.8552926,1.2795796],[103.8548072,1.2788448],[103.8547235,1.2788518],[103.8547454,1.2790159],[103.8547666,1.2791752],[103.854562,1.2792025],[103.8541991,1.2792508],[103.8541522,1.2788987],[103.8542207,1.2788895],[103.8542055,1.2787754]]]}},{"type":"Feature","id":509629456,"properties":{"osm_id":509629456,"name":"Unnamed building","height_m":12,"height_basis":"illustrative-default","source_id":"osm-cbd-buildings"},"geometry":{"type":"Polygon","coordinates":[[[103.8462525,1.296062],[103.8462694,1.2961399],[103.8462026,1.2961544],[103.8461857,1.2960765],[103.8462525,1.296062]]]}},{"type":"Feature","id":510901696,"properties":{"osm_id":510901696,"name":"Downtown Gallery","height_m":39.0,"height_basis":"osm-height","source_id":"osm-cbd-buildings"},"geometry":{"type":"Polygon","coordinates":[[[103.8485671,1.2774845],[103.8487924,1.2773468],[103.8481662,1.2763228],[103.8479408,1.2764605],[103.8481231,1.2767586],[103.8485671,1.2774845]]]}},{"type":"Feature","id":515143394,"properties":{"osm_id":515143394,"name":"Unnamed building","height_m":3.0,"height_basis":"osm-height","source_id":"osm-cbd-buildings"},"geometry":{"type":"Polygon","coordinates":[[[103.8534249,1.2850337],[103.8534564,1.2850227],[103.8534785,1.2850149],[103.8534369,1.2848983],[103.8534068,1.2849038],[103.853382,1.2849171],[103.8534249,1.2850337]]]}},{"type":"Feature","id":530421063,"properties":{"osm_id":530421063,"name":"Visitors Centre","height_m":12,"height_basis":"illustrative-default","source_id":"osm-cbd-buildings"},"geometry":{"type":"Polygon","coordinates":[[[103.8653952,1.2825051],[103.8654689,1.2827813],[103.8654455,1.2829094],[103.8653429,1.2828336],[103.8653013,1.2828229],[103.8652933,1.2828014],[103.8654341,1.2819795],[103.8654399,1.2818432],[103.8655375,1.2818593],[103.8655669,1.281864],[103.8655635,1.2818972],[103.8655326,1.2819102],[103.8655141,1.2819259],[103.8654983,1.2819431],[103.8654864,1.2819688],[103.8654887,1.2820036],[103.8655238,1.2820871],[103.8653952,1.2825051]]]}},{"type":"Feature","id":530421065,"properties":{"osm_id":530421065,"name":"Unnamed building","height_m":7.0,"height_basis":"osm-height","source_id":"osm-cbd-buildings"},"geometry":{"type":"Polygon","coordinates":[[[103.8648692,1.283683],[103.8649895,1.2837044],[103.8650867,1.2837098],[103.8651129,1.2837219],[103.865129,1.28374],[103.8652235,1.2838801],[103.8652262,1.2839035],[103.8651578,1.283872],[103.8650277,1.2838466],[103.8649727,1.2838285],[103.8649426,1.283803],[103.864907,1.2837621],[103.8648692,1.283683]]]}},{"type":"Feature","id":530421066,"properties":{"osm_id":530421066,"name":"Unnamed building","height_m":7.0,"height_basis":"osm-height","source_id":"osm-cbd-buildings"},"geometry":{"type":"Polygon","coordinates":[[[103.8653006,1.2838184],[103.8652711,1.2837681],[103.8652624,1.2837145],[103.8652738,1.283683],[103.8653938,1.2835127],[103.8653938,1.2835603],[103.8653697,1.2836542],[103.8653476,1.2837078],[103.8653006,1.2838184]]]}},{"type":"Feature","id":530421068,"properties":{"osm_id":530421068,"name":"Visitors Centre","height_m":4.0,"height_basis":"osm-height","source_id":"osm-cbd-buildings"},"geometry":{"type":"Polygon","coordinates":[[[103.865571,1.2816862],[103.8655731,1.2818176],[103.8655395,1.2818182],[103.8654328,1.2818151],[103.8654267,1.2817196],[103.865414,1.2816485],[103.8653958,1.2815379],[103.8653689,1.2814312],[103.8653358,1.2813238],[103.8652938,1.281221],[103.8654531,1.28116],[103.8655037,1.2812853],[103.8655406,1.2814017],[103.8655584,1.2815117],[103.865571,1.2816862]]]}},{"type":"Feature","id":539767937,"properties":{"osm_id":539767937,"name":"Plaza Singapura","height_m":22.400000000000002,"height_basis":"levels-estimate","source_id":"osm-cbd-buildings"},"geometry":{"type":"Polygon","coordinates":[[[103.8444459,1.3000773],[103.8444894,1.3000593],[103.8445334,1.3000419],[103.8446257,1.3000054],[103.8448273,1.2999322],[103.8449671,1.2998796],[103.8450325,1.299822],[103.8450986,1.299759],[103.8451087,1.2996894],[103.8450793,1.2996045],[103.8450552,1.2995347],[103.8450644,1.2994562],[103.8451128,1.2994051],[103.8456723,1.2992334],[103.8457401,1.2992495],[103.8457922,1.299303],[103.8458733,1.299571],[103.8459062,1.2996796],[103.8459712,1.2998942],[103.8459579,1.2999523],[103.8459513,1.299981],[103.8459135,1.3000412],[103.8458212,1.3001229],[103.8456146,1.3002587],[103.8454746,1.3003058],[103.8454153,1.3003138],[103.8453363,1.3003115],[103.8452846,1.300269],[103.8452312,1.3001465],[103.8451082,1.3001915],[103.8452623,1.300569],[103.8454237,1.3009643],[103.8454344,1.3009578],[103.8454616,1.3009412],[103.8454748,1.3008996],[103.8454941,1.3008666],[103.845533,1.3008426],[103.8455759,1.3008355],[103.8456198,1.3008468],[103.8456514,1.3008697],[103.8456709,1.300903],[103.8456853,1.300936],[103.8456901,1.3009731],[103.8456865,1.3010108],[103.8456685,1.3010498],[103.8456316,1.3010843],[103.8456315,1.3010991],[103.8453679,1.3014074],[103.8452005,1.3016475],[103.8451044,1.3016813],[103.8444459,1.3000773]]]}},{"type":"Feature","id":560203760,"properties":{"osm_id":560203760,"name":"Unnamed building","height_m":158.0,"height_basis":"osm-height","source_id":"osm-cbd-buildings"},"geometry":{"type":"Polygon","coordinates":[[[103.8506886,1.2811791],[103.8508861,1.2814926],[103.8511285,1.28134],[103.850931,1.2810265],[103.8506886,1.2811791]]]}},{"type":"Feature","id":560229136,"properties":{"osm_id":560229136,"name":"UIC Building , Shenton Way","height_m":123.0,"height_basis":"osm-height","source_id":"osm-cbd-buildings"},"geometry":{"type":"Polygon","coordinates":[[[103.8496313,1.2780865],[103.8493088,1.2775511],[103.8495323,1.2774165],[103.8497058,1.2777045],[103.8498393,1.2779261],[103.8498289,1.2779675],[103.8496313,1.2780865]]]}},{"type":"Feature","id":560240322,"properties":{"osm_id":560240322,"name":"Duo Galleria","height_m":12,"height_basis":"illustrative-default","source_id":"osm-cbd-buildings"},"geometry":{"type":"Polygon","coordinates":[[[103.8574129,1.29962],[103.8576161,1.2994028],[103.8576805,1.2993431],[103.8577261,1.2993109],[103.8578206,1.2992841],[103.8579266,1.2992868],[103.8580166,1.2993149],[103.858102,1.2993474],[103.8581633,1.2993679],[103.8582228,1.299388],[103.858282,1.2994162],[103.8583624,1.2994698],[103.8584536,1.2995395],[103.8585274,1.2996245],[103.8585552,1.2996758],[103.8585614,1.2997109],[103.8585733,1.2997721],[103.8585757,1.2998452],[103.8585661,1.299917],[103.8585388,1.2999753],[103.8583754,1.3001542],[103.8583902,1.3001681],[103.8583034,1.3002582],[103.8582505,1.3001965],[103.8580325,1.300407],[103.858005,1.3003782],[103.8577536,1.3006463],[103.8577563,1.3006778],[103.8577294,1.3006698],[103.8577019,1.3006859],[103.8576798,1.300716],[103.8576691,1.3007884],[103.8577945,1.3009413],[103.8578937,1.3008789],[103.8578944,1.3008434],[103.8579226,1.3007998],[103.8584032,1.3003981],[103.8584107,1.3003373],[103.8584429,1.3002823],[103.8584831,1.3002555],[103.8585251,1.3002112],[103.8585678,1.3001891],[103.8586258,1.3001863],[103.8586788,1.3001911],[103.8587863,1.3000759],[103.8587457,1.3000174],[103.8587406,1.2999304],[103.8587441,1.2998341],[103.8587794,1.2997541],[103.8588364,1.2996984],[103.8589235,1.2996506],[103.8588284,1.2995306],[103.8587954,1.2995457],[103.858745,1.2995413],[103.8587029,1.2995333],[103.8586637,1.2995023],[103.858459,1.2993679],[103.8583611,1.2992982],[103.8582993,1.2992359],[103.8582596,1.2991914],[103.8582466,1.2991215],[103.8582466,1.2990682],[103.8582447,1.2990157],[103.8582468,1.2989602],[103.8580456,1.2987939],[103.8579997,1.2988377],[103.8579468,1.2988704],[103.8578682,1.2988973],[103.8578119,1.2989007],[103.8576293,1.2991067],[103.8574211,1.2993199],[103.8573586,1.2993948],[103.8572574,1.2993116],[103.8571326,1.2994363],[103.8571494,1.2995389],[103.857132,1.2996093],[103.8570421,1.2997004],[103.8569885,1.299752],[103.8569194,1.2997809],[103.8568765,1.2997882],[103.8568214,1.2997744],[103.856786,1.2998165],[103.8569982,1.3000547],[103.8570341,1.3000587],[103.8572594,1.2998492],[103.8572527,1.2998191],[103.8572567,1.2997949],[103.8572728,1.2997614],[103.8574129,1.29962]]]}},{"type":"Feature","id":560240330,"properties":{"osm_id":560240330,"name":"Duo Tower","height_m":12,"height_basis":"illustrative-default","source_id":"osm-cbd-buildings"},"geometry":{"type":"Polygon","coordinates":[[[103.8576293,1.2991067],[103.8578119,1.2989007],[103.8578682,1.2988973],[103.8579468,1.2988704],[103.8579997,1.2988377],[103.8580456,1.2987939],[103.8582468,1.2989602],[103.8582447,1.2990157],[103.8582466,1.2990682],[103.8582466,1.2991215],[103.8582596,1.2991914],[103.8582993,1.2992359],[103.8582228,1.299388],[103.8581633,1.2993679],[103.858102,1.2993474],[103.8580166,1.2993149],[103.8579266,1.2992868],[103.8578206,1.2992841],[103.8577261,1.2993109],[103.8576805,1.2993431],[103.8576161,1.2994028],[103.8574129,1.29962],[103.8572654,1.2994899],[103.8573586,1.2993948],[103.8574211,1.2993199],[103.8576293,1.2991067]]]}},{"type":"Feature","id":560274700,"properties":{"osm_id":560274700,"name":"Parkview Square","height_m":12,"height_basis":"illustrative-default","source_id":"osm-cbd-buildings"},"geometry":{"type":"Polygon","coordinates":[[[103.8576055,1.2997776],[103.8574322,1.2999436],[103.8571947,1.3001774],[103.8571647,1.3001454],[103.8571464,1.3001826],[103.8571463,1.3002212],[103.8571594,1.3002529],[103.8575133,1.3006486],[103.8575405,1.300657],[103.857566,1.3006565],[103.8575943,1.300648],[103.8576215,1.3006304],[103.8575684,1.3005747],[103.8578127,1.3003406],[103.857986,1.3001746],[103.8579116,1.300097],[103.8578485,1.3000311],[103.8578473,1.3000208],[103.8578447,1.2999986],[103.8578334,1.2999624],[103.8578195,1.2999366],[103.8577969,1.2999139],[103.8577683,1.2998924],[103.8577508,1.2998873],[103.8577334,1.2998822],[103.8577051,1.2998816],[103.8576607,1.2998352],[103.8576055,1.2997776]]]}},{"type":"Feature","id":572839866,"properties":{"osm_id":572839866,"name":"Unnamed building","height_m":40.0,"height_basis":"osm-height","source_id":"osm-cbd-buildings"},"geometry":{"type":"Polygon","coordinates":[[[103.8637337,1.2815126],[103.8637062,1.281517],[103.8636824,1.2815314],[103.8636659,1.2815537],[103.863659,1.2815807],[103.8636628,1.2816082],[103.8636767,1.2816323],[103.8636807,1.2816364],[103.863704,1.2816516],[103.8637313,1.2816569],[103.8637585,1.2816515],[103.8637817,1.2816361],[103.8637974,1.2816132],[103.8638032,1.281586],[103.8637983,1.2815586],[103.8637834,1.2815351],[103.8637608,1.281519],[103.8637337,1.2815126]]]}},{"type":"Feature","id":572839870,"properties":{"osm_id":572839870,"name":"Unnamed building","height_m":12,"height_basis":"illustrative-default","source_id":"osm-cbd-buildings"},"geometry":{"type":"Polygon","coordinates":[[[103.8637323,1.2815079],[103.8637034,1.2815129],[103.8636785,1.2815285],[103.8636613,1.2815523],[103.8636545,1.2815809],[103.8636589,1.2816099],[103.863674,1.2816351],[103.863678,1.2816392],[103.8637028,1.281655],[103.8637317,1.2816602],[103.8637604,1.2816541],[103.8637847,1.2816376],[103.863801,1.2816131],[103.8638067,1.2815844],[103.8638012,1.2815555],[103.8637851,1.2815309],[103.863761,1.2815143],[103.8637323,1.2815079]]]}},{"type":"Feature","id":572839873,"properties":{"osm_id":572839873,"name":"Unnamed building","height_m":36.0,"height_basis":"osm-height","source_id":"osm-cbd-buildings"},"geometry":{"type":"Polygon","coordinates":[[[103.8642248,1.2823002],[103.8642124,1.2822805],[103.8641962,1.2822674],[103.8641768,1.2822599],[103.864156,1.2822587],[103.8641358,1.2822639],[103.8641182,1.282275],[103.8641049,1.282291],[103.8640971,1.2823103],[103.8640956,1.2823311],[103.8641006,1.2823513],[103.8641131,1.2823709],[103.8641316,1.282385],[103.8641537,1.282392],[103.864177,1.282391],[103.8641985,1.2823822],[103.8642157,1.2823665],[103.8642265,1.282346],[103.8642296,1.2823229],[103.8642248,1.2823002]]]}},{"type":"Feature","id":572839881,"properties":{"osm_id":572839881,"name":"Unnamed building","height_m":46.0,"height_basis":"osm-height","source_id":"osm-cbd-buildings"},"geometry":{"type":"Polygon","coordinates":[[[103.8640295,1.2818615],[103.8640131,1.2818452],[103.8639941,1.2818322],[103.863973,1.2818229],[103.8639505,1.2818176],[103.8639275,1.2818165],[103.8639046,1.2818197],[103.8638827,1.281827],[103.8638625,1.2818383],[103.8638447,1.281853],[103.86383,1.2818708],[103.8638188,1.2818909],[103.8638114,1.2819128],[103.8638083,1.2819357],[103.8638093,1.2819587],[103.8638146,1.2819812],[103.8638239,1.2820023],[103.863837,1.2820214],[103.8638533,1.2820377],[103.8638724,1.2820507],[103.8638935,1.2820601],[103.8639159,1.2820653],[103.863939,1.2820664],[103.8639619,1.2820632],[103.8639838,1.2820559],[103.8640039,1.2820446],[103.8640217,1.2820299],[103.8640365,1.2820121],[103.8640477,1.2819919],[103.864055,1.28197],[103.8640582,1.2819472],[103.8640571,1.2819242],[103.8640519,1.2819017],[103.8640425,1.2818806],[103.8640295,1.2818615]]]}},{"type":"Feature","id":589579076,"properties":{"osm_id":589579076,"name":"Unnamed building","height_m":12,"height_basis":"illustrative-default","source_id":"osm-cbd-buildings"},"geometry":{"type":"Polygon","coordinates":[[[103.8536337,1.276296],[103.8534875,1.2760573],[103.8533857,1.2761197],[103.8535319,1.2763583],[103.8535553,1.276344],[103.8536337,1.276296]]]}},{"type":"Feature","id":591619300,"properties":{"osm_id":591619300,"name":"Unnamed building","height_m":26.0,"height_basis":"osm-height","source_id":"osm-cbd-buildings"},"geometry":{"type":"Polygon","coordinates":[[[103.8635098,1.2843745],[103.8635044,1.2843859],[103.8635033,1.2843983],[103.8635065,1.2844105],[103.8635136,1.2844208],[103.8635238,1.2844281],[103.8635347,1.2844313],[103.8635461,1.284431],[103.8635568,1.2844272],[103.8635659,1.2844202],[103.8635723,1.2844108],[103.8635754,1.2843998],[103.863575,1.2843884],[103.8635711,1.2843777],[103.8635641,1.2843688],[103.8635546,1.2843624],[103.8635425,1.2843592],[103.86353,1.2843603],[103.8635186,1.2843657],[103.8635098,1.2843745]]]}},{"type":"Feature","id":591619301,"properties":{"osm_id":591619301,"name":"Unnamed building","height_m":26.0,"height_basis":"osm-height","source_id":"osm-cbd-buildings"},"geometry":{"type":"Polygon","coordinates":[[[103.8633015,1.2843378],[103.8632962,1.2843491],[103.863295,1.2843616],[103.8632982,1.2843738],[103.8633053,1.2843841],[103.8633155,1.2843914],[103.8633265,1.2843946],[103.8633379,1.2843943],[103.8633486,1.2843904],[103.8633576,1.2843835],[103.863364,1.2843741],[103.8633672,1.2843631],[103.8633668,1.2843517],[103.8633629,1.284341],[103.8633558,1.2843321],[103.8633464,1.2843257],[103.8633342,1.2843225],[103.8633217,1.2843236],[103.8633104,1.2843289],[103.8633015,1.2843378]]]}},{"type":"Feature","id":591619302,"properties":{"osm_id":591619302,"name":"Unnamed building","height_m":30.0,"height_basis":"osm-height","source_id":"osm-cbd-buildings"},"geometry":{"type":"Polygon","coordinates":[[[103.8635481,1.2841695],[103.8635428,1.2841808],[103.8635416,1.2841933],[103.8635448,1.2842054],[103.8635519,1.2842158],[103.8635621,1.284223],[103.863573,1.2842263],[103.8635844,1.284226],[103.8635952,1.2842221],[103.8636042,1.2842152],[103.8636106,1.2842057],[103.8636137,1.2841948],[103.8636134,1.2841834],[103.8636094,1.2841727],[103.8636024,1.2841637],[103.8635929,1.2841574],[103.8635808,1.2841542],[103.8635683,1.2841553],[103.863557,1.2841606],[103.8635481,1.2841695]]]}},{"type":"Feature","id":611285861,"properties":{"osm_id":611285861,"name":"Shenton House","height_m":80.0,"height_basis":"levels-estimate","source_id":"osm-cbd-buildings"},"geometry":{"type":"Polygon","coordinates":[[[103.850157,1.2789874],[103.8497618,1.2783211],[103.8500235,1.278162],[103.8504294,1.2788203],[103.850157,1.2789874]]]}},{"type":"Feature","id":612174812,"properties":{"osm_id":612174812,"name":"Grand Park City Hall","height_m":12,"height_basis":"illustrative-default","source_id":"osm-cbd-buildings"},"geometry":{"type":"Polygon","coordinates":[[[103.8497717,1.2925108],[103.8499649,1.2928672],[103.8499926,1.2929181],[103.8500151,1.2929596],[103.8500829,1.2930847],[103.8502355,1.293002],[103.8502506,1.2930299],[103.8507267,1.2927719],[103.8506437,1.2926189],[103.8506194,1.2925741],[103.8505936,1.2925264],[103.8504003,1.2921701],[103.8497717,1.2925108]]]}},{"type":"Feature","id":618575237,"properties":{"osm_id":618575237,"name":"Unnamed building","height_m":3.0,"height_basis":"osm-height","source_id":"osm-cbd-buildings"},"geometry":{"type":"Polygon","coordinates":[[[103.8611974,1.2920798],[103.8611575,1.2924628],[103.8611613,1.2927207],[103.8611272,1.2926467],[103.861076,1.2924685],[103.8610741,1.2923358],[103.8611044,1.2921879],[103.8611459,1.2920605],[103.8611974,1.2920798]]]}},{"type":"Feature","id":618575239,"properties":{"osm_id":618575239,"name":"Unnamed building","height_m":3.0,"height_basis":"osm-height","source_id":"osm-cbd-buildings"},"geometry":{"type":"Polygon","coordinates":[[[103.8610867,1.2929786],[103.8611353,1.2931221],[103.8611433,1.2932768],[103.8611441,1.2934091],[103.8610843,1.2935478],[103.8610771,1.2935351],[103.8610835,1.2931659],[103.8610827,1.292989],[103.8610867,1.2929786]]]}},{"type":"Feature","id":618575240,"properties":{"osm_id":618575240,"name":"Unnamed building","height_m":3.0,"height_basis":"osm-height","source_id":"osm-cbd-buildings"},"geometry":{"type":"Polygon","coordinates":[[[103.8610003,1.2936317],[103.8609548,1.2937417],[103.86086,1.2938194],[103.8607955,1.2938403],[103.8607765,1.2937815],[103.8609757,1.2936041],[103.8610003,1.2936317]]]}},{"type":"Feature","id":618575241,"properties":{"osm_id":618575241,"name":"Unnamed building","height_m":3.0,"height_basis":"osm-height","source_id":"osm-cbd-buildings"},"geometry":{"type":"Polygon","coordinates":[[[103.861038,1.2937802],[103.8609459,1.2942123],[103.8608878,1.2941999],[103.860873,1.2941221],[103.8609079,1.2939599],[103.8610044,1.2937936],[103.861038,1.2937802]]]}},{"type":"Feature","id":618575242,"properties":{"osm_id":618575242,"name":"Unnamed building","height_m":3.0,"height_basis":"osm-height","source_id":"osm-cbd-buildings"},"geometry":{"type":"Polygon","coordinates":[[[103.8609211,1.2926743],[103.8609217,1.2927791],[103.8609522,1.2927789],[103.8609516,1.2926741],[103.8609211,1.2926743]]]}},{"type":"Feature","id":620580651,"properties":{"osm_id":620580651,"name":"Unnamed building","height_m":3.0,"height_basis":"osm-height","source_id":"osm-cbd-buildings"},"geometry":{"type":"Polygon","coordinates":[[[103.8590745,1.2865459],[103.8591463,1.2865864],[103.8592174,1.2866126],[103.8593019,1.2866307],[103.8592878,1.2867202],[103.8591973,1.286695],[103.8591148,1.2866662],[103.8590265,1.2866215],[103.8590745,1.2865459]]]}},{"type":"Feature","id":620812487,"properties":{"osm_id":620812487,"name":"Unnamed building","height_m":12,"height_basis":"illustrative-default","source_id":"osm-cbd-buildings"},"geometry":{"type":"Polygon","coordinates":[[[103.8561361,1.2920386],[103.856107,1.2920508],[103.8560397,1.292084],[103.8560576,1.2921417],[103.8561247,1.2921064],[103.8561977,1.292068],[103.8561885,1.2920443],[103.8561811,1.2920172],[103.8561361,1.2920386]]]}},{"type":"Feature","id":627103707,"properties":{"osm_id":627103707,"name":"Fraser Tower","height_m":12,"height_basis":"illustrative-default","source_id":"osm-cbd-buildings"},"geometry":{"type":"Polygon","coordinates":[[[103.8477742,1.2789007],[103.8473906,1.2791287],[103.8471065,1.2792631],[103.8469952,1.2789494],[103.8469671,1.2787751],[103.8469724,1.2787228],[103.84701,1.2787027],[103.8470355,1.2787081],[103.8470569,1.2787389],[103.8470757,1.2787925],[103.8471012,1.2788167],[103.847128,1.2788167],[103.8471861,1.2787848],[103.8471243,1.2786808],[103.8473675,1.2785363],[103.8475079,1.2784528],[103.8477742,1.2789007]]]}},{"type":"Feature","id":627476462,"properties":{"osm_id":627476462,"name":"Unnamed building","height_m":12,"height_basis":"illustrative-default","source_id":"osm-cbd-buildings"},"geometry":{"type":"Polygon","coordinates":[[[103.8469134,1.277698],[103.8469568,1.2776771],[103.8470027,1.2776549],[103.8470998,1.2778289],[103.8470851,1.2778361],[103.847012,1.2778721],[103.8469134,1.277698]]]}},{"type":"Feature","id":627476465,"properties":{"osm_id":627476465,"name":"Unnamed building","height_m":12,"height_basis":"illustrative-default","source_id":"osm-cbd-buildings"},"geometry":{"type":"Polygon","coordinates":[[[103.8470643,1.2772918],[103.8470604,1.2772436],[103.8470566,1.2771963],[103.8471475,1.2771624],[103.8471952,1.2772471],[103.8470643,1.2772918]]]}},{"type":"Feature","id":660596707,"properties":{"osm_id":660596707,"name":"Unnamed building","height_m":5.0,"height_basis":"osm-height","source_id":"osm-cbd-buildings"},"geometry":{"type":"Polygon","coordinates":[[[103.852463,1.2795208],[103.8527715,1.2793272],[103.8527682,1.2793157],[103.8527298,1.2792618],[103.8524214,1.2794553],[103.8524546,1.2795076],[103.852463,1.2795208]]]}},{"type":"Feature","id":660609806,"properties":{"osm_id":660609806,"name":"Unnamed building","height_m":12,"height_basis":"illustrative-default","source_id":"osm-cbd-buildings"},"geometry":{"type":"Polygon","coordinates":[[[103.8623503,1.2886147],[103.8623879,1.288614],[103.8623873,1.288581],[103.8623497,1.2885817],[103.8623503,1.2886147]]]}},{"type":"Feature","id":679027931,"properties":{"osm_id":679027931,"name":"Indian Grill & Bar","height_m":12,"height_basis":"illustrative-default","source_id":"osm-cbd-buildings"},"geometry":{"type":"Polygon","coordinates":[[[103.8505215,1.2802937],[103.8506368,1.280338],[103.8506576,1.280279],[103.850545,1.280238],[103.8505215,1.2802937]]]}},{"type":"Feature","id":679027932,"properties":{"osm_id":679027932,"name":"Kopitiam","height_m":12,"height_basis":"illustrative-default","source_id":"osm-cbd-buildings"},"geometry":{"type":"Polygon","coordinates":[[[103.8508989,1.2807046],[103.8509231,1.2806885],[103.8508976,1.280647],[103.8508714,1.2806617],[103.8508989,1.2807046]]]}},{"type":"Feature","id":679027933,"properties":{"osm_id":679027933,"name":"Unnamed building","height_m":12,"height_basis":"illustrative-default","source_id":"osm-cbd-buildings"},"geometry":{"type":"Polygon","coordinates":[[[103.8508386,1.2806879],[103.850854,1.2806778],[103.8508654,1.280655],[103.85086,1.2806336],[103.8508446,1.2806215],[103.8508265,1.2806222],[103.8508084,1.2806309],[103.8508024,1.2806463],[103.8507983,1.280661],[103.8508071,1.2806785],[103.8508198,1.2806858],[103.8508386,1.2806879]]]}},{"type":"Feature","id":679032154,"properties":{"osm_id":679032154,"name":"OUE Bayfront","height_m":100.0,"height_basis":"osm-height","source_id":"osm-cbd-buildings"},"geometry":{"type":"Polygon","coordinates":[[[103.8525952,1.282757],[103.8528832,1.282628],[103.8528663,1.2826945],[103.8530262,1.2826768],[103.8530522,1.2831785],[103.8528436,1.283269],[103.8525952,1.282757]]]}},{"type":"Feature","id":679034072,"properties":{"osm_id":679034072,"name":"Da Paolo Gastronomia","height_m":12,"height_basis":"illustrative-default","source_id":"osm-cbd-buildings"},"geometry":{"type":"Polygon","coordinates":[[[103.8596784,1.2859344],[103.8596499,1.2859943],[103.8597545,1.2860466],[103.8597746,1.2859898],[103.8596784,1.2859344]]]}},{"type":"Feature","id":679034073,"properties":{"osm_id":679034073,"name":"Bazin","height_m":12,"height_basis":"illustrative-default","source_id":"osm-cbd-buildings"},"geometry":{"type":"Polygon","coordinates":[[[103.8589183,1.2844561],[103.8588707,1.2844792],[103.8589297,1.2845986],[103.8589782,1.2845831],[103.8589183,1.2844561]]]}},{"type":"Feature","id":679034074,"properties":{"osm_id":679034074,"name":"Dallas Cafe & Bar","height_m":12,"height_basis":"illustrative-default","source_id":"osm-cbd-buildings"},"geometry":{"type":"Polygon","coordinates":[[[103.8590549,1.2847499],[103.8590101,1.2847688],[103.8590531,1.284864],[103.8590984,1.2848421],[103.8590549,1.2847499]]]}},{"type":"Feature","id":681693637,"properties":{"osm_id":681693637,"name":"Unnamed building","height_m":30.0,"height_basis":"osm-height","source_id":"osm-cbd-buildings"},"geometry":{"type":"Polygon","coordinates":[[[103.8641291,1.2816284],[103.8641182,1.2816301],[103.8641087,1.2816358],[103.8641021,1.2816446],[103.8640993,1.2816553],[103.8641008,1.2816662],[103.8641063,1.2816758],[103.8641079,1.2816776],[103.8641172,1.2816836],[103.864128,1.2816857],[103.8641388,1.2816835],[103.864148,1.2816775],[103.8641542,1.2816683],[103.8641566,1.2816575],[103.8641547,1.2816467],[103.8641487,1.2816374],[103.8641398,1.2816309],[103.8641291,1.2816284]]]}},{"type":"Feature","id":681695778,"properties":{"osm_id":681695778,"name":"Unnamed building","height_m":36.0,"height_basis":"osm-height","source_id":"osm-cbd-buildings"},"geometry":{"type":"Polygon","coordinates":[[[103.8636615,1.2812721],[103.863649,1.281274],[103.8636383,1.2812806],[103.8636308,1.2812907],[103.8636277,1.2813029],[103.8636294,1.2813153],[103.8636357,1.2813262],[103.8636375,1.2813281],[103.863648,1.2813349],[103.8636604,1.2813373],[103.8636727,1.2813349],[103.8636832,1.2813279],[103.8636903,1.2813176],[103.8636929,1.2813053],[103.8636907,1.2812929],[103.863684,1.2812822],[103.8636737,1.281275],[103.8636615,1.2812721]]]}},{"type":"Feature","id":681695785,"properties":{"osm_id":681695785,"name":"Unnamed building","height_m":17.0,"height_basis":"osm-height","source_id":"osm-cbd-buildings"},"geometry":{"type":"Polygon","coordinates":[[[103.8644149,1.281727],[103.8644057,1.2817284],[103.8643978,1.2817332],[103.8643922,1.2817406],[103.8643898,1.2817495],[103.864391,1.2817586],[103.8643955,1.2817667],[103.864397,1.2817683],[103.8644048,1.2817734],[103.8644139,1.2817752],[103.864423,1.2817734],[103.8644307,1.2817683],[103.864436,1.2817606],[103.8644379,1.2817516],[103.8644363,1.2817425],[103.8644314,1.2817346],[103.8644239,1.2817292],[103.8644149,1.281727]]]}},{"type":"Feature","id":681695788,"properties":{"osm_id":681695788,"name":"Unnamed building","height_m":30.0,"height_basis":"osm-height","source_id":"osm-cbd-buildings"},"geometry":{"type":"Polygon","coordinates":[[[103.8644789,1.2821544],[103.864465,1.2821566],[103.8644529,1.2821639],[103.8644444,1.2821752],[103.8644409,1.2821888],[103.8644428,1.2822028],[103.8644498,1.282215],[103.8644519,1.2822172],[103.8644637,1.2822249],[103.8644776,1.2822276],[103.8644913,1.2822248],[103.8645031,1.2822171],[103.864511,1.2822054],[103.864514,1.2821916],[103.8645116,1.2821778],[103.864504,1.2821659],[103.8644925,1.2821577],[103.8644789,1.2821544]]]}},{"type":"Feature","id":681695795,"properties":{"osm_id":681695795,"name":"Unnamed building","height_m":33.0,"height_basis":"osm-height","source_id":"osm-cbd-buildings"},"geometry":{"type":"Polygon","coordinates":[[[103.8638425,1.2823918],[103.8638272,1.2823942],[103.8638139,1.2824022],[103.8638046,1.2824146],[103.8638008,1.2824296],[103.8638028,1.2824449],[103.8638106,1.2824583],[103.8638128,1.2824608],[103.8638258,1.2824692],[103.863841,1.2824722],[103.8638562,1.2824692],[103.8638691,1.2824606],[103.8638779,1.2824478],[103.8638811,1.2824327],[103.8638784,1.2824174],[103.8638701,1.2824044],[103.8638576,1.2823954],[103.8638425,1.2823918]]]}},{"type":"Feature","id":681695799,"properties":{"osm_id":681695799,"name":"Unnamed building","height_m":33.0,"height_basis":"osm-height","source_id":"osm-cbd-buildings"},"geometry":{"type":"Polygon","coordinates":[[[103.8635911,1.2822418],[103.8635702,1.282245],[103.8635521,1.2822559],[103.8635394,1.2822729],[103.8635342,1.2822934],[103.8635369,1.2823143],[103.8635475,1.2823326],[103.8635506,1.282336],[103.8635683,1.2823475],[103.8635891,1.2823515],[103.8636098,1.2823474],[103.8636275,1.2823358],[103.8636394,1.2823182],[103.8636438,1.2822976],[103.8636402,1.2822768],[103.8636289,1.2822589],[103.8636117,1.2822466],[103.8635911,1.2822418]]]}},{"type":"Feature","id":681695804,"properties":{"osm_id":681695804,"name":"Unnamed building","height_m":33.0,"height_basis":"osm-height","source_id":"osm-cbd-buildings"},"geometry":{"type":"Polygon","coordinates":[[[103.8634673,1.2819593],[103.8634522,1.2819617],[103.8634391,1.2819696],[103.8634299,1.2819818],[103.8634261,1.2819967],[103.8634281,1.2820119],[103.8634357,1.2820251],[103.863438,1.2820276],[103.8634508,1.2820359],[103.8634659,1.2820388],[103.8634809,1.2820359],[103.8634937,1.2820274],[103.8635023,1.2820147],[103.8635055,1.2819998],[103.8635029,1.2819847],[103.8634947,1.2819718],[103.8634822,1.2819628],[103.8634673,1.2819593]]]}},{"type":"Feature","id":686335804,"properties":{"osm_id":686335804,"name":"Unnamed building","height_m":15.0,"height_basis":"osm-height","source_id":"osm-cbd-buildings"},"geometry":{"type":"Polygon","coordinates":[[[103.8621851,1.2901839],[103.8622069,1.2902153],[103.862237,1.2902445],[103.8622803,1.2902671],[103.8623167,1.2902754],[103.8623365,1.2902768],[103.862337,1.2903189],[103.8623443,1.2903546],[103.862361,1.2903912],[103.8623806,1.290422],[103.8624092,1.2904533],[103.8625559,1.2905505],[103.8626994,1.2905059],[103.8626894,1.2904749],[103.8626747,1.2904346],[103.862655,1.290403],[103.8626327,1.2903745],[103.8625438,1.2904493],[103.8625219,1.2904382],[103.8624991,1.2904255],[103.8624799,1.2904106],[103.8624694,1.2903997],[103.8624549,1.2903843],[103.8624375,1.290359],[103.8624252,1.2903262],[103.8624201,1.2902915],[103.8624193,1.2902605],[103.8624416,1.2902428],[103.8624623,1.2902183],[103.8624808,1.290186],[103.8624886,1.290153],[103.8624893,1.2901152],[103.8624701,1.290064],[103.862465,1.2900537],[103.8626602,1.2898635],[103.8626367,1.2898219],[103.8624309,1.2900167],[103.8624017,1.2899971],[103.8623763,1.2899848],[103.8623827,1.289918],[103.8624031,1.2899063],[103.8624116,1.2898851],[103.8624147,1.2898661],[103.8624496,1.2898489],[103.8624214,1.2897718],[103.8623288,1.289808],[103.8623401,1.2898543],[103.8623289,1.2898787],[103.8623313,1.2898943],[103.8623469,1.2899129],[103.8623397,1.2899759],[103.8622897,1.2899767],[103.8622494,1.2899909],[103.8622218,1.2900092],[103.8622025,1.2900288],[103.8621855,1.2900609],[103.8621732,1.2900955],[103.862173,1.290147],[103.8621851,1.2901839]]]}},{"type":"Feature","id":687928339,"properties":{"osm_id":687928339,"name":"SG50 Lattice","height_m":12,"height_basis":"illustrative-default","source_id":"osm-cbd-buildings"},"geometry":{"type":"Polygon","coordinates":[[[103.8607651,1.2811206],[103.8607986,1.281107],[103.8608441,1.2810886],[103.8609132,1.281041],[103.8609441,1.2809988],[103.8609521,1.2809445],[103.8609454,1.2808774],[103.8610098,1.2809411],[103.8610809,1.2809921],[103.8611291,1.2810041],[103.8611728,1.2810028],[103.8612575,1.2810011],[103.8612301,1.2810303],[103.8612235,1.2810482],[103.8612233,1.2810668],[103.8612368,1.2810889],[103.8612569,1.2811107],[103.861279,1.2811292],[103.8613088,1.2811412],[103.8612864,1.2811697],[103.8612578,1.2812029],[103.8612401,1.281229],[103.8612284,1.2812736],[103.861225,1.2813155],[103.8612197,1.2813601],[103.8612083,1.2813383],[103.8612008,1.2813245],[103.8611372,1.2812622],[103.8610969,1.2812445],[103.8610483,1.2812414],[103.8610195,1.2812505],[103.8610017,1.2812576],[103.8609792,1.2812736],[103.8609689,1.281281],[103.8609527,1.2812953],[103.8609343,1.2813115],[103.8609148,1.281348],[103.8609137,1.2812943],[103.8609057,1.2812417],[103.8608874,1.2811994],[103.8608554,1.2811674],[103.8607651,1.2811206]]]}},{"type":"Feature","id":687928356,"properties":{"osm_id":687928356,"name":"Unnamed building","height_m":13.0,"height_basis":"osm-height","source_id":"osm-cbd-buildings"},"geometry":{"type":"Polygon","coordinates":[[[103.8648414,1.2810891],[103.8648283,1.2810934],[103.8648145,1.2810933],[103.8648015,1.2810887],[103.8647907,1.2810801],[103.8647854,1.281072],[103.8647832,1.2810685],[103.8647799,1.281055],[103.8647812,1.2810412],[103.8647869,1.2810286],[103.8647964,1.2810185],[103.8648087,1.2810121],[103.8648224,1.28101],[103.864836,1.2810124],[103.8648481,1.2810192],[103.8648573,1.2810295],[103.8648586,1.2810327],[103.8648626,1.2810422],[103.8648636,1.281056],[103.86486,1.2810693],[103.8648523,1.2810807],[103.8648414,1.2810891]]]}},{"type":"Feature","id":688030342,"properties":{"osm_id":688030342,"name":"Keramat Sultan Iskandar Shah","height_m":12,"height_basis":"illustrative-default","source_id":"osm-cbd-buildings"},"geometry":{"type":"Polygon","coordinates":[[[103.8472603,1.294428],[103.8472593,1.2943189],[103.8473711,1.2943178],[103.8473722,1.2944269],[103.8472603,1.294428]]]}},{"type":"Feature","id":688185418,"properties":{"osm_id":688185418,"name":"Fort Canning Gate","height_m":12,"height_basis":"illustrative-default","source_id":"osm-cbd-buildings"},"geometry":{"type":"Polygon","coordinates":[[[103.84592,1.2949863],[103.8458071,1.295015],[103.8457997,1.2949862],[103.8457935,1.2949616],[103.8459064,1.2949329],[103.8459127,1.2949578],[103.84592,1.2949863]]]}},{"type":"Feature","id":688185423,"properties":{"osm_id":688185423,"name":"Unnamed building","height_m":12,"height_basis":"illustrative-default","source_id":"osm-cbd-buildings"},"geometry":{"type":"Polygon","coordinates":[[[103.8473462,1.2960176],[103.847336,1.2960271],[103.8473232,1.2960327],[103.8473093,1.2960338],[103.8472957,1.2960304],[103.8472839,1.2960228],[103.8472753,1.2960117],[103.8472707,1.2959984],[103.8472708,1.2959843],[103.8472754,1.295971],[103.8472841,1.2959599],[103.8472959,1.2959523],[103.8473096,1.295949],[103.8473235,1.2959503],[103.8473363,1.295956],[103.8473465,1.2959655],[103.847353,1.2959778],[103.8473553,1.2959916],[103.8473529,1.2960054],[103.8473462,1.2960176]]]}},{"type":"Feature","id":688185424,"properties":{"osm_id":688185424,"name":"Unnamed building","height_m":12,"height_basis":"illustrative-default","source_id":"osm-cbd-buildings"},"geometry":{"type":"Polygon","coordinates":[[[103.8476625,1.2959442],[103.8476625,1.2959248],[103.8477154,1.2959247],[103.8477616,1.2959244],[103.8477617,1.2959437],[103.8477148,1.2959441],[103.8476625,1.2959442]]]}},{"type":"Feature","id":688512240,"properties":{"osm_id":688512240,"name":"Memorial to James Brooke Napier","height_m":12,"height_basis":"illustrative-default","source_id":"osm-cbd-buildings"},"geometry":{"type":"Polygon","coordinates":[[[103.8470102,1.2949142],[103.8470569,1.294922],[103.8470641,1.2948788],[103.8470174,1.294871],[103.8470102,1.2949142]]]}},{"type":"Feature","id":690736807,"properties":{"osm_id":690736807,"name":"Capri by Fraser","height_m":10.0,"height_basis":"osm-height","source_id":"osm-cbd-buildings"},"geometry":{"type":"Polygon","coordinates":[[[103.8469873,1.2842355],[103.8468529,1.2840076],[103.8471872,1.2838106],[103.8473216,1.2840386],[103.8469873,1.2842355]]]}},{"type":"Feature","id":692103122,"properties":{"osm_id":692103122,"name":"Singtel Waterfront Theatre","height_m":12,"height_basis":"illustrative-default","source_id":"osm-cbd-buildings"},"geometry":{"type":"Polygon","coordinates":[[[103.8568859,1.2892787],[103.856878,1.2891667],[103.8568775,1.2891595],[103.8568767,1.2891484],[103.8568671,1.2890129],[103.857489,1.288969],[103.8575078,1.2892347],[103.8568859,1.2892787]]]}},{"type":"Feature","id":692228298,"properties":{"osm_id":692228298,"name":"Unnamed building","height_m":4.0,"height_basis":"osm-height","source_id":"osm-cbd-buildings"},"geometry":{"type":"Polygon","coordinates":[[[103.8464028,1.2863627],[103.8464313,1.2863864],[103.8465021,1.2863886],[103.8465454,1.286372],[103.846598,1.2863674],[103.8466066,1.2863397],[103.8466034,1.286311],[103.8466162,1.2862823],[103.8465892,1.2862449],[103.84656,1.286223],[103.8464841,1.2861937],[103.846401,1.286186],[103.84636,1.2862022],[103.8463344,1.2862507],[103.846338,1.2862827],[103.8463301,1.2863095],[103.8463601,1.2863205],[103.8463714,1.2863556],[103.8464028,1.2863627]]]}},{"type":"Feature","id":692228306,"properties":{"osm_id":692228306,"name":"Unnamed building","height_m":10.0,"height_basis":"osm-height","source_id":"osm-cbd-buildings"},"geometry":{"type":"Polygon","coordinates":[[[103.8447286,1.2826014],[103.8452436,1.2823123],[103.8453681,1.2825309],[103.8453226,1.2825568],[103.8452935,1.2825056],[103.8452667,1.2825209],[103.8452509,1.282493],[103.8451422,1.2825549],[103.8451141,1.2825056],[103.845086,1.2824562],[103.8450475,1.2824781],[103.8450585,1.2824974],[103.8449563,1.2825556],[103.8449431,1.2825326],[103.8447497,1.2826422],[103.8447286,1.2826014]]]}},{"type":"Feature","id":692228327,"properties":{"osm_id":692228327,"name":"Unnamed building","height_m":10.0,"height_basis":"osm-height","source_id":"osm-cbd-buildings"},"geometry":{"type":"Polygon","coordinates":[[[103.844995,1.2829292],[103.8449797,1.282882],[103.8450301,1.2828657],[103.8450454,1.282913],[103.844995,1.2829292]]]}},{"type":"Feature","id":692228328,"properties":{"osm_id":692228328,"name":"Unnamed building","height_m":10.0,"height_basis":"osm-height","source_id":"osm-cbd-buildings"},"geometry":{"type":"Polygon","coordinates":[[[103.8448899,1.2827799],[103.8449639,1.2827433],[103.8450137,1.282844],[103.8449397,1.2828806],[103.8448899,1.2827799]]]}},{"type":"Feature","id":692636295,"properties":{"osm_id":692636295,"name":"Siang Cho Keong Temple","height_m":12,"height_basis":"illustrative-default","source_id":"osm-cbd-buildings"},"geometry":{"type":"Polygon","coordinates":[[[103.8465015,1.2799152],[103.8465414,1.2799891],[103.8466564,1.2799271],[103.8466165,1.2798532],[103.8465015,1.2799152]]]}},{"type":"Feature","id":694047464,"properties":{"osm_id":694047464,"name":"CapitaSpring","height_m":12,"height_basis":"illustrative-default","source_id":"osm-cbd-buildings"},"geometry":{"type":"Polygon","coordinates":[[[103.8497415,1.2841209],[103.8497289,1.2840911],[103.8497403,1.2840461],[103.8497713,1.2840187],[103.8497413,1.283998],[103.8500056,1.2835378],[103.8500556,1.2834423],[103.8500801,1.2834317],[103.8501024,1.2834243],[103.8501258,1.2834217],[103.8501492,1.2834211],[103.8501711,1.2834249],[103.850191,1.2834348],[103.8502124,1.2834527],[103.8502315,1.2834666],[103.8502445,1.2834867],[103.8502584,1.2835125],[103.8502583,1.2836399],[103.850258,1.2839711],[103.8502577,1.2843452],[103.8503345,1.2849259],[103.8502934,1.2849984],[103.8502189,1.2850163],[103.850183,1.2849934],[103.8500869,1.2844518],[103.8500605,1.2842781],[103.8499493,1.2841623],[103.8498427,1.2841523],[103.8498031,1.2841627],[103.849767,1.2841524],[103.8497415,1.2841209]]]}},{"type":"Feature","id":699168479,"properties":{"osm_id":699168479,"name":"Unnamed building","height_m":43.0,"height_basis":"osm-height","source_id":"osm-cbd-buildings"},"geometry":{"type":"Polygon","coordinates":[[[103.8496699,1.2906983],[103.8497694,1.2906534],[103.8498256,1.2906304],[103.8499081,1.2905993],[103.8500784,1.2905549],[103.8501836,1.2907414],[103.8501526,1.2907592],[103.8495658,1.2911266],[103.8495419,1.2911394],[103.8495384,1.2911323],[103.8495163,1.2911451],[103.849507,1.2911302],[103.8492342,1.2912982],[103.849158,1.2911259],[103.8492349,1.2910337],[103.8493002,1.290967],[103.8493529,1.2909131],[103.8494109,1.2908654],[103.849422,1.29088],[103.8494383,1.2908884],[103.8494567,1.2908888],[103.8494734,1.2908812],[103.8494852,1.2908671],[103.8494897,1.2908493],[103.849486,1.2908314],[103.8494749,1.2908167],[103.8495948,1.2907323],[103.8496059,1.290747],[103.8496222,1.2907553],[103.8496406,1.2907557],[103.8496573,1.2907482],[103.8496691,1.2907341],[103.8496736,1.2907163],[103.8496699,1.2906983]]]}},{"type":"Feature","id":699183708,"properties":{"osm_id":699183708,"name":"Unnamed building","height_m":13.0,"height_basis":"osm-height","source_id":"osm-cbd-buildings"},"geometry":{"type":"Polygon","coordinates":[[[103.8505246,1.2926834],[103.8505005,1.2926389],[103.8504744,1.292591],[103.8505936,1.2925264],[103.8506194,1.2925741],[103.8506437,1.2926189],[103.8505246,1.2926834]]]}},{"type":"Feature","id":699183709,"properties":{"osm_id":699183709,"name":"Unnamed building","height_m":13.0,"height_basis":"osm-height","source_id":"osm-cbd-buildings"},"geometry":{"type":"Polygon","coordinates":[[[103.8500151,1.2929596],[103.8499926,1.2929181],[103.8499649,1.2928672],[103.8500871,1.2928009],[103.8501135,1.2928497],[103.8501372,1.2928934],[103.8500151,1.2929596]]]}},{"type":"Feature","id":699183710,"properties":{"osm_id":699183710,"name":"Unnamed building","height_m":13.0,"height_basis":"osm-height","source_id":"osm-cbd-buildings"},"geometry":{"type":"Polygon","coordinates":[[[103.8500151,1.2929596],[103.8501372,1.2928934],[103.8505246,1.2926834],[103.8506437,1.2926189],[103.8507267,1.2927719],[103.8502506,1.2930299],[103.8502355,1.293002],[103.8500829,1.2930847],[103.8500151,1.2929596]]]}},{"type":"Feature","id":699183711,"properties":{"osm_id":699183711,"name":"Unnamed building","height_m":13.0,"height_basis":"osm-height","source_id":"osm-cbd-buildings"},"geometry":{"type":"Polygon","coordinates":[[[103.8499649,1.2928672],[103.8500871,1.2928009],[103.8504744,1.292591],[103.8505936,1.2925264],[103.8504003,1.2921701],[103.8497717,1.2925108],[103.8499649,1.2928672]]]}},{"type":"Feature","id":699183715,"properties":{"osm_id":699183715,"name":"Peninsula Shopping Centre","height_m":23.0,"height_basis":"osm-height","source_id":"osm-cbd-buildings"},"geometry":{"type":"Polygon","coordinates":[[[103.8503939,1.291514],[103.8505758,1.2918481],[103.8505421,1.2918664],[103.8497463,1.2922993],[103.8496507,1.2922598],[103.8495397,1.2920327],[103.8495672,1.2919639],[103.8503939,1.291514]]]}},{"type":"Feature","id":713903741,"properties":{"osm_id":713903741,"name":"Unnamed building","height_m":12,"height_basis":"illustrative-default","source_id":"osm-cbd-buildings"},"geometry":{"type":"Polygon","coordinates":[[[103.8463221,1.2833092],[103.8460268,1.2827869],[103.8461425,1.2827146],[103.846317,1.2827693],[103.8463404,1.2826856],[103.8463641,1.2826008],[103.8464191,1.2825721],[103.8469254,1.2827752],[103.8469348,1.2829348],[103.8466918,1.2830729],[103.8463221,1.2833092]]]}},{"type":"Feature","id":713903742,"properties":{"osm_id":713903742,"name":"The Clan Hotel","height_m":10.0,"height_basis":"osm-height","source_id":"osm-cbd-buildings"},"geometry":{"type":"Polygon","coordinates":[[[103.8482208,1.2827613],[103.8481213,1.2825844],[103.8482829,1.2824935],[103.8483825,1.2826705],[103.8482208,1.2827613]]]}},{"type":"Feature","id":719635726,"properties":{"osm_id":719635726,"name":"SMU Connexion","height_m":30.0,"height_basis":"osm-height","source_id":"osm-cbd-buildings"},"geometry":{"type":"Polygon","coordinates":[[[103.8493254,1.2959912],[103.8490296,1.2957508],[103.8489157,1.2956548],[103.8489122,1.2956568],[103.848885,1.295632],[103.8488914,1.2956263],[103.8487671,1.2954865],[103.8487845,1.2954744],[103.8489142,1.2956355],[103.8489242,1.2956298],[103.8490373,1.2957198],[103.8490628,1.2957024],[103.8490436,1.2956786],[103.8490181,1.2956931],[103.8489728,1.295629],[103.8492077,1.2954781],[103.8493515,1.295384],[103.8496217,1.2952089],[103.8496559,1.2952348],[103.849578,1.2953255],[103.8496041,1.2953664],[103.849579,1.2953855],[103.8495546,1.2953516],[103.8494507,1.2955664],[103.8493697,1.2957739],[103.8493333,1.2959432],[103.8493254,1.2959912]]]}},{"type":"Feature","id":719635727,"properties":{"osm_id":719635727,"name":"Innovation Bridge","height_m":6.4,"height_basis":"levels-estimate","source_id":"osm-cbd-buildings"},"geometry":{"type":"Polygon","coordinates":[[[103.8492077,1.2954781],[103.8491274,1.2953519],[103.8490706,1.2952609],[103.8492198,1.2951674],[103.8492811,1.2952632],[103.8493515,1.295384],[103.8492077,1.2954781]]]}},{"type":"Feature","id":723285351,"properties":{"osm_id":723285351,"name":"Unnamed building","height_m":5.0,"height_basis":"osm-height","source_id":"osm-cbd-buildings"},"geometry":{"type":"Polygon","coordinates":[[[103.8488157,1.2957641],[103.848829,1.2957172],[103.8489964,1.2957646],[103.8489831,1.2958114],[103.8488157,1.2957641]]]}},{"type":"Feature","id":723676572,"properties":{"osm_id":723676572,"name":"Masjid Al-Burhani","height_m":13.0,"height_basis":"osm-height","source_id":"osm-cbd-buildings"},"geometry":{"type":"Polygon","coordinates":[[[103.8502137,1.2935418],[103.850192,1.2934999],[103.8501737,1.2934644],[103.8506476,1.2932195],[103.8506876,1.2932969],[103.8502137,1.2935418]]]}},{"type":"Feature","id":724651783,"properties":{"osm_id":724651783,"name":"Bayfront Pavilion","height_m":4.0,"height_basis":"osm-height","source_id":"osm-cbd-buildings"},"geometry":{"type":"Polygon","coordinates":[[[103.8607986,1.281107],[103.8607389,1.2810752],[103.8607013,1.2810363],[103.8606738,1.2809726],[103.86065,1.2808885],[103.8606054,1.2809079],[103.8605072,1.2807105],[103.8605605,1.2806837],[103.8605565,1.2806777],[103.8605496,1.2806782],[103.8605414,1.2806753],[103.8605369,1.2806701],[103.8605367,1.2806591],[103.8605407,1.2806503],[103.860554,1.2806421],[103.8605577,1.2806348],[103.8605578,1.280623],[103.860552,1.2806143],[103.8605442,1.2806106],[103.8605328,1.2806108],[103.8605219,1.2806138],[103.8605154,1.2806287],[103.8605074,1.2806351],[103.8604929,1.2806364],[103.8604849,1.2806311],[103.8604609,1.2805878],[103.8604603,1.2805727],[103.8604693,1.28056],[103.8605872,1.2805346],[103.8606108,1.2805295],[103.8606235,1.2805308],[103.8606363,1.2805439],[103.8607613,1.2806455],[103.8607744,1.2806686],[103.8607815,1.2806978],[103.8607979,1.2807209],[103.8608324,1.2807346],[103.8608639,1.2807393],[103.8609089,1.2807708],[103.860933,1.2808097],[103.8609434,1.2808416],[103.8609407,1.2808875],[103.860927,1.2809337],[103.8608991,1.2809646],[103.86087,1.280985],[103.8608237,1.2809981],[103.8607965,1.2810011],[103.8607872,1.2810108],[103.8607868,1.2810296],[103.8607925,1.2810444],[103.8608441,1.2810886],[103.8607986,1.281107]]]}},{"type":"Feature","id":725743263,"properties":{"osm_id":725743263,"name":"Guoco Midtown Office Tower","height_m":12,"height_basis":"illustrative-default","source_id":"osm-cbd-buildings"},"geometry":{"type":"Polygon","coordinates":[[[103.8576002,1.2973349],[103.8578879,1.2976399],[103.8579159,1.2976696],[103.8579654,1.2976222],[103.8580426,1.2977053],[103.8583512,1.2974114],[103.8582716,1.2973291],[103.8582995,1.2973024],[103.8579772,1.2969675],[103.8578524,1.2970891],[103.8577245,1.2972138],[103.8576268,1.2973089],[103.8576002,1.2973349]]]}},{"type":"Feature","id":725743264,"properties":{"osm_id":725743264,"name":"Guoco Midtown Square","height_m":14.0,"height_basis":"osm-height","source_id":"osm-cbd-buildings"},"geometry":{"type":"Polygon","coordinates":[[[103.8576268,1.2973089],[103.857587,1.2972655],[103.8575424,1.2973081],[103.8574512,1.2973953],[103.8573983,1.2974459],[103.8575264,1.2975779],[103.8574815,1.2976221],[103.8578137,1.2979345],[103.8580426,1.2977053],[103.8579654,1.2976222],[103.8579159,1.2976696],[103.8578879,1.2976399],[103.8576002,1.2973349],[103.8576268,1.2973089]]]}},{"type":"Feature","id":725743265,"properties":{"osm_id":725743265,"name":"Guoco Midtown Network Hub","height_m":12,"height_basis":"illustrative-default","source_id":"osm-cbd-buildings"},"geometry":{"type":"Polygon","coordinates":[[[103.8578524,1.2970891],[103.8579772,1.2969675],[103.8579188,1.2969022],[103.8578802,1.296859],[103.8579042,1.2968358],[103.8577492,1.2966768],[103.8577136,1.2967134],[103.8576954,1.296695],[103.8576705,1.2966698],[103.8575647,1.2967725],[103.8575795,1.2967874],[103.8576859,1.2968955],[103.8577238,1.296934],[103.8577134,1.2969439],[103.8577516,1.2969837],[103.8577927,1.2970267],[103.8578524,1.2970891]]]}},{"type":"Feature","id":725743854,"properties":{"osm_id":725743854,"name":"Midtown Bay","height_m":12,"height_basis":"illustrative-default","source_id":"osm-cbd-buildings"},"geometry":{"type":"Polygon","coordinates":[[[103.8572072,1.2966159],[103.8571679,1.2966494],[103.8569825,1.2963772],[103.856967,1.2963903],[103.8569316,1.2963427],[103.8573234,1.2960643],[103.857344,1.2960497],[103.8574113,1.2961861],[103.857495,1.2963557],[103.857482,1.2963668],[103.8574561,1.296389],[103.8574588,1.2963968],[103.8574678,1.2963933],[103.857475,1.2964146],[103.8574855,1.2964111],[103.8575212,1.296515],[103.8575127,1.2965181],[103.8575227,1.2965471],[103.8574518,1.2965732],[103.8574551,1.2965803],[103.8573519,1.296616],[103.8573543,1.2966227],[103.8572276,1.2966668],[103.8572072,1.2966159]]]}},{"type":"Feature","id":725743855,"properties":{"osm_id":725743855,"name":"Guoco Midtown Market","height_m":12,"height_basis":"illustrative-default","source_id":"osm-cbd-buildings"},"geometry":{"type":"Polygon","coordinates":[[[103.8575647,1.2967725],[103.8576705,1.2966698],[103.8576977,1.2966434],[103.857583,1.2965222],[103.8575293,1.2965418],[103.8575376,1.2965684],[103.8574637,1.2966376],[103.8575398,1.2967113],[103.8575158,1.2967367],[103.8574618,1.2966829],[103.8573523,1.2967878],[103.8574177,1.2968535],[103.8573888,1.2968836],[103.8573705,1.2968651],[103.8572868,1.2969453],[103.8573119,1.2969698],[103.8572825,1.2969976],[103.8574634,1.2971822],[103.85749,1.2971568],[103.8575296,1.2971989],[103.8576138,1.2971172],[103.8575746,1.2970762],[103.8575902,1.2970613],[103.857621,1.297032],[103.8576601,1.2970724],[103.8577516,1.2969837],[103.8577134,1.2969439],[103.8577238,1.296934],[103.8576859,1.2968955],[103.8575795,1.2967874],[103.8575647,1.2967725]]]}},{"type":"Feature","id":728243729,"properties":{"osm_id":728243729,"name":"Marina Bay Financial Centre","height_m":35.0,"height_basis":"osm-height","source_id":"osm-cbd-buildings"},"geometry":{"type":"Polygon","coordinates":[[[103.8541497,1.2804587],[103.8541369,1.2804216],[103.8540687,1.2804434],[103.853395,1.2793034],[103.8539908,1.278985],[103.8541522,1.2788987],[103.8542207,1.2788895],[103.8542055,1.2787754],[103.8543581,1.278755],[103.8543511,1.2787027],[103.8546974,1.2786565],[103.8547454,1.2790159],[103.8547666,1.2791752],[103.8549302,1.2793343],[103.8550457,1.2794444],[103.8551349,1.2794932],[103.8552926,1.2795796],[103.8554375,1.2797619],[103.8552672,1.2798745],[103.8545117,1.2803282],[103.8541497,1.2804587]]]}},{"type":"Feature","id":736992406,"properties":{"osm_id":736992406,"name":"Guoco Midtown II","height_m":6.4,"height_basis":"levels-estimate","source_id":"osm-cbd-buildings"},"geometry":{"type":"Polygon","coordinates":[[[103.857702,1.2984494],[103.8576994,1.2983648],[103.8573602,1.2980424],[103.8572808,1.2980443],[103.8572105,1.2981214],[103.8572714,1.2981961],[103.8570218,1.2983876],[103.8569989,1.2983642],[103.8569329,1.298412],[103.8566792,1.2986876],[103.8562946,1.2991055],[103.8562921,1.2991909],[103.8565906,1.299582],[103.8566648,1.2995856],[103.8571135,1.2990941],[103.8572647,1.2988993],[103.857702,1.2984494]]]}},{"type":"Feature","id":738897381,"properties":{"osm_id":738897381,"name":"Unnamed building","height_m":10.0,"height_basis":"osm-height","source_id":"osm-cbd-buildings"},"geometry":{"type":"Polygon","coordinates":[[[103.8481252,1.2821564],[103.8480691,1.2821331],[103.8479163,1.282221],[103.8480036,1.2823726],[103.8481884,1.2822664],[103.8481768,1.2822461],[103.8481252,1.2821564]]]}},{"type":"Feature","id":739087866,"properties":{"osm_id":739087866,"name":"Maybank Securities","height_m":18.0,"height_basis":"osm-height","source_id":"osm-cbd-buildings"},"geometry":{"type":"Polygon","coordinates":[[[103.8466333,1.287427],[103.8465644,1.2873021],[103.8465388,1.2873149],[103.8465166,1.2872799],[103.846401,1.2873488],[103.846408,1.2873639],[103.8463718,1.287399],[103.8464961,1.2875572],[103.8466964,1.2878121],[103.8467209,1.2877958],[103.8467337,1.2878145],[103.8467909,1.2877806],[103.8467804,1.2877631],[103.8468096,1.2877421],[103.8466508,1.2874585],[103.8466333,1.287427]]]}},{"type":"Feature","id":739513983,"properties":{"osm_id":739513983,"name":"Unnamed building","height_m":96.0,"height_basis":"osm-height","source_id":"osm-cbd-buildings"},"geometry":{"type":"Polygon","coordinates":[[[103.8503938,1.2836317],[103.8506979,1.2836127],[103.8506786,1.2833035],[103.8503744,1.2833224],[103.8503938,1.2836317]]]}},{"type":"Feature","id":742205653,"properties":{"osm_id":742205653,"name":"Parkroyal Collection Marina Bay","height_m":12,"height_basis":"illustrative-default","source_id":"osm-cbd-buildings"},"geometry":{"type":"Polygon","coordinates":[[[103.8568569,1.2919157],[103.8574745,1.29154],[103.8574094,1.2914297],[103.8573589,1.2913442],[103.857163,1.2910125],[103.8569508,1.2911334],[103.8567934,1.2910185],[103.8566311,1.291118],[103.8566203,1.2912972],[103.8566366,1.2914],[103.8561503,1.29168],[103.8563347,1.2922082],[103.8568569,1.2919157]]]}},{"type":"Feature","id":743564832,"properties":{"osm_id":743564832,"name":"Unnamed building","height_m":12,"height_basis":"illustrative-default","source_id":"osm-cbd-buildings"},"geometry":{"type":"Polygon","coordinates":[[[103.8509863,1.2851264],[103.8509904,1.2851639],[103.8510306,1.2851599],[103.8510373,1.2851974],[103.8510722,1.2851934],[103.8510762,1.2852323],[103.8511111,1.2852256],[103.851116,1.2852667],[103.8511512,1.285263],[103.8511604,1.2852512],[103.8511714,1.2852609],[103.8512295,1.2852548],[103.8513356,1.2853425],[103.8512964,1.2850712],[103.8512567,1.2850449],[103.8510717,1.2850664],[103.8509863,1.2851264]]]}},{"type":"Feature","id":743618324,"properties":{"osm_id":743618324,"name":"Unnamed building","height_m":1.0,"height_basis":"osm-height","source_id":"osm-cbd-buildings"},"geometry":{"type":"Polygon","coordinates":[[[103.8554906,1.2930367],[103.8555462,1.2930024],[103.8554655,1.2928726],[103.8554104,1.2929068],[103.8554906,1.2930367]]]}},{"type":"Feature","id":743764345,"properties":{"osm_id":743764345,"name":"Unnamed building","height_m":5.0,"height_basis":"osm-height","source_id":"osm-cbd-buildings"},"geometry":{"type":"Polygon","coordinates":[[[103.8504272,1.2960624],[103.8504461,1.2960475],[103.8504682,1.29603],[103.8505347,1.2961143],[103.8505181,1.2961274],[103.8504937,1.2961466],[103.8504272,1.2960624]]]}},{"type":"Feature","id":746734821,"properties":{"osm_id":746734821,"name":"Unnamed building","height_m":10.0,"height_basis":"osm-height","source_id":"osm-cbd-buildings"},"geometry":{"type":"Polygon","coordinates":[[[103.8462751,1.282272],[103.8463026,1.282284],[103.8463174,1.2822502],[103.8464109,1.2822911],[103.8463972,1.2823224],[103.8464324,1.2823378],[103.8463985,1.2824153],[103.8462422,1.2823469],[103.8462751,1.282272]]]}},{"type":"Feature","id":747734200,"properties":{"osm_id":747734200,"name":"Millenia Walk","height_m":46.5,"height_basis":"osm-height","source_id":"osm-cbd-buildings"},"geometry":{"type":"Polygon","coordinates":[[[103.8589473,1.2930276],[103.858948,1.293038],[103.8588902,1.293041],[103.8588709,1.293042],[103.8588705,1.2930346],[103.8588403,1.2930317],[103.8587972,1.2930273],[103.8587975,1.2930447],[103.8587194,1.2930477],[103.8587104,1.2930273],[103.8585467,1.2930645],[103.8585464,1.2930574],[103.8584502,1.2930614],[103.85843,1.2930621],[103.8584296,1.2930507],[103.8583371,1.2930551],[103.8583378,1.2930681],[103.8582878,1.2930703],[103.8581698,1.2930755],[103.8581601,1.2930427],[103.8581295,1.2929461],[103.8582805,1.2929406],[103.8582793,1.2929179],[103.8584444,1.2929103],[103.8586272,1.2929018],[103.8588125,1.2928926],[103.858811,1.2928588],[103.8591716,1.2928427],[103.8594483,1.2928295],[103.8594411,1.2926741],[103.8594158,1.2921317],[103.8594138,1.292089],[103.8594135,1.2920826],[103.8594129,1.2920682],[103.8594114,1.2920352],[103.8594089,1.2919828],[103.8594078,1.2919594],[103.8594056,1.2919127],[103.859403,1.2918562],[103.8594004,1.2918007],[103.8593974,1.2917361],[103.8594242,1.291735],[103.859685,1.2917237],[103.8596911,1.2916785],[103.8596946,1.2916523],[103.8597054,1.2915726],[103.8598464,1.2915668],[103.8598421,1.2915981],[103.8598351,1.2916481],[103.859826,1.2917176],[103.8598455,1.2917168],[103.8598779,1.2917154],[103.8599118,1.2917139],[103.8600401,1.2917083],[103.8600538,1.2917078],[103.8600698,1.2917071],[103.8601042,1.2917056],[103.8601003,1.29161],[103.8602007,1.2916051],[103.8602557,1.2916291],[103.8603296,1.2916612],[103.8603753,1.2916808],[103.8603767,1.2917123],[103.8604046,1.2917248],[103.860493,1.2917639],[103.8605067,1.292074],[103.8602502,1.2920866],[103.8602066,1.2920887],[103.8600745,1.2921622],[103.859943,1.2922354],[103.8599229,1.2922466],[103.8599103,1.2922536],[103.8599039,1.2922571],[103.8598938,1.2922628],[103.8598405,1.2922925],[103.8598559,1.2926495],[103.859857,1.2926746],[103.8598601,1.2926745],[103.8598673,1.2928489],[103.8597445,1.292918],[103.8597449,1.2929387],[103.8597457,1.292957],[103.8597495,1.293037],[103.8597537,1.2931252],[103.8597584,1.2932242],[103.8597603,1.2932876],[103.8597608,1.2932994],[103.8598049,1.2933783],[103.8598272,1.2933775],[103.8598532,1.2933765],[103.8598666,1.2934006],[103.8598703,1.2934003],[103.8598928,1.2934432],[103.8599042,1.2936869],[103.8598817,1.293688],[103.8598606,1.2936891],[103.8598164,1.2936912],[103.859752,1.2936943],[103.8597177,1.2936959],[103.8596338,1.2937],[103.8596099,1.2937011],[103.8595091,1.293706],[103.8594918,1.2937068],[103.8592927,1.2937165],[103.8592272,1.2937196],[103.8592159,1.2937202],[103.8591815,1.2937218],[103.8593107,1.2932465],[103.8594772,1.2932375],[103.8594636,1.2929522],[103.8593231,1.2929595],[103.8593195,1.2929706],[103.8592122,1.2929575],[103.8592112,1.2929652],[103.8591357,1.2929686],[103.8591377,1.2930279],[103.8590573,1.2930319],[103.8590569,1.2930222],[103.8589473,1.2930276]]]}},{"type":"Feature","id":748685873,"properties":{"osm_id":748685873,"name":"Unnamed building","height_m":15.0,"height_basis":"osm-height","source_id":"osm-cbd-buildings"},"geometry":{"type":"Polygon","coordinates":[[[103.8517288,1.2976515],[103.8516645,1.2975706],[103.8517304,1.2975182],[103.8517948,1.2975991],[103.8517288,1.2976515]]]}},{"type":"Feature","id":748686316,"properties":{"osm_id":748686316,"name":"Unnamed building","height_m":12,"height_basis":"illustrative-default","source_id":"osm-cbd-buildings"},"geometry":{"type":"Polygon","coordinates":[[[103.8523584,1.2974798],[103.8524065,1.2974397],[103.852451,1.2974027],[103.8523884,1.2973276],[103.8523454,1.2973634],[103.8522969,1.2974039],[103.8523584,1.2974798]]]}},{"type":"Feature","id":748904033,"properties":{"osm_id":748904033,"name":"Bayfront Plaza","height_m":3.0,"height_basis":"osm-height","source_id":"osm-cbd-buildings"},"geometry":{"type":"Polygon","coordinates":[[[103.8618108,1.2820662],[103.8618864,1.2820361],[103.861844,1.2819296],[103.8617233,1.2819776],[103.8616409,1.2817707],[103.8616133,1.2817816],[103.8616067,1.281765],[103.8615999,1.2817479],[103.8614036,1.2818261],[103.8613309,1.2818551],[103.8612108,1.2819029],[103.8612158,1.2819156],[103.8612276,1.2819451],[103.861578,1.2818055],[103.8616805,1.2820629],[103.8617216,1.2820465],[103.8617918,1.2820186],[103.8618108,1.2820662]]]}},{"type":"Feature","id":750319792,"properties":{"osm_id":750319792,"name":"Unnamed building","height_m":15.0,"height_basis":"osm-height","source_id":"osm-cbd-buildings"},"geometry":{"type":"Polygon","coordinates":[[[103.8511763,1.2981694],[103.851275,1.2982896],[103.8516226,1.2980045],[103.8515239,1.2978842],[103.8511763,1.2981694]]]}},{"type":"Feature","id":750435173,"properties":{"osm_id":750435173,"name":"Unnamed building","height_m":5.0,"height_basis":"osm-height","source_id":"osm-cbd-buildings"},"geometry":{"type":"Polygon","coordinates":[[[103.8599384,1.293802],[103.8600573,1.2937988],[103.8600549,1.2937074],[103.859936,1.2937105],[103.8599384,1.293802]]]}},{"type":"Feature","id":764327106,"properties":{"osm_id":764327106,"name":"Bar On Chulia","height_m":56.0,"height_basis":"osm-height","source_id":"osm-cbd-buildings"},"geometry":{"type":"Polygon","coordinates":[[[103.8489177,1.2855774],[103.8489788,1.2855448],[103.8489428,1.2854772],[103.8490427,1.2854241],[103.8490102,1.285363],[103.8488378,1.2854547],[103.8488901,1.285553],[103.8489015,1.2855469],[103.8489177,1.2855774]]]}},{"type":"Feature","id":775684170,"properties":{"osm_id":775684170,"name":"KH Kea Building","height_m":32.0,"height_basis":"osm-height","source_id":"osm-cbd-buildings"},"geometry":{"type":"Polygon","coordinates":[[[103.8536213,1.2960306],[103.8537199,1.2961598],[103.8535961,1.2962542],[103.853583,1.296237],[103.8535691,1.2962476],[103.8535502,1.2962228],[103.8535461,1.2962259],[103.8534872,1.2961487],[103.8536062,1.296058],[103.8535986,1.296048],[103.8536213,1.2960306]]]}},{"type":"Feature","id":783586378,"properties":{"osm_id":783586378,"name":"Unnamed building","height_m":30.0,"height_basis":"osm-height","source_id":"osm-cbd-buildings"},"geometry":{"type":"Polygon","coordinates":[[[103.8493333,1.2959432],[103.8494062,1.295935],[103.8494792,1.2959266],[103.8494848,1.2959243],[103.8495044,1.2958507],[103.8494883,1.2958296],[103.8495373,1.2956592],[103.8495455,1.2956688],[103.8495563,1.2956486],[103.8496417,1.2957501],[103.8496742,1.2957231],[103.8496486,1.2956906],[103.849685,1.2956604],[103.8497103,1.2956933],[103.8497464,1.2956634],[103.8496225,1.2955108],[103.8496321,1.295492],[103.8496289,1.2954891],[103.8496425,1.2954633],[103.8496362,1.2954558],[103.8496017,1.2954139],[103.849579,1.2953855],[103.8495546,1.2953516],[103.8494507,1.2955664],[103.8493697,1.2957739],[103.8493333,1.2959432]]]}},{"type":"Feature","id":821764692,"properties":{"osm_id":821764692,"name":"Apple Marina Bay Sands","height_m":5.0,"height_basis":"osm-height","source_id":"osm-cbd-buildings"},"geometry":{"type":"Polygon","coordinates":[[[103.8577088,1.2833834],[103.8576847,1.2834245],[103.8576488,1.2834557],[103.8576047,1.2834739],[103.8575612,1.2834774],[103.8575185,1.2834679],[103.8574805,1.2834464],[103.8574505,1.2834146],[103.8574312,1.2833755],[103.8574241,1.2833324],[103.8574301,1.2832891],[103.8574485,1.2832495],[103.8574808,1.2832145],[103.8575226,1.2831917],[103.8575695,1.2831834],[103.8576166,1.2831905],[103.857659,1.2832123],[103.8576922,1.2832465],[103.8577127,1.2832894],[103.8577184,1.2833367],[103.8577088,1.2833834]]]}},{"type":"Feature","id":824481778,"properties":{"osm_id":824481778,"name":"Bencoolen","height_m":12,"height_basis":"illustrative-default","source_id":"osm-cbd-buildings"},"geometry":{"type":"Polygon","coordinates":[[[103.8496411,1.2982313],[103.8495536,1.2981282],[103.8496162,1.2980747],[103.8497011,1.2981773],[103.8497791,1.2981069],[103.8493852,1.2976126],[103.8494493,1.297556],[103.8498333,1.298058],[103.8501679,1.2984613],[103.8507881,1.2992088],[103.8510426,1.2989856],[103.8511757,1.2991401],[103.8509074,1.2993738],[103.850761,1.2994833],[103.8507299,1.2994489],[103.8507022,1.2994707],[103.8496411,1.2982313]]]}},{"type":"Feature","id":827847308,"properties":{"osm_id":827847308,"name":"Unnamed building","height_m":18.0,"height_basis":"osm-height","source_id":"osm-cbd-buildings"},"geometry":{"type":"Polygon","coordinates":[[[103.860369,1.2834367],[103.8603412,1.2833768],[103.86028,1.2832086],[103.8601414,1.2830212],[103.8604802,1.2827859],[103.8607815,1.2832456],[103.860369,1.2834367]]]}},{"type":"Feature","id":827847309,"properties":{"osm_id":827847309,"name":"Unnamed building","height_m":13.0,"height_basis":"osm-height","source_id":"osm-cbd-buildings"},"geometry":{"type":"Polygon","coordinates":[[[103.8607721,1.2842924],[103.8606018,1.2839324],[103.860892,1.2837988],[103.8610409,1.2842163],[103.8607721,1.2842924]]]}},{"type":"Feature","id":827855854,"properties":{"osm_id":827855854,"name":"Unnamed building","height_m":6.0,"height_basis":"osm-height","source_id":"osm-cbd-buildings"},"geometry":{"type":"Polygon","coordinates":[[[103.8594916,1.2864798],[103.8595328,1.2864316],[103.8595641,1.2863833],[103.8595158,1.2863364],[103.8594872,1.2862955],[103.8593233,1.286154],[103.8592831,1.2861828],[103.8591872,1.2862251],[103.859216,1.2863588],[103.8592274,1.2863793],[103.8592231,1.2864171],[103.8591949,1.2864594],[103.8592811,1.2864423],[103.8593736,1.2863994],[103.8594051,1.2864175],[103.8594447,1.2864383],[103.8594916,1.2864798]]]}},{"type":"Feature","id":852006684,"properties":{"osm_id":852006684,"name":"Unnamed building","height_m":12,"height_basis":"illustrative-default","source_id":"osm-cbd-buildings"},"geometry":{"type":"Polygon","coordinates":[[[103.8498276,1.2810392],[103.8499498,1.2809598],[103.8498457,1.2807924],[103.8497219,1.2808693],[103.8498276,1.2810392]]]}},{"type":"Feature","id":852006883,"properties":{"osm_id":852006883,"name":"One Raffles Place Tower 2","height_m":12,"height_basis":"illustrative-default","source_id":"osm-cbd-buildings"},"geometry":{"type":"Polygon","coordinates":[[[103.8506332,1.2848355],[103.8507949,1.2848131],[103.8507727,1.284637],[103.8506128,1.2846733],[103.8506332,1.2848355]]]}},{"type":"Feature","id":862677194,"properties":{"osm_id":862677194,"name":"Unnamed building","height_m":16.0,"height_basis":"osm-height","source_id":"osm-cbd-buildings"},"geometry":{"type":"Polygon","coordinates":[[[103.8610523,1.2819431],[103.8611151,1.2818911],[103.8611342,1.2818414],[103.8611325,1.2817908],[103.8611104,1.2817365],[103.8610668,1.2816933],[103.8610037,1.2816457],[103.8609602,1.2815827],[103.8609327,1.2815123],[103.8609333,1.2814359],[103.8609568,1.2813708],[103.8609615,1.2813252],[103.8609527,1.2812953],[103.8609689,1.281281],[103.8609792,1.2812736],[103.860995,1.2813098],[103.8609917,1.2813728],[103.8609856,1.2814271],[103.8609843,1.2814761],[103.860997,1.2815176],[103.861042,1.2815652],[103.8610547,1.2815525],[103.8610239,1.2815217],[103.8610031,1.2814701],[103.8610011,1.2814285],[103.8610118,1.2813728],[103.8610138,1.2813152],[103.8610017,1.2812576],[103.8610195,1.2812505],[103.8610483,1.2812414],[103.8610969,1.2812445],[103.8611372,1.2812622],[103.8612008,1.2813245],[103.8611932,1.2813574],[103.8611714,1.2813842],[103.861161,1.2814127],[103.8611694,1.2814607],[103.8611915,1.2814882],[103.8612274,1.2815016],[103.8612646,1.2814962],[103.8612448,1.2814835],[103.8612807,1.2814399],[103.8612901,1.2814111],[103.8612847,1.2813708],[103.861286,1.2813407],[103.8613028,1.2813185],[103.8613337,1.2813112],[103.8613585,1.2813125],[103.8613779,1.2813306],[103.8613893,1.2813407],[103.8613953,1.281334],[103.8613873,1.2813152],[103.8613873,1.2812844],[103.8613974,1.2812595],[103.8614248,1.2812408],[103.8614946,1.2812334],[103.8615637,1.2812495],[103.8616166,1.281275],[103.8616616,1.2813286],[103.8616917,1.2813997],[103.8616937,1.281468],[103.8616763,1.2815384],[103.8616434,1.2815706],[103.8615952,1.2815827],[103.8615248,1.2815954],[103.8614825,1.2816216],[103.8614523,1.2816718],[103.8614036,1.2818261],[103.8613309,1.2818551],[103.8613065,1.2818388],[103.8612753,1.2818357],[103.8612545,1.2818435],[103.8612337,1.2818656],[103.8612108,1.2819029],[103.8612158,1.2819156],[103.8612276,1.2819451],[103.8611111,1.2819919],[103.8610779,1.2820053],[103.8610653,1.2819747],[103.8610523,1.2819431]]]}},{"type":"Feature","id":862677196,"properties":{"osm_id":862677196,"name":"Unnamed building","height_m":12,"height_basis":"illustrative-default","source_id":"osm-cbd-buildings"},"geometry":{"type":"Polygon","coordinates":[[[103.8612941,1.2769724],[103.8613571,1.2769315],[103.8613256,1.276883],[103.8612626,1.2769239],[103.8612941,1.2769724]]]}},{"type":"Feature","id":862677197,"properties":{"osm_id":862677197,"name":"Unnamed building","height_m":12,"height_basis":"illustrative-default","source_id":"osm-cbd-buildings"},"geometry":{"type":"Polygon","coordinates":[[[103.8613618,1.2770656],[103.8614144,1.2770369],[103.8613863,1.2769853],[103.8613337,1.277014],[103.8613618,1.2770656]]]}},{"type":"Feature","id":862677198,"properties":{"osm_id":862677198,"name":"Unnamed building","height_m":12,"height_basis":"illustrative-default","source_id":"osm-cbd-buildings"},"geometry":{"type":"Polygon","coordinates":[[[103.8610346,1.2771253],[103.8610995,1.2772345],[103.8612665,1.2771353],[103.8612016,1.2770261],[103.8610346,1.2771253]]]}},{"type":"Feature","id":876007713,"properties":{"osm_id":876007713,"name":"KADA","height_m":9.600000000000001,"height_basis":"levels-estimate","source_id":"osm-cbd-buildings"},"geometry":{"type":"Polygon","coordinates":[[[103.8452698,1.2807062],[103.8451746,1.2806162],[103.8450667,1.280515],[103.8452054,1.2803725],[103.8452327,1.2803546],[103.8452622,1.2803518],[103.8452838,1.2803532],[103.8453021,1.2803642],[103.8453176,1.2803763],[103.8453292,1.2803942],[103.8453398,1.2804198],[103.8453439,1.2804403],[103.8453429,1.2804584],[103.8452698,1.2807062]]]}},{"type":"Feature","id":878096841,"properties":{"osm_id":878096841,"name":"Unnamed building","height_m":12,"height_basis":"illustrative-default","source_id":"osm-cbd-buildings"},"geometry":{"type":"Polygon","coordinates":[[[103.853119,1.2930566],[103.8531032,1.293032],[103.8532638,1.2929294],[103.8532796,1.2929541],[103.853119,1.2930566]]]}},{"type":"Feature","id":878100291,"properties":{"osm_id":878100291,"name":"Unnamed building","height_m":12,"height_basis":"illustrative-default","source_id":"osm-cbd-buildings"},"geometry":{"type":"Polygon","coordinates":[[[103.8510269,1.293715],[103.8511505,1.2938953],[103.8516471,1.293557],[103.8516743,1.293419],[103.8515497,1.2932],[103.851357,1.293275],[103.8514325,1.2934064],[103.8514209,1.2934887],[103.8510269,1.293715]]]}},{"type":"Feature","id":886129429,"properties":{"osm_id":886129429,"name":"Unnamed building","height_m":12,"height_basis":"illustrative-default","source_id":"osm-cbd-buildings"},"geometry":{"type":"Polygon","coordinates":[[[103.8644901,1.2815771],[103.8644015,1.2814895],[103.8643052,1.2813543],[103.8642174,1.2812089],[103.8642579,1.2811819],[103.8643694,1.2814059],[103.8643842,1.2814339],[103.8645066,1.2815608],[103.8644901,1.2815771]]]}},{"type":"Feature","id":934538830,"properties":{"osm_id":934538830,"name":"Soho 2 @ Central","height_m":9.600000000000001,"height_basis":"levels-estimate","source_id":"osm-cbd-buildings"},"geometry":{"type":"Polygon","coordinates":[[[103.8462317,1.2883431],[103.8461932,1.2883001],[103.8458758,1.2879459],[103.8458256,1.2878898],[103.8459268,1.2877992],[103.846005,1.2877292],[103.8464111,1.2881825],[103.8463697,1.2882196],[103.8463376,1.2882483],[103.8462721,1.288307],[103.8462317,1.2883431]]]}},{"type":"Feature","id":935032527,"properties":{"osm_id":935032527,"name":"Siakson Building","height_m":16.0,"height_basis":"levels-estimate","source_id":"osm-cbd-buildings"},"geometry":{"type":"Polygon","coordinates":[[[103.8529304,1.2967921],[103.8529916,1.2967428],[103.8530235,1.2967824],[103.8530538,1.2968199],[103.8529927,1.2968692],[103.8529304,1.2967921]]]}},{"type":"Feature","id":939684168,"properties":{"osm_id":939684168,"name":"Singapore Land Tower","height_m":12.8,"height_basis":"levels-estimate","source_id":"osm-cbd-buildings"},"geometry":{"type":"Polygon","coordinates":[[[103.8517462,1.2847448],[103.85172,1.2844432],[103.8522497,1.2843527],[103.8522738,1.2845096],[103.8523395,1.2845122],[103.852381,1.284946],[103.8520499,1.2849667],[103.851766,1.2847431],[103.8517462,1.2847448]]]}},{"type":"Feature","id":950300571,"properties":{"osm_id":950300571,"name":"Unnamed building","height_m":12,"height_basis":"illustrative-default","source_id":"osm-cbd-buildings"},"geometry":{"type":"Polygon","coordinates":[[[103.8456157,1.2924761],[103.845559,1.2924092],[103.8457813,1.2922212],[103.845838,1.2922882],[103.8456157,1.2924761]]]}},{"type":"Feature","id":950300572,"properties":{"osm_id":950300572,"name":"Unnamed building","height_m":12,"height_basis":"illustrative-default","source_id":"osm-cbd-buildings"},"geometry":{"type":"Polygon","coordinates":[[[103.8459025,1.2922227],[103.8458559,1.2921798],[103.8458778,1.292156],[103.8458358,1.2921174],[103.8458781,1.2920714],[103.845912,1.2921026],[103.8460107,1.2919953],[103.8460654,1.2920456],[103.8459025,1.2922227]]]}},{"type":"Feature","id":950300573,"properties":{"osm_id":950300573,"name":"Unnamed building","height_m":12,"height_basis":"illustrative-default","source_id":"osm-cbd-buildings"},"geometry":{"type":"Polygon","coordinates":[[[103.8461309,1.2919808],[103.8460611,1.2919374],[103.8461712,1.2917606],[103.8462409,1.291804],[103.8461309,1.2919808]]]}},{"type":"Feature","id":980460879,"properties":{"osm_id":980460879,"name":"lyf Funan Singapore","height_m":51.9,"height_basis":"osm-height","source_id":"osm-cbd-buildings"},"geometry":{"type":"Polygon","coordinates":[[[103.8493288,1.291567],[103.8492472,1.2914236],[103.8492339,1.2914009],[103.8495419,1.2912251],[103.8498384,1.2917463],[103.8495313,1.2919217],[103.8494418,1.291765],[103.8496151,1.2916669],[103.849502,1.2914689],[103.8493288,1.291567]]]}},{"type":"Feature","id":982208179,"properties":{"osm_id":982208179,"name":"Unnamed building","height_m":12,"height_basis":"illustrative-default","source_id":"osm-cbd-buildings"},"geometry":{"type":"Polygon","coordinates":[[[103.8459335,1.2805124],[103.8459512,1.2804872],[103.8458272,1.2803987],[103.8460106,1.2801604],[103.846199,1.2803045],[103.8460011,1.2805674],[103.8459335,1.2805124]]]}},{"type":"Feature","id":986973995,"properties":{"osm_id":986973995,"name":"Unnamed building","height_m":3.2,"height_basis":"levels-estimate","source_id":"osm-cbd-buildings"},"geometry":{"type":"Polygon","coordinates":[[[103.8537255,1.2826051],[103.853641,1.2826095],[103.8536548,1.2828778],[103.8537393,1.2828734],[103.8537255,1.2826051]]]}},{"type":"Feature","id":986973996,"properties":{"osm_id":986973996,"name":"OUE Tower","height_m":12,"height_basis":"illustrative-default","source_id":"osm-cbd-buildings"},"geometry":{"type":"Polygon","coordinates":[[[103.853169,1.2835386],[103.8531543,1.2835641],[103.8531367,1.2835843],[103.8531157,1.2836008],[103.8530893,1.2836144],[103.8530606,1.2836221],[103.8530335,1.283624],[103.8530066,1.2836207],[103.8529791,1.2836118],[103.852954,1.2835975],[103.8529322,1.2835786],[103.8529146,1.2835556],[103.8529026,1.2835314],[103.8528954,1.2835053],[103.8528932,1.2834755],[103.8528972,1.2834458],[103.8529057,1.2834211],[103.8529184,1.2833983],[103.8529357,1.2833776],[103.8529565,1.2833605],[103.8529826,1.2833465],[103.853011,1.2833381],[103.8530376,1.2833357],[103.8530642,1.2833383],[103.8530932,1.283347],[103.8531198,1.2833617],[103.8531397,1.2833784],[103.8531564,1.2833986],[103.853171,1.283426],[103.8531795,1.2834559],[103.8531814,1.2834834],[103.8531781,1.2835108],[103.853169,1.2835386]]]}},{"type":"Feature","id":987031386,"properties":{"osm_id":987031386,"name":"Unnamed building","height_m":3.2,"height_basis":"levels-estimate","source_id":"osm-cbd-buildings"},"geometry":{"type":"Polygon","coordinates":[[[103.8533538,1.2826823],[103.8532551,1.2826876],[103.8532683,1.2829318],[103.853367,1.2829265],[103.8533538,1.2826823]]]}},{"type":"Feature","id":995608538,"properties":{"osm_id":995608538,"name":"Unnamed building","height_m":12,"height_basis":"illustrative-default","source_id":"osm-cbd-buildings"},"geometry":{"type":"Polygon","coordinates":[[[103.8510417,1.277099],[103.8509384,1.277163],[103.8508039,1.2769529],[103.8509062,1.2768874],[103.8510417,1.277099]]]}},{"type":"Feature","id":995608539,"properties":{"osm_id":995608539,"name":"Unnamed building","height_m":12,"height_basis":"illustrative-default","source_id":"osm-cbd-buildings"},"geometry":{"type":"Polygon","coordinates":[[[103.8518223,1.2775369],[103.8519314,1.2774671],[103.8517716,1.27722],[103.8516659,1.2772896],[103.8518223,1.2775369]]]}},{"type":"Feature","id":995608540,"properties":{"osm_id":995608540,"name":"Unnamed building","height_m":12,"height_basis":"illustrative-default","source_id":"osm-cbd-buildings"},"geometry":{"type":"Polygon","coordinates":[[[103.8503648,1.2774593],[103.8505144,1.2773635],[103.8505901,1.2774816],[103.8504403,1.2775774],[103.8503648,1.2774593]]]}},{"type":"Feature","id":1010902399,"properties":{"osm_id":1010902399,"name":"Unnamed building","height_m":12,"height_basis":"illustrative-default","source_id":"osm-cbd-buildings"},"geometry":{"type":"Polygon","coordinates":[[[103.8500014,1.2778549],[103.8501151,1.2777824],[103.8501313,1.2778077],[103.8503741,1.2776528],[103.8502837,1.2775112],[103.8499275,1.2777392],[103.8500014,1.2778549]]]}},{"type":"Feature","id":1035284763,"properties":{"osm_id":1035284763,"name":"Unnamed building","height_m":22.0,"height_basis":"osm-height","source_id":"osm-cbd-buildings"},"geometry":{"type":"Polygon","coordinates":[[[103.8524179,1.280136],[103.8526069,1.2802937],[103.8526413,1.2801735],[103.8523811,1.2799563],[103.8522084,1.2800731],[103.8517312,1.2803956],[103.8520706,1.2809025],[103.8520566,1.2808278],[103.8520825,1.2807209],[103.8521483,1.28059],[103.8523198,1.2804742],[103.8524179,1.280136]]]}},{"type":"Feature","id":1035318640,"properties":{"osm_id":1035318640,"name":"Unnamed building","height_m":12,"height_basis":"illustrative-default","source_id":"osm-cbd-buildings"},"geometry":{"type":"Polygon","coordinates":[[[103.8530155,1.2795742],[103.8530825,1.279678],[103.8532545,1.279567],[103.8532067,1.2794931],[103.8532191,1.2794851],[103.8531998,1.2794552],[103.8530155,1.2795742]]]}},{"type":"Feature","id":1035318641,"properties":{"osm_id":1035318641,"name":"Unnamed building","height_m":12,"height_basis":"illustrative-default","source_id":"osm-cbd-buildings"},"geometry":{"type":"Polygon","coordinates":[[[103.8528943,1.2797992],[103.8528447,1.2797224],[103.8528254,1.2797348],[103.8528066,1.2797057],[103.8526327,1.279818],[103.8526524,1.2798484],[103.8526671,1.2798389],[103.8527158,1.2799144],[103.8528943,1.2797992]]]}},{"type":"Feature","id":1035318645,"properties":{"osm_id":1035318645,"name":"Unnamed building","height_m":12,"height_basis":"illustrative-default","source_id":"osm-cbd-buildings"},"geometry":{"type":"Polygon","coordinates":[[[103.8527682,1.2793157],[103.8529848,1.2791778],[103.8529489,1.2791214],[103.8527323,1.2792594],[103.8527298,1.2792618],[103.8527682,1.2793157]]]}},{"type":"Feature","id":1039374422,"properties":{"osm_id":1039374422,"name":"Starbucks","height_m":12,"height_basis":"illustrative-default","source_id":"osm-cbd-buildings"},"geometry":{"type":"Polygon","coordinates":[[[103.8619795,1.2855721],[103.8619158,1.2855557],[103.8618737,1.2855176],[103.8618558,1.2854691],[103.861857,1.2854211],[103.8618742,1.2853646],[103.861907,1.2853265],[103.861946,1.2853598],[103.8619718,1.2853859],[103.8619514,1.2854102],[103.8619427,1.2854316],[103.8619413,1.2854602],[103.8619521,1.2854832],[103.8619818,1.2854948],[103.8619795,1.2855721]]]}},{"type":"Feature","id":1039374423,"properties":{"osm_id":1039374423,"name":"Unnamed building","height_m":12,"height_basis":"illustrative-default","source_id":"osm-cbd-buildings"},"geometry":{"type":"Polygon","coordinates":[[[103.8620092,1.2853265],[103.8620047,1.2853086],[103.8619795,1.2852062],[103.8620582,1.2851736],[103.8621159,1.2851204],[103.8622012,1.285043],[103.8623433,1.2849699],[103.8624294,1.2849495],[103.8624263,1.2849014],[103.8624326,1.2848736],[103.8624266,1.2848281],[103.8624329,1.2847734],[103.8624531,1.2847338],[103.8624707,1.2847132],[103.8625105,1.2846851],[103.8625583,1.2846676],[103.8625585,1.2847156],[103.8625501,1.2847525],[103.8625316,1.2847873],[103.8625308,1.2848302],[103.8625193,1.2848907],[103.8624924,1.2849442],[103.8625832,1.2849427],[103.8625788,1.2850625],[103.8624955,1.2850614],[103.8624323,1.2850666],[103.8622744,1.2851239],[103.8621843,1.2852158],[103.8621165,1.2852792],[103.8620092,1.2853265]]]}},{"type":"Feature","id":1052005685,"properties":{"osm_id":1052005685,"name":"Unnamed building","height_m":12,"height_basis":"illustrative-default","source_id":"osm-cbd-buildings"},"geometry":{"type":"Polygon","coordinates":[[[103.8478707,1.2923668],[103.8478313,1.292337],[103.8478297,1.2922779],[103.8478689,1.2922458],[103.847913,1.2922498],[103.8479406,1.2922762],[103.8479454,1.2923243],[103.8479209,1.2923576],[103.8478707,1.2923668]]]}},{"type":"Feature","id":1052005687,"properties":{"osm_id":1052005687,"name":"Unnamed building","height_m":12,"height_basis":"illustrative-default","source_id":"osm-cbd-buildings"},"geometry":{"type":"Polygon","coordinates":[[[103.84725,1.2924322],[103.8473339,1.2925139],[103.847413,1.2924329],[103.8473292,1.2923511],[103.84725,1.2924322]]]}},{"type":"Feature","id":1052005688,"properties":{"osm_id":1052005688,"name":"Unnamed building","height_m":12,"height_basis":"illustrative-default","source_id":"osm-cbd-buildings"},"geometry":{"type":"Polygon","coordinates":[[[103.8471225,1.2923128],[103.8469934,1.2921874],[103.8470591,1.2921198],[103.8470242,1.2920858],[103.8470458,1.2920636],[103.8470947,1.2921111],[103.8470629,1.2921439],[103.8470966,1.2921766],[103.8471265,1.2921458],[103.8471841,1.2922018],[103.8471566,1.29223],[103.8471805,1.2922532],[103.8471225,1.2923128]]]}},{"type":"Feature","id":1061063331,"properties":{"osm_id":1061063331,"name":"Visual Arts Centre","height_m":5.0,"height_basis":"osm-height","source_id":"osm-cbd-buildings"},"geometry":{"type":"Polygon","coordinates":[[[103.8458469,1.298544],[103.8458591,1.2985814],[103.8458719,1.2986208],[103.8463942,1.2984515],[103.8463776,1.2984002],[103.8463597,1.298345],[103.8458373,1.2985143],[103.8458469,1.298544]]]}},{"type":"Feature","id":1061063338,"properties":{"osm_id":1061063338,"name":"Unnamed building","height_m":12,"height_basis":"illustrative-default","source_id":"osm-cbd-buildings"},"geometry":{"type":"Polygon","coordinates":[[[103.8457014,1.29829],[103.8457403,1.2982944],[103.845758,1.2983004],[103.8457751,1.2983117],[103.845793,1.2983234],[103.8458069,1.2983374],[103.8458158,1.2983513],[103.8458209,1.2983785],[103.8458135,1.2984041],[103.8457903,1.2984378],[103.8458113,1.298458],[103.8458382,1.2984364],[103.8458499,1.2984193],[103.8458619,1.2983865],[103.8458614,1.2983507],[103.8458542,1.2983222],[103.8458359,1.2982961],[103.8458077,1.2982744],[103.8457704,1.2982595],[103.845725,1.2982535],[103.8456999,1.2982559],[103.8457014,1.29829]]]}},{"type":"Feature","id":1061063339,"properties":{"osm_id":1061063339,"name":"Unnamed building","height_m":12,"height_basis":"illustrative-default","source_id":"osm-cbd-buildings"},"geometry":{"type":"Polygon","coordinates":[[[103.8456178,1.2983482],[103.8456397,1.2983908],[103.8456157,1.2984079],[103.8456012,1.2984288],[103.845603,1.2984444],[103.8456208,1.2984644],[103.8456502,1.298479],[103.8456998,1.2984916],[103.8457301,1.2984934],[103.8457593,1.2984886],[103.8457873,1.2984785],[103.8458391,1.2984466],[103.8458842,1.2984064],[103.8460768,1.2981969],[103.8460846,1.2982081],[103.84599,1.2983139],[103.8458985,1.2984321],[103.8458573,1.2984747],[103.8457989,1.2985094],[103.8457401,1.2985277],[103.8456876,1.2985327],[103.8456422,1.2985267],[103.8456197,1.2985177],[103.8456049,1.2985118],[103.8455908,1.2985011],[103.8455766,1.2984902],[103.8455584,1.298464],[103.8455538,1.2984395],[103.8455605,1.2984005],[103.8455716,1.2983804],[103.8455899,1.2983624],[103.8456178,1.2983482]]]}},{"type":"Feature","id":1061063344,"properties":{"osm_id":1061063344,"name":"Unnamed building","height_m":12,"height_basis":"illustrative-default","source_id":"osm-cbd-buildings"},"geometry":{"type":"Polygon","coordinates":[[[103.8462347,1.2987144],[103.8462199,1.2986703],[103.8460075,1.2987411],[103.8460222,1.2987852],[103.8462134,1.2987215],[103.8462347,1.2987144]]]}},{"type":"Feature","id":1061065097,"properties":{"osm_id":1061065097,"name":"Unnamed building","height_m":12,"height_basis":"illustrative-default","source_id":"osm-cbd-buildings"},"geometry":{"type":"Polygon","coordinates":[[[103.8458591,1.2985814],[103.8458469,1.298544],[103.8456496,1.298608],[103.845536,1.2986449],[103.8455235,1.2986489],[103.845535,1.2986865],[103.8458591,1.2985814]]]}},{"type":"Feature","id":1061737632,"properties":{"osm_id":1061737632,"name":"Unnamed building","height_m":12,"height_basis":"illustrative-default","source_id":"osm-cbd-buildings"},"geometry":{"type":"Polygon","coordinates":[[[103.8467086,1.2828199],[103.8467423,1.2828766],[103.8467112,1.2830556],[103.8466918,1.2830729],[103.846328,1.2832836],[103.846099,1.282899],[103.846317,1.2827693],[103.8463867,1.2827278],[103.8464519,1.2828374],[103.8464904,1.2829021],[103.8465114,1.2829373],[103.8467086,1.2828199]]]}},{"type":"Feature","id":1066693834,"properties":{"osm_id":1066693834,"name":"Unnamed building","height_m":3.2,"height_basis":"levels-estimate","source_id":"osm-cbd-buildings"},"geometry":{"type":"Polygon","coordinates":[[[103.8478037,1.2975906],[103.8477691,1.2975498],[103.848339,1.2974091],[103.8483745,1.2974496],[103.848321,1.2974921],[103.8482806,1.2974412],[103.8480014,1.297663],[103.8479161,1.2975558],[103.8478527,1.2976063],[103.8478261,1.2975729],[103.8478037,1.2975906]]]}},{"type":"Feature","id":1066693854,"properties":{"osm_id":1066693854,"name":"Unnamed building","height_m":3.2,"height_basis":"levels-estimate","source_id":"osm-cbd-buildings"},"geometry":{"type":"Polygon","coordinates":[[[103.8469613,1.2948091],[103.8469863,1.294686],[103.846809,1.29465],[103.846784,1.2947731],[103.8469613,1.2948091]]]}},{"type":"Feature","id":1066693855,"properties":{"osm_id":1066693855,"name":"Unnamed building","height_m":3.2,"height_basis":"levels-estimate","source_id":"osm-cbd-buildings"},"geometry":{"type":"Polygon","coordinates":[[[103.8467411,1.295646],[103.8465889,1.2956153],[103.8465724,1.2956968],[103.8467246,1.2957275],[103.8467411,1.295646]]]}},{"type":"Feature","id":1066693856,"properties":{"osm_id":1066693856,"name":"Unnamed building","height_m":3.2,"height_basis":"levels-estimate","source_id":"osm-cbd-buildings"},"geometry":{"type":"Polygon","coordinates":[[[103.846546,1.2958364],[103.8467243,1.2958685],[103.846738,1.2957926],[103.8465597,1.2957604],[103.846546,1.2958364]]]}},{"type":"Feature","id":1075230984,"properties":{"osm_id":1075230984,"name":"Unnamed building","height_m":8.0,"height_basis":"osm-height","source_id":"osm-cbd-buildings"},"geometry":{"type":"Polygon","coordinates":[[[103.8517312,1.2803956],[103.8516641,1.2803364],[103.8515406,1.2801425],[103.8514974,1.2800722],[103.8514455,1.280106],[103.8514514,1.280115],[103.8514287,1.2801296],[103.8515959,1.2803928],[103.8516737,1.2804615],[103.8517312,1.2803956]]]}},{"type":"Feature","id":1075237479,"properties":{"osm_id":1075237479,"name":"Clarke Quay Central","height_m":16.0,"height_basis":"levels-estimate","source_id":"osm-cbd-buildings"},"geometry":{"type":"Polygon","coordinates":[[[103.8473989,1.289369],[103.8474222,1.2894165],[103.8474141,1.289462],[103.8473989,1.2894995],[103.8472769,1.2895831],[103.8472573,1.289548],[103.8471896,1.2895632],[103.8470793,1.2895713],[103.8469497,1.2895616],[103.8468531,1.2895375],[103.8467646,1.2895],[103.8465235,1.2893868],[103.8458339,1.2890629],[103.845858,1.2890039],[103.8458947,1.2889673],[103.8459975,1.2888695],[103.8460807,1.28891],[103.8461034,1.2888911],[103.8462364,1.2887802],[103.8462902,1.2887354],[103.846306,1.2887223],[103.8462952,1.2886741],[103.8463543,1.2886151],[103.8464435,1.2885825],[103.8464256,1.2885596],[103.8464489,1.2885389],[103.8464627,1.2885266],[103.8464965,1.2884967],[103.8465642,1.2884366],[103.8466102,1.2883958],[103.846754,1.2885646],[103.8469171,1.2887563],[103.8469281,1.2887692],[103.8468794,1.2887769],[103.8468501,1.2888021],[103.8468369,1.2888327],[103.8468394,1.2888741],[103.8468608,1.2889075],[103.8468919,1.2889255],[103.8469341,1.288927],[103.8469673,1.2889104],[103.8469897,1.2888805],[103.8469959,1.2888556],[103.8470311,1.2888977],[103.8472948,1.2892137],[103.847313,1.2892355],[103.8473726,1.2893296],[103.8473774,1.2893368],[103.8473989,1.289369]]]}},{"type":"Feature","id":1075250786,"properties":{"osm_id":1075250786,"name":"Unnamed building","height_m":96.0,"height_basis":"levels-estimate","source_id":"osm-cbd-buildings"},"geometry":{"type":"Polygon","coordinates":[[[103.8571255,1.298741],[103.8570977,1.2987033],[103.8571126,1.2986924],[103.8570926,1.2986651],[103.857101,1.2986589],[103.857084,1.2986359],[103.8571387,1.2985957],[103.8571056,1.2985507],[103.8570456,1.2985949],[103.8570511,1.2986023],[103.8570183,1.2986265],[103.8569964,1.2985968],[103.8570053,1.2985903],[103.8569537,1.2985202],[103.8570113,1.2984779],[103.856996,1.2984571],[103.8570193,1.2984399],[103.8570254,1.2984481],[103.8570488,1.2984309],[103.8570853,1.2984805],[103.8570917,1.2984758],[103.8570833,1.2984644],[103.8571068,1.298447],[103.8570975,1.2984344],[103.8571193,1.2984184],[103.8571223,1.2984224],[103.8571446,1.298406],[103.8571989,1.2984797],[103.8572381,1.2984508],[103.857221,1.2984276],[103.8572386,1.2984146],[103.857229,1.2984016],[103.8572185,1.2984093],[103.8572209,1.2984125],[103.8571973,1.2984299],[103.857193,1.2984241],[103.857185,1.29843],[103.8571569,1.2983919],[103.8571872,1.2983696],[103.8571818,1.2983623],[103.857227,1.2983291],[103.8572223,1.2983228],[103.8572464,1.2983051],[103.8572499,1.2983098],[103.8572712,1.2982942],[103.8572675,1.2982892],[103.857314,1.2982549],[103.8573401,1.2982904],[103.8573479,1.2982846],[103.8573329,1.2982643],[103.8573544,1.2982485],[103.8573613,1.2982578],[103.8573671,1.2982536],[103.8573996,1.2982978],[103.8573933,1.2983024],[103.8574095,1.2983244],[103.8573935,1.2983362],[103.8573993,1.2983441],[103.8573798,1.2983584],[103.8573744,1.2983511],[103.8573473,1.2983711],[103.8573429,1.2983651],[103.857331,1.2983738],[103.8573355,1.2983798],[103.8573255,1.2983871],[103.8573337,1.2983982],[103.8573741,1.2983685],[103.8573893,1.2983891],[103.8573771,1.298398],[103.8573861,1.2984102],[103.8573952,1.2984035],[103.8573939,1.2984017],[103.8574179,1.2983841],[103.8574216,1.2983891],[103.8574296,1.2983833],[103.8574579,1.2984217],[103.8574271,1.2984443],[103.8574333,1.2984527],[103.8573897,1.2984848],[103.8573935,1.2984901],[103.8573701,1.2985073],[103.8573587,1.2984917],[103.8573351,1.2985091],[103.8573318,1.2985046],[103.8572879,1.2985369],[103.857296,1.2985479],[103.8572735,1.2985645],[103.8572651,1.2985531],[103.8571755,1.298619],[103.8572147,1.2986722],[103.8571915,1.2986893],[103.8572037,1.2987059],[103.8571817,1.2987221],[103.8571761,1.2987146],[103.8571533,1.2987314],[103.8571481,1.2987244],[103.8571255,1.298741]]]}},{"type":"Feature","id":1075250787,"properties":{"osm_id":1075250787,"name":"Unnamed building","height_m":96.0,"height_basis":"levels-estimate","source_id":"osm-cbd-buildings"},"geometry":{"type":"Polygon","coordinates":[[[103.8565554,1.299285],[103.8565281,1.2992484],[103.8565428,1.2992374],[103.8565225,1.2992102],[103.8565326,1.2992027],[103.8565158,1.2991801],[103.8565691,1.2991403],[103.8565597,1.2991278],[103.8565501,1.2991349],[103.8565418,1.2991237],[103.8565198,1.2991401],[103.8565257,1.299148],[103.8564868,1.2991771],[103.8564638,1.2991464],[103.8564578,1.2991509],[103.8564249,1.299107],[103.8564518,1.2990869],[103.8564607,1.2990987],[103.8564686,1.2990927],[103.8564415,1.2990564],[103.8564922,1.2990185],[103.8564973,1.2990253],[103.8565192,1.299009],[103.8565409,1.2990382],[103.8565621,1.2990224],[103.8565533,1.2990105],[103.8565757,1.2989938],[103.8565841,1.299005],[103.8566296,1.2989711],[103.8566216,1.2989603],[103.856643,1.2989443],[103.8566466,1.298949],[103.8566685,1.2989327],[103.8566825,1.2989515],[103.8566896,1.2989462],[103.8566534,1.2988977],[103.8566776,1.2988797],[103.8566709,1.2988707],[103.8566934,1.298854],[103.8567086,1.2988744],[103.8567653,1.2988321],[103.8568175,1.2989019],[103.8568251,1.2988963],[103.8568474,1.2989263],[103.8568165,1.2989494],[103.8568109,1.2989419],[103.8567521,1.2989858],[103.8567602,1.2989966],[103.8567874,1.2989763],[103.8568032,1.2989975],[103.8567874,1.2990093],[103.8567962,1.2990212],[103.8568299,1.298996],[103.8568325,1.2989994],[103.8568397,1.2989941],[103.8568679,1.299032],[103.8568373,1.2990549],[103.8568423,1.2990616],[103.856799,1.2990939],[103.8568036,1.2991],[103.8567777,1.2991194],[103.8567657,1.2991034],[103.8567444,1.2991193],[103.8567413,1.2991152],[103.8566969,1.2991484],[103.8567,1.2991526],[103.8566776,1.2991693],[103.856671,1.2991605],[103.8566505,1.2991758],[103.8566445,1.2991678],[103.8566217,1.2991848],[103.8566458,1.299217],[103.8566232,1.2992339],[103.8566345,1.2992491],[103.8566114,1.2992663],[103.8566057,1.2992586],[103.8565822,1.2992761],[103.8565769,1.2992689],[103.8565554,1.299285]]]}},{"type":"Feature","id":1080516770,"properties":{"osm_id":1080516770,"name":"Singapore Chinese Cultural Centre","height_m":35.2,"height_basis":"levels-estimate","source_id":"osm-cbd-buildings"},"geometry":{"type":"Polygon","coordinates":[[[103.84949,1.2762082],[103.8498733,1.2759606],[103.8495427,1.2754492],[103.8491595,1.2756967],[103.84949,1.2762082]]]}},{"type":"Feature","id":1080928723,"properties":{"osm_id":1080928723,"name":"The Pavilion","height_m":3.2,"height_basis":"levels-estimate","source_id":"osm-cbd-buildings"},"geometry":{"type":"Polygon","coordinates":[[[103.848066,1.2835076],[103.848056,1.283492],[103.8480356,1.2835054],[103.8479974,1.2834459],[103.8480152,1.2834342],[103.8478961,1.2832487],[103.8480641,1.2831409],[103.848215,1.283376],[103.848066,1.2835076]]]}},{"type":"Feature","id":1080928724,"properties":{"osm_id":1080928724,"name":"Unnamed building","height_m":3.2,"height_basis":"levels-estimate","source_id":"osm-cbd-buildings"},"geometry":{"type":"Polygon","coordinates":[[[103.8482864,1.2840001],[103.8482488,1.2839464],[103.8481975,1.2839203],[103.8481389,1.283922],[103.8480896,1.2839592],[103.8480584,1.2840081],[103.8481083,1.2840121],[103.8481162,1.2839907],[103.8481308,1.2839733],[103.8481506,1.2839619],[103.848173,1.283958],[103.8481954,1.283962],[103.8482151,1.2839734],[103.8482297,1.2839908],[103.8482339,1.2840025],[103.8482864,1.2840001]]]}},{"type":"Feature","id":1080928725,"properties":{"osm_id":1080928725,"name":"Unnamed building","height_m":3.2,"height_basis":"levels-estimate","source_id":"osm-cbd-buildings"},"geometry":{"type":"Polygon","coordinates":[[[103.8482374,1.2840393],[103.8482388,1.2840232],[103.8482339,1.2840025],[103.8482864,1.2840001],[103.8483685,1.2839052],[103.8484057,1.2839375],[103.8483035,1.2840416],[103.8482374,1.2840393]]]}},{"type":"Feature","id":1080928726,"properties":{"osm_id":1080928726,"name":"Unnamed building","height_m":3.2,"height_basis":"levels-estimate","source_id":"osm-cbd-buildings"},"geometry":{"type":"Polygon","coordinates":[[[103.8481832,1.2842013],[103.84816,1.2841667],[103.8481578,1.2840864],[103.8481778,1.2840896],[103.8481952,1.2840852],[103.8481989,1.2841596],[103.8482129,1.284182],[103.8481832,1.2842013]]]}},{"type":"Feature","id":1080928727,"properties":{"osm_id":1080928727,"name":"Unnamed building","height_m":12,"height_basis":"illustrative-default","source_id":"osm-cbd-buildings"},"geometry":{"type":"Polygon","coordinates":[[[103.8472175,1.284518],[103.8471322,1.2843759],[103.8471006,1.2843948],[103.847186,1.284537],[103.8472175,1.284518]]]}},{"type":"Feature","id":1094096441,"properties":{"osm_id":1094096441,"name":"School of Economics & School of Computing","height_m":12,"height_basis":"illustrative-default","source_id":"osm-cbd-buildings"},"geometry":{"type":"Polygon","coordinates":[[[103.8489466,1.2977919],[103.8487487,1.2979476],[103.8486961,1.2978782],[103.8488887,1.297715],[103.8489003,1.2977319],[103.8488855,1.297754],[103.8489171,1.2977866],[103.8489329,1.2977677],[103.8489466,1.2977919]]]}},{"type":"Feature","id":1097416995,"properties":{"osm_id":1097416995,"name":"Unnamed building","height_m":12,"height_basis":"illustrative-default","source_id":"osm-cbd-buildings"},"geometry":{"type":"Polygon","coordinates":[[[103.8568061,1.2822821],[103.8567912,1.2822589],[103.8568324,1.2822324],[103.8568241,1.2822193],[103.8568236,1.2822095],[103.8568275,1.2822007],[103.8568361,1.2821925],[103.856847,1.2821883],[103.8568587,1.2821879],[103.8568684,1.2821927],[103.8568759,1.2822044],[103.8569181,1.2821772],[103.8569331,1.2822005],[103.8568061,1.2822821]]]}},{"type":"Feature","id":1101905279,"properties":{"osm_id":1101905279,"name":"Garden Pod","height_m":6.4,"height_basis":"levels-estimate","source_id":"osm-cbd-buildings"},"geometry":{"type":"Polygon","coordinates":[[[103.8616457,1.2782994],[103.8617626,1.2783255],[103.8617464,1.278398],[103.8617762,1.2784046],[103.8618019,1.2782895],[103.8618748,1.2783055],[103.8618816,1.2782742],[103.8617637,1.2782483],[103.8617824,1.2781637],[103.8617549,1.2781576],[103.861731,1.2782656],[103.8617258,1.278289],[103.8616517,1.2782725],[103.8616457,1.2782994]]]}},{"type":"Feature","id":1125793889,"properties":{"osm_id":1125793889,"name":"Unnamed building","height_m":12,"height_basis":"illustrative-default","source_id":"osm-cbd-buildings"},"geometry":{"type":"Polygon","coordinates":[[[103.8473295,1.2784126],[103.8472828,1.27836],[103.8472176,1.2783276],[103.8471969,1.2783243],[103.8471983,1.2782305],[103.8472347,1.2782378],[103.8472703,1.2782541],[103.8473115,1.2782749],[103.8473547,1.2783066],[103.8473816,1.2783431],[103.8474025,1.2783798],[103.8473295,1.2784126]]]}},{"type":"Feature","id":1135080879,"properties":{"osm_id":1135080879,"name":"Unnamed building","height_m":19.200000000000003,"height_basis":"levels-estimate","source_id":"osm-cbd-buildings"},"geometry":{"type":"Polygon","coordinates":[[[103.8557934,1.2973533],[103.8557913,1.2973548],[103.855803,1.2973705],[103.8557879,1.2973814],[103.8558045,1.2974029],[103.8558384,1.2973765],[103.8558473,1.2973889],[103.85586,1.2973797],[103.8558613,1.2973813],[103.8558646,1.2973791],[103.8558754,1.2973955],[103.8558651,1.2974019],[103.8558753,1.2974157],[103.8558533,1.2974316],[103.8558838,1.2974721],[103.8558961,1.297464],[103.8559043,1.2974761],[103.8559316,1.2974576],[103.8559359,1.2974641],[103.8559566,1.2974497],[103.8559526,1.2974437],[103.8559898,1.2974167],[103.8559932,1.2974222],[103.8560271,1.2973961],[103.8560113,1.2973762],[103.8560214,1.2973686],[103.8560328,1.2973842],[103.8560617,1.2973606],[103.8560055,1.297289],[103.8560476,1.2972554],[103.8561007,1.2973226],[103.8561279,1.2973044],[103.8561183,1.2972914],[103.8561309,1.2972823],[103.856147,1.2973035],[103.8561578,1.2972962],[103.8561634,1.2973035],[103.8561898,1.2972841],[103.8561838,1.2972756],[103.8561995,1.2972644],[103.8561893,1.2972507],[103.8562194,1.2972282],[103.8562129,1.297216],[103.8562324,1.2972025],[103.8562291,1.2971955],[103.8562259,1.2971971],[103.8562119,1.2971764],[103.8561811,1.2972005],[103.8561612,1.2971736],[103.8561416,1.2971875],[103.8561296,1.2971711],[103.8561634,1.2971454],[103.8561498,1.2971263],[103.8561419,1.2971313],[103.8561309,1.2971154],[103.8561213,1.2971219],[103.8561041,1.297102],[103.8561071,1.2970999],[103.8561029,1.2970944],[103.8560621,1.2971259],[103.8560461,1.2971052],[103.8560353,1.2971136],[103.8560298,1.2971044],[103.8559991,1.2971279],[103.8560058,1.2971369],[103.8559878,1.2971511],[103.8559812,1.2971416],[103.8559502,1.2971653],[103.8559575,1.297175],[103.8559393,1.2971893],[103.8559323,1.297179],[103.8559008,1.2972031],[103.8559098,1.2972145],[103.8559012,1.2972211],[103.8558946,1.2972107],[103.8558786,1.297223],[103.8558858,1.2972329],[103.8558678,1.2972467],[103.8558606,1.2972368],[103.8558444,1.2972493],[103.8558519,1.2972589],[103.8558406,1.2972675],[103.8558339,1.2972574],[103.8558047,1.2972799],[103.8558115,1.2972899],[103.8558002,1.2972986],[103.8558157,1.2973197],[103.855786,1.2973427],[103.8557934,1.2973533]]]}},{"type":"Feature","id":1135080880,"properties":{"osm_id":1135080880,"name":"Unnamed building","height_m":64.0,"height_basis":"levels-estimate","source_id":"osm-cbd-buildings"},"geometry":{"type":"Polygon","coordinates":[[[103.8561717,1.2975753],[103.8561958,1.297557],[103.8561995,1.2975623],[103.8562132,1.2975519],[103.8562332,1.2975787],[103.8562458,1.2975695],[103.8562538,1.2975815],[103.8562435,1.2975886],[103.8562475,1.2975941],[103.8562084,1.2976243],[103.8562386,1.297663],[103.8562425,1.2976602],[103.85626,1.2976843],[103.8563197,1.2976399],[103.8563009,1.2976164],[103.8563202,1.2976015],[103.8563324,1.2976184],[103.8563612,1.2975965],[103.8563465,1.2975789],[103.8563682,1.2975628],[103.8563799,1.2975795],[103.8564101,1.297557],[103.8563977,1.2975412],[103.856416,1.2975271],[103.8564236,1.2975378],[103.8564445,1.2975222],[103.8564367,1.2975119],[103.8564565,1.2974973],[103.8564514,1.2974904],[103.8564708,1.2974754],[103.8564534,1.2974513],[103.8564479,1.2974546],[103.8564438,1.2974479],[103.8564331,1.2974551],[103.8564287,1.2974483],[103.8564025,1.2974679],[103.8563964,1.2974578],[103.8563747,1.2974748],[103.856372,1.2974705],[103.8563685,1.2974722],[103.8563608,1.2974615],[103.856392,1.2974375],[103.8563787,1.2974193],[103.8563941,1.2974089],[103.8563882,1.2974013],[103.8563989,1.2973937],[103.8563881,1.297379],[103.8563828,1.2973825],[103.8563543,1.2973448],[103.8563334,1.2973599],[103.8563278,1.2973516],[103.8563051,1.2973686],[103.856312,1.2973783],[103.8563036,1.2973837],[103.8563081,1.2973898],[103.8563002,1.2973952],[103.8562966,1.2973904],[103.8562447,1.2974291],[103.8562474,1.2974328],[103.8562357,1.2974415],[103.8562407,1.2974486],[103.856226,1.2974594],[103.8562202,1.2974514],[103.8561885,1.2974738],[103.8561859,1.2974711],[103.8561657,1.2974864],[103.8561716,1.2974943],[103.8561527,1.2975085],[103.8561573,1.297515],[103.8561375,1.2975294],[103.8561717,1.2975753]]]}},{"type":"Feature","id":1135080881,"properties":{"osm_id":1135080881,"name":"Unnamed building","height_m":64.0,"height_basis":"levels-estimate","source_id":"osm-cbd-buildings"},"geometry":{"type":"Polygon","coordinates":[[[103.8558552,1.2978867],[103.85584,1.297898],[103.8558483,1.2979086],[103.8558366,1.297917],[103.8558298,1.2979068],[103.8558135,1.2979189],[103.8557996,1.2978997],[103.8557948,1.2979028],[103.85579,1.2978952],[103.8557859,1.2978974],[103.855779,1.2978871],[103.8557451,1.2979112],[103.8557597,1.2979299],[103.8557539,1.2979338],[103.8557695,1.2979543],[103.8557606,1.2979602],[103.855776,1.2979801],[103.8557667,1.2979864],[103.8557848,1.2980107],[103.8557889,1.298008],[103.8557948,1.2980164],[103.8557997,1.2980137],[103.8558104,1.2980278],[103.8558071,1.2980301],[103.8558126,1.298038],[103.8558085,1.2980407],[103.8558459,1.2980887],[103.8558507,1.2980858],[103.8558557,1.2980938],[103.8558603,1.2980905],[103.8558648,1.2980985],[103.8558723,1.298093],[103.8558864,1.2981123],[103.8558989,1.2981041],[103.8559122,1.298123],[103.8559178,1.2981196],[103.8559315,1.2981389],[103.8559579,1.2981196],[103.8559556,1.2981161],[103.8559622,1.2981124],[103.855955,1.2981012],[103.8559619,1.298097],[103.8559416,1.2980706],[103.8559464,1.2980677],[103.8559247,1.2980404],[103.8559301,1.2980374],[103.8559318,1.2980399],[103.8559429,1.2980318],[103.8559699,1.2980658],[103.8559879,1.298053],[103.855979,1.29804],[103.8559875,1.2980341],[103.8559922,1.2980411],[103.8559998,1.2980361],[103.8560079,1.298048],[103.8560467,1.2980193],[103.8560313,1.2980003],[103.8560384,1.2979945],[103.8560223,1.2979737],[103.8560257,1.2979712],[103.8560118,1.2979509],[103.8559854,1.2979713],[103.855971,1.2979534],[103.8559886,1.2979411],[103.8559668,1.2979116],[103.8559476,1.297925],[103.85594,1.2979154],[103.8559508,1.2979082],[103.8559451,1.2978996],[103.8559532,1.2978943],[103.8559288,1.2978607],[103.8559224,1.2978641],[103.8559091,1.2978455],[103.8558984,1.2978522],[103.8558841,1.2978334],[103.8558784,1.2978366],[103.8558651,1.2978173],[103.8558313,1.2978426],[103.8558412,1.2978556],[103.8558372,1.2978582],[103.8558433,1.2978654],[103.8558405,1.2978675],[103.8558552,1.2978867]]]}},{"type":"Feature","id":1135080882,"properties":{"osm_id":1135080882,"name":"Unnamed building","height_m":64.0,"height_basis":"levels-estimate","source_id":"osm-cbd-buildings"},"geometry":{"type":"Polygon","coordinates":[[[103.8555529,1.2977127],[103.8555794,1.2977492],[103.8555839,1.2977553],[103.8555981,1.2977463],[103.8556016,1.297752],[103.855611,1.2977463],[103.8556163,1.2977538],[103.855608,1.2977599],[103.8556219,1.297779],[103.8556483,1.297759],[103.8556563,1.2977695],[103.8556616,1.2977662],[103.8556653,1.2977718],[103.8556342,1.297795],[103.8556367,1.2977982],[103.8556272,1.2978058],[103.8556389,1.2978223],[103.8556367,1.2978243],[103.8556425,1.2978331],[103.8556563,1.2978232],[103.855679,1.2978554],[103.8556874,1.2978495],[103.8557015,1.2978692],[103.8557079,1.2978645],[103.8557216,1.2978835],[103.8557501,1.2978643],[103.8557473,1.2978592],[103.8557536,1.2978552],[103.8557467,1.2978452],[103.8557534,1.2978411],[103.8557243,1.2978027],[103.8557327,1.2977966],[103.8557152,1.297773],[103.8557343,1.297761],[103.8557401,1.2977701],[103.8557451,1.2977667],[103.8557534,1.2977784],[103.8557714,1.2977658],[103.8557792,1.2977762],[103.8557742,1.2977801],[103.8557879,1.2977988],[103.8557957,1.297794],[103.8558113,1.2978153],[103.8558482,1.2977866],[103.855833,1.2977658],[103.8558386,1.2977617],[103.8558239,1.2977419],[103.8558327,1.2977363],[103.8558165,1.2977151],[103.8558097,1.2977193],[103.8558025,1.2977079],[103.8558154,1.2976993],[103.8557952,1.2976692],[103.8558028,1.2976636],[103.855791,1.2976474],[103.8558206,1.2976248],[103.8558173,1.2976187],[103.8558406,1.2976014],[103.8557996,1.2975474],[103.8557783,1.2975629],[103.8557747,1.2975583],[103.8557363,1.2975879],[103.8557386,1.2975907],[103.8557196,1.297605],[103.8557134,1.2975969],[103.8556847,1.2976185],[103.8556992,1.2976375],[103.8556764,1.297654],[103.8556627,1.2976351],[103.8556352,1.297656],[103.8556449,1.2976691],[103.8556249,1.2976837],[103.8556074,1.2976605],[103.8555669,1.2976893],[103.8555737,1.2976975],[103.8555529,1.2977127]]]}},{"type":"Feature","id":1135080884,"properties":{"osm_id":1135080884,"name":"Milieu @ Middle Road","height_m":9.600000000000001,"height_basis":"levels-estimate","source_id":"osm-cbd-buildings"},"geometry":{"type":"Polygon","coordinates":[[[103.8554609,1.2975782],[103.8555529,1.2977127],[103.8555794,1.2977492],[103.8555839,1.2977553],[103.8556146,1.2977975],[103.8557746,1.2980176],[103.8558935,1.2981638],[103.8559282,1.2981651],[103.8564779,1.2975179],[103.8564763,1.2974775],[103.856145,1.2970389],[103.8561111,1.2970354],[103.8554659,1.297538],[103.8554609,1.2975782]]]}},{"type":"Feature","id":1149827304,"properties":{"osm_id":1149827304,"name":"The CO Building","height_m":12,"height_basis":"illustrative-default","source_id":"osm-cbd-buildings"},"geometry":{"type":"Polygon","coordinates":[[[103.849583,1.2904378],[103.8494218,1.2902406],[103.8495055,1.2901719],[103.8496661,1.2903735],[103.849583,1.2904378]]]}},{"type":"Feature","id":1182433791,"properties":{"osm_id":1182433791,"name":"Unnamed building","height_m":28.8,"height_basis":"levels-estimate","source_id":"osm-cbd-buildings"},"geometry":{"type":"Polygon","coordinates":[[[103.8467743,1.3000239],[103.8467357,1.2999743],[103.8466744,1.3000185],[103.846727,1.3000835],[103.8467153,1.3000936],[103.8466683,1.3000396],[103.8466291,1.3000758],[103.8466191,1.3000624],[103.8465986,1.3000845],[103.8466248,1.3001154],[103.8466113,1.3001281],[103.8466224,1.3001362],[103.846615,1.3001452],[103.8466398,1.300172],[103.8467009,1.3001204],[103.8467481,1.3001754],[103.8467082,1.3002076],[103.846722,1.3002257],[103.8467119,1.3002337],[103.8467215,1.3002429],[103.8467138,1.3002525],[103.8467377,1.300281],[103.846743,1.3002758],[103.8467599,1.3002967],[103.8467729,1.300286],[103.8468031,1.3003217],[103.8468375,1.3002937],[103.8468333,1.3002888],[103.8468469,1.3002761],[103.8468415,1.3002687],[103.8468491,1.3002629],[103.8468239,1.3002332],[103.8468298,1.3002287],[103.8468184,1.3002129],[103.8468266,1.3002059],[103.8468502,1.3002352],[103.8468724,1.3002203],[103.8468532,1.3001933],[103.8468782,1.3001732],[103.8468603,1.3001533],[103.8468687,1.3001467],[103.8468527,1.3001283],[103.8468591,1.3001233],[103.8468393,1.3001025],[103.8468046,1.3001321],[103.846774,1.3000939],[103.8468246,1.300052],[103.8468038,1.3000249],[103.8467978,1.3000302],[103.8467843,1.3000148],[103.8467743,1.3000239]]]}},{"type":"Feature","id":1182433792,"properties":{"osm_id":1182433792,"name":"Unnamed building","height_m":38.400000000000006,"height_basis":"levels-estimate","source_id":"osm-cbd-buildings"},"geometry":{"type":"Polygon","coordinates":[[[103.8466323,1.2996711],[103.8466107,1.2996894],[103.8466003,1.299679],[103.8465212,1.299745],[103.8465255,1.29975],[103.8464467,1.2998134],[103.8464407,1.299809],[103.8463609,1.2998727],[103.8463663,1.2998814],[103.8463047,1.299928],[103.846355,1.2999927],[103.8464258,1.2999344],[103.8464348,1.2999454],[103.8464241,1.2999562],[103.8464345,1.2999682],[103.8464107,1.2999887],[103.8464194,1.2999984],[103.8463855,1.3000262],[103.8464409,1.300084],[103.8465968,1.2999604],[103.8465456,1.2998945],[103.8465849,1.2998603],[103.8466318,1.2999163],[103.8467552,1.2998151],[103.8467347,1.2997899],[103.8467428,1.2997835],[103.8467102,1.299741],[103.8466761,1.2997681],[103.8466653,1.2997534],[103.8467106,1.2997179],[103.8466942,1.2996957],[103.8467086,1.2996857],[103.8466761,1.2996444],[103.8466368,1.2996776],[103.8466323,1.2996711]]]}},{"type":"Feature","id":1186148618,"properties":{"osm_id":1186148618,"name":"Unnamed building","height_m":12,"height_basis":"illustrative-default","source_id":"osm-cbd-buildings"},"geometry":{"type":"Polygon","coordinates":[[[103.854002,1.2895695],[103.8540325,1.2896412],[103.8540947,1.2896147],[103.8540642,1.289543],[103.854002,1.2895695]]]}},{"type":"Feature","id":1201220123,"properties":{"osm_id":1201220123,"name":"The Sail","height_m":12,"height_basis":"illustrative-default","source_id":"osm-cbd-buildings"},"geometry":{"type":"Polygon","coordinates":[[[103.8527274,1.2813605],[103.8527428,1.2813528],[103.8527397,1.281379],[103.8527274,1.2813605]]]}},{"type":"Feature","id":1206694671,"properties":{"osm_id":1206694671,"name":"Unnamed building","height_m":8.0,"height_basis":"osm-height","source_id":"osm-cbd-buildings"},"geometry":{"type":"Polygon","coordinates":[[[103.8510883,1.2795478],[103.8511601,1.2796712],[103.8512365,1.2796217],[103.8511607,1.2795013],[103.8510883,1.2795478]]]}},{"type":"Feature","id":1206694672,"properties":{"osm_id":1206694672,"name":"IOI Central Boulevard Towers","height_m":12,"height_basis":"illustrative-default","source_id":"osm-cbd-buildings"},"geometry":{"type":"Polygon","coordinates":[[[103.8508139,1.2798955],[103.8510244,1.2802193],[103.8510003,1.2802738],[103.8511161,1.2804547],[103.851228,1.280354],[103.8512569,1.2803251],[103.8512877,1.280293],[103.8514129,1.280161],[103.8514029,1.2801462],[103.8514287,1.2801296],[103.8514514,1.280115],[103.8514455,1.280106],[103.8514974,1.2800722],[103.8516573,1.2799683],[103.852261,1.2795758],[103.852248,1.2795558],[103.8520446,1.2792433],[103.852018,1.2792606],[103.8519986,1.2792732],[103.8519324,1.2791708],[103.8512365,1.2796217],[103.8511601,1.2796712],[103.8511131,1.2797017],[103.8508761,1.2798552],[103.8508139,1.2798955]]]}},{"type":"Feature","id":1223168029,"properties":{"osm_id":1223168029,"name":"Unnamed building","height_m":12,"height_basis":"illustrative-default","source_id":"osm-cbd-buildings"},"geometry":{"type":"Polygon","coordinates":[[[103.8544729,1.2864614],[103.8545082,1.286567],[103.8545399,1.2865564],[103.8545046,1.2864508],[103.8544729,1.2864614]]]}},{"type":"Feature","id":1228813829,"properties":{"osm_id":1228813829,"name":"Unnamed building","height_m":12,"height_basis":"illustrative-default","source_id":"osm-cbd-buildings"},"geometry":{"type":"Polygon","coordinates":[[[103.8542779,1.2944091],[103.854242,1.2944369],[103.8542482,1.2944452],[103.8542611,1.2944618],[103.8543337,1.2945553],[103.8543684,1.2945285],[103.8542779,1.2944091]]]}},{"type":"Feature","id":1228813830,"properties":{"osm_id":1228813830,"name":"Unnamed building","height_m":12,"height_basis":"illustrative-default","source_id":"osm-cbd-buildings"},"geometry":{"type":"Polygon","coordinates":[[[103.8542652,1.2943923],[103.8540982,1.2945103],[103.8541171,1.2945361],[103.8542482,1.2944452],[103.854242,1.2944369],[103.8542779,1.2944091],[103.8542652,1.2943923]]]}},{"type":"Feature","id":1229470019,"properties":{"osm_id":1229470019,"name":"IR2","height_m":12,"height_basis":"illustrative-default","source_id":"osm-cbd-buildings"},"geometry":{"type":"Polygon","coordinates":[[[103.8583517,1.2801104],[103.8586486,1.2799119],[103.8592009,1.2795857],[103.8603922,1.2815765],[103.8603238,1.2816615],[103.859466,1.2821837],[103.8590673,1.2815488],[103.8591247,1.2815162],[103.858748,1.280911],[103.8586582,1.2809517],[103.8581827,1.2802207],[103.8583517,1.2801104]]]}},{"type":"Feature","id":1243713719,"properties":{"osm_id":1243713719,"name":"Old Married Soldiers Quarters","height_m":12,"height_basis":"illustrative-default","source_id":"osm-cbd-buildings"},"geometry":{"type":"Polygon","coordinates":[[[103.8460005,1.294711],[103.8460595,1.2947192],[103.8460547,1.2947538],[103.8459957,1.2947456],[103.8460005,1.294711]]]}},{"type":"Feature","id":1276265205,"properties":{"osm_id":1276265205,"name":"Unnamed building","height_m":12,"height_basis":"illustrative-default","source_id":"osm-cbd-buildings"},"geometry":{"type":"Polygon","coordinates":[[[103.8466508,1.2874585],[103.8466921,1.2873929],[103.8466729,1.2873547],[103.8466333,1.287427],[103.8466508,1.2874585]]]}},{"type":"Feature","id":1276265206,"properties":{"osm_id":1276265206,"name":"Unnamed building","height_m":32.0,"height_basis":"levels-estimate","source_id":"osm-cbd-buildings"},"geometry":{"type":"Polygon","coordinates":[[[103.8466921,1.2873929],[103.8467053,1.2874151],[103.8467476,1.287424],[103.8468088,1.2873874],[103.8466818,1.2871595],[103.8466346,1.2871833],[103.8465874,1.2872071],[103.8466729,1.2873547],[103.8466921,1.2873929]]]}},{"type":"Feature","id":1289069863,"properties":{"osm_id":1289069863,"name":"Unnamed building","height_m":12,"height_basis":"illustrative-default","source_id":"osm-cbd-buildings"},"geometry":{"type":"Polygon","coordinates":[[[103.8509329,1.2978496],[103.8507193,1.2976],[103.850817,1.2975164],[103.8510307,1.2977659],[103.8509329,1.2978496]]]}},{"type":"Feature","id":1358968450,"properties":{"osm_id":1358968450,"name":"Unnamed building","height_m":12,"height_basis":"illustrative-default","source_id":"osm-cbd-buildings"},"geometry":{"type":"Polygon","coordinates":[[[103.8476296,1.2782653],[103.8478211,1.2781738],[103.8477505,1.2780049],[103.8475711,1.2781132],[103.8475615,1.2781251],[103.8476296,1.2782653]]]}},{"type":"Feature","id":1359074611,"properties":{"osm_id":1359074611,"name":"Dhoby Ghaut MRT Station","height_m":12,"height_basis":"illustrative-default","source_id":"osm-cbd-buildings"},"geometry":{"type":"Polygon","coordinates":[[[103.8459063,1.3007704],[103.8457426,1.3009876],[103.8457011,1.3009111],[103.8455549,1.3006416],[103.8452766,1.3000991],[103.845107,1.3001911],[103.845056,1.3000866],[103.8450104,1.2999713],[103.8449675,1.2998801],[103.8449997,1.2998506],[103.8449362,1.2996517],[103.8447947,1.2996942],[103.8447464,1.2995337],[103.8448899,1.2994906],[103.8448674,1.2994157],[103.8449246,1.2993961],[103.844887,1.2992848],[103.8453362,1.2991266],[103.8452371,1.2988028],[103.8455254,1.2987163],[103.8455361,1.2986573],[103.8460273,1.298513],[103.8459563,1.2982713],[103.8462154,1.2981952],[103.8462423,1.2982864],[103.8461106,1.2983251],[103.8461599,1.2984927],[103.8467097,1.298331],[103.8467255,1.2983844],[103.8471273,1.2982661],[103.8472059,1.2985327],[103.8465527,1.2987297],[103.8465656,1.2987719],[103.846595,1.2988676],[103.8466117,1.2989214],[103.8466117,1.2989221],[103.8459101,1.2991493],[103.8457346,1.2995744],[103.8457725,1.2997004],[103.8457325,1.2997125],[103.8456682,1.2997319],[103.8454641,1.2997931],[103.8457561,1.3004593],[103.8459063,1.3007704]]]}},{"type":"Feature","id":1377221328,"properties":{"osm_id":1377221328,"name":"Unnamed building","height_m":12,"height_basis":"illustrative-default","source_id":"osm-cbd-buildings"},"geometry":{"type":"Polygon","coordinates":[[[103.8630463,1.2760531],[103.8629558,1.2761118],[103.8629531,1.2761077],[103.8627827,1.2762181],[103.8627799,1.2762137],[103.8627498,1.2762332],[103.8627453,1.2762262],[103.8627346,1.2762331],[103.8627047,1.276187],[103.8627256,1.2761735],[103.8627154,1.2761578],[103.8626761,1.2761833],[103.8627296,1.2762657],[103.86275,1.2762524],[103.8627737,1.2762889],[103.8626592,1.2763631],[103.8624828,1.2760912],[103.8625465,1.2760499],[103.862557,1.2760661],[103.8625605,1.2760639],[103.8625725,1.2760825],[103.862577,1.2760796],[103.8625815,1.2760866],[103.8625859,1.2760837],[103.8626108,1.2761221],[103.8626289,1.2761104],[103.8626217,1.2760994],[103.8626307,1.2760935],[103.8626275,1.2760884],[103.8626408,1.2760798],[103.8626383,1.276076],[103.8626583,1.2760631],[103.8626543,1.2760569],[103.8626628,1.2760514],[103.8626598,1.2760468],[103.862929,1.2758723],[103.8629356,1.2758737],[103.862975,1.2759345],[103.8629618,1.2759431],[103.8629669,1.275951],[103.8629516,1.2759609],[103.8629556,1.2759671],[103.8629073,1.2759984],[103.8629014,1.2760022],[103.8629174,1.2760268],[103.8629651,1.2759959],[103.862973,1.276008],[103.8629948,1.2759939],[103.8630003,1.2760024],[103.8630095,1.2759964],[103.8630463,1.2760531]]]}},{"type":"Feature","id":1377221330,"properties":{"osm_id":1377221330,"name":"Unnamed building","height_m":3.2,"height_basis":"levels-estimate","source_id":"osm-cbd-buildings"},"geometry":{"type":"Polygon","coordinates":[[[103.8627737,1.2762889],[103.8626592,1.2763631],[103.8624828,1.2760912],[103.8625465,1.2760499],[103.8625973,1.276017],[103.8625153,1.2758905],[103.8624096,1.2759591],[103.8622851,1.2757672],[103.8626359,1.2755397],[103.8628017,1.2754322],[103.8628686,1.2753889],[103.8631925,1.2751788],[103.8632508,1.2751913],[103.8633442,1.2753352],[103.8636175,1.2757564],[103.8635241,1.275817],[103.8634982,1.2757771],[103.8631427,1.2760076],[103.863135,1.2759956],[103.8630463,1.2760531],[103.8629558,1.2761118],[103.8629531,1.2761077],[103.8627827,1.2762181],[103.8627799,1.2762137],[103.8627498,1.2762332],[103.8627453,1.2762262],[103.8627346,1.2762331],[103.8627047,1.276187],[103.8627256,1.2761735],[103.8627154,1.2761578],[103.8626761,1.2761833],[103.8627296,1.2762657],[103.86275,1.2762524],[103.8627737,1.2762889]]]}},{"type":"Feature","id":1419179267,"properties":{"osm_id":1419179267,"name":"Shaw Towers","height_m":12,"height_basis":"illustrative-default","source_id":"osm-cbd-buildings"},"geometry":{"type":"Polygon","coordinates":[[[103.8565993,1.2965619],[103.8566616,1.2966359],[103.8567132,1.2966971],[103.8568171,1.2968205],[103.8567918,1.2968419],[103.856983,1.2970684],[103.8569906,1.2970738],[103.8569961,1.2970764],[103.8570032,1.2970785],[103.8570097,1.2970791],[103.8570165,1.2970789],[103.8570247,1.297077],[103.8570334,1.2970726],[103.8570584,1.2970515],[103.8571913,1.2969396],[103.8572184,1.2969162],[103.8572472,1.2968915],[103.8572527,1.2968824],[103.857256,1.2968754],[103.8572574,1.2968674],[103.8572571,1.2968587],[103.8572553,1.2968521],[103.8572513,1.296842],[103.8571938,1.2967736],[103.8568196,1.2963296],[103.8568076,1.2963153],[103.8569199,1.2962341],[103.8570237,1.2961591],[103.8571228,1.2960875],[103.8572453,1.2959989],[103.8572598,1.2959885],[103.8572449,1.2959679],[103.8572518,1.2959629],[103.8572588,1.2959579],[103.8572056,1.2958897],[103.8572026,1.295892],[103.85706,1.2960005],[103.8569866,1.2960564],[103.8569626,1.2960746],[103.8568607,1.2961522],[103.856772,1.2962197],[103.8567775,1.2962269],[103.8567343,1.2962597],[103.8565699,1.2963848],[103.8565537,1.2964054],[103.8565464,1.296429],[103.8565443,1.2964783],[103.8565529,1.2965068],[103.8565993,1.2965619]]]}},{"type":"Feature","id":1431662719,"properties":{"osm_id":1431662719,"name":"Unnamed building","height_m":12,"height_basis":"illustrative-default","source_id":"osm-cbd-buildings"},"geometry":{"type":"Polygon","coordinates":[[[103.8498523,1.2768877],[103.8498093,1.2768203],[103.8498598,1.2767881],[103.8499028,1.2768554],[103.8499831,1.2768042],[103.8498929,1.276663],[103.8498207,1.2765499],[103.8497082,1.2766217],[103.8496706,1.2765629],[103.8497875,1.2764883],[103.8498295,1.2765541],[103.8499612,1.27647],[103.849894,1.2763648],[103.8499607,1.2763223],[103.8500002,1.2763842],[103.8500279,1.2764275],[103.8500209,1.2764319],[103.850038,1.2764588],[103.850045,1.2764544],[103.8500738,1.2764994],[103.8500668,1.2765039],[103.8500824,1.2765283],[103.8500894,1.2765238],[103.8500956,1.2765336],[103.8501807,1.2766667],[103.8502788,1.2766041],[103.8502691,1.276589],[103.8503259,1.2765528],[103.8500754,1.2761606],[103.8500116,1.2761465],[103.8495805,1.2764217],[103.8494828,1.2764841],[103.8497299,1.276871],[103.8497259,1.2768736],[103.8497689,1.2769409],[103.8498523,1.2768877]]]}},{"type":"Feature","id":1431662720,"properties":{"osm_id":1431662720,"name":"W Singapore - Marina View","height_m":12,"height_basis":"illustrative-default","source_id":"osm-cbd-buildings"},"geometry":{"type":"Polygon","coordinates":[[[103.8496204,1.2771874],[103.8504095,1.2766837],[103.8503259,1.2765528],[103.8500754,1.2761606],[103.8500116,1.2761465],[103.8495805,1.2764217],[103.8494828,1.2764841],[103.8493075,1.276596],[103.8492908,1.2766714],[103.8496204,1.2771874]]]}},{"type":"Feature","id":1450959868,"properties":{"osm_id":1450959868,"name":"Unnamed building","height_m":12,"height_basis":"illustrative-default","source_id":"osm-cbd-buildings"},"geometry":{"type":"Polygon","coordinates":[[[103.8491155,1.2926296],[103.8491354,1.2926691],[103.8489212,1.2927773],[103.8489012,1.2927378],[103.8491155,1.2926296]]]}},{"type":"Feature","id":1455780795,"properties":{"osm_id":1455780795,"name":"Skywater Residences","height_m":12,"height_basis":"illustrative-default","source_id":"osm-cbd-buildings"},"geometry":{"type":"Polygon","coordinates":[[[103.8473357,1.2763947],[103.847289,1.2763962],[103.8472554,1.2763845],[103.8472276,1.276364],[103.8466739,1.2757301],[103.846671,1.2756995],[103.8466798,1.2756761],[103.847205,1.2752635],[103.8472342,1.2752595],[103.8472656,1.2752624],[103.8472875,1.275273],[103.8478251,1.2759171],[103.8478346,1.2759573],[103.8478295,1.275996],[103.8478127,1.2760201],[103.8473357,1.2763947]]]}},{"type":"Feature","id":1467038016,"properties":{"osm_id":1467038016,"name":"IMBA Theatre","height_m":12,"height_basis":"illustrative-default","source_id":"osm-cbd-buildings"},"geometry":{"type":"Polygon","coordinates":[[[103.8618042,1.2836964],[103.861603,1.2829559],[103.8621452,1.2828135],[103.8621994,1.2829988],[103.8620879,1.2830354],[103.8620957,1.2830727],[103.8621141,1.2831481],[103.8620462,1.2831681],[103.8620548,1.2832033],[103.862167,1.2831701],[103.8621988,1.2832842],[103.862048,1.2833249],[103.8621199,1.2836118],[103.8618042,1.2836964]]]}},{"type":"Feature","id":1492514975,"properties":{"osm_id":1492514975,"name":"NS Square","height_m":12,"height_basis":"illustrative-default","source_id":"osm-cbd-buildings"},"geometry":{"type":"Polygon","coordinates":[[[103.85785,1.2893624],[103.8576878,1.2892176],[103.857895,1.2890566],[103.8579263,1.2890498],[103.8579406,1.2888135],[103.8579494,1.2887631],[103.8579787,1.2887438],[103.8588177,1.2887598],[103.8596698,1.2884046],[103.8597788,1.2879482],[103.8598318,1.2877557],[103.8598423,1.2877576],[103.85986,1.2876949],[103.8601298,1.2877128],[103.8601287,1.2877207],[103.8601407,1.2877244],[103.8601418,1.2877162],[103.8601556,1.287718],[103.8601411,1.2877666],[103.8601489,1.2877688],[103.8601269,1.2878391],[103.8601343,1.2878387],[103.8600024,1.2882882],[103.8601831,1.2885772],[103.8600409,1.2886676],[103.8599416,1.2885071],[103.8598958,1.2886834],[103.8600024,1.2888698],[103.8601355,1.2889688],[103.8601412,1.288973],[103.8600956,1.2890301],[103.8601421,1.28912],[103.8601166,1.289163],[103.8601967,1.2892951],[103.8599302,1.2894821],[103.859361,1.2895163],[103.8593318,1.2895491],[103.8590984,1.289572],[103.8590631,1.2896144],[103.8589438,1.2896212],[103.858891,1.2895749],[103.8588353,1.2895732],[103.858807,1.2895469],[103.8578071,1.2896041],[103.8578041,1.2895646],[103.857756,1.2895447],[103.85785,1.2893624]]]}},{"type":"Feature","id":1511182439,"properties":{"osm_id":1511182439,"name":"Unnamed building","height_m":12,"height_basis":"illustrative-default","source_id":"osm-cbd-buildings"},"geometry":{"type":"Polygon","coordinates":[[[103.8520261,1.2853462],[103.8520171,1.2852937],[103.8518754,1.2852285],[103.8518383,1.285259],[103.8520261,1.2853462]]]}},{"type":"Feature","id":1522748324,"properties":{"osm_id":1522748324,"name":"Unnamed building","height_m":12,"height_basis":"illustrative-default","source_id":"osm-cbd-buildings"},"geometry":{"type":"Polygon","coordinates":[[[103.8516617,1.2765768],[103.8516154,1.2764948],[103.8516707,1.2764636],[103.8517169,1.2765456],[103.8516617,1.2765768]]]}},{"type":"Feature","id":1524329945,"properties":{"osm_id":1524329945,"name":"Unnamed building","height_m":12,"height_basis":"illustrative-default","source_id":"osm-cbd-buildings"},"geometry":{"type":"Polygon","coordinates":[[[103.8634252,1.2826847],[103.8633867,1.2826278],[103.8633951,1.2825869],[103.8634371,1.2825453],[103.8634541,1.2825434],[103.8634636,1.2825517],[103.8635035,1.2826059],[103.8635035,1.2826251],[103.8634939,1.2826438],[103.8634613,1.282686],[103.8634433,1.2826932],[103.8634252,1.2826847]]]}},{"type":"Feature","id":1537893682,"properties":{"osm_id":1537893682,"name":"Unnamed building","height_m":12,"height_basis":"illustrative-default","source_id":"osm-cbd-buildings"},"geometry":{"type":"Polygon","coordinates":[[[103.8541879,1.277194],[103.8541927,1.2771578],[103.854229,1.2771626],[103.8542242,1.2771987],[103.8541879,1.277194]]]}},{"type":"Feature","id":1537893683,"properties":{"osm_id":1537893683,"name":"Unnamed building","height_m":12,"height_basis":"illustrative-default","source_id":"osm-cbd-buildings"},"geometry":{"type":"Polygon","coordinates":[[[103.8542281,1.27693],[103.8542321,1.2768937],[103.8542685,1.2768977],[103.8542645,1.276934],[103.8542281,1.27693]]]}},{"type":"Feature","id":1537893684,"properties":{"osm_id":1537893684,"name":"Unnamed building","height_m":12,"height_basis":"illustrative-default","source_id":"osm-cbd-buildings"},"geometry":{"type":"Polygon","coordinates":[[[103.8543824,1.2760128],[103.8543901,1.2759713],[103.8544221,1.2759772],[103.8544144,1.2760187],[103.8543824,1.2760128]]]}},{"type":"Feature","id":1547718964,"properties":{"osm_id":1547718964,"name":"lyf Chinatown Singapore","height_m":12,"height_basis":"illustrative-default","source_id":"osm-cbd-buildings"},"geometry":{"type":"Polygon","coordinates":[[[103.8448761,1.2836766],[103.8447756,1.2834954],[103.8449886,1.2833774],[103.845089,1.2835587],[103.8448761,1.2836766]]]}},{"type":"Feature","id":1551538490,"properties":{"osm_id":1551538490,"name":"Temasek Shophouse","height_m":40.0,"height_basis":"osm-height","source_id":"osm-cbd-buildings"},"geometry":{"type":"Polygon","coordinates":[[[103.8463762,1.2992871],[103.8464673,1.2992553],[103.8464383,1.2991681],[103.8465142,1.2991428],[103.8465701,1.2991243],[103.8466004,1.2992153],[103.8467324,1.2991701],[103.8466489,1.2989138],[103.8466251,1.2989186],[103.8465565,1.2989414],[103.8462906,1.2990274],[103.8463762,1.2992871]]]}},{"type":"Feature","id":1554802889,"properties":{"osm_id":1554802889,"name":"Unnamed building","height_m":12,"height_basis":"illustrative-default","source_id":"osm-cbd-buildings"},"geometry":{"type":"Polygon","coordinates":[[[103.8519405,1.2979216],[103.8519485,1.2978964],[103.8519277,1.2978728],[103.8519028,1.2978765],[103.8519405,1.2979216]]]}}]}
